study_accession	sample_accession	run_accession	library_name	nominal_length	library_layout	library_selection	fastq_ftp	fastq_aspera	sample_alias	sample_title
PRJNA268086	SAMN03202807	SRR1658110			PAIRED	ChIP	ftp.sra.ebi.ac.uk/vol1/fastq/SRR165/000/SRR1658110/SRR1658110_1.fastq.gz;ftp.sra.ebi.ac.uk/vol1/fastq/SRR165/000/SRR1658110/SRR1658110_2.fastq.gz	fasp.sra.ebi.ac.uk:/vol1/fastq/SRR165/000/SRR1658110/SRR1658110_1.fastq.gz;fasp.sra.ebi.ac.uk:/vol1/fastq/SRR165/000/SRR1658110/SRR1658110_2.fastq.gz	GSM1550791	GM19206_H3K27AC
PRJNA268086	SAMN03202722	SRR1658111			PAIRED	ChIP	ftp.sra.ebi.ac.uk/vol1/fastq/SRR165/001/SRR1658111/SRR1658111_1.fastq.gz;ftp.sra.ebi.ac.uk/vol1/fastq/SRR165/001/SRR1658111/SRR1658111_2.fastq.gz	fasp.sra.ebi.ac.uk:/vol1/fastq/SRR165/001/SRR1658111/SRR1658111_1.fastq.gz;fasp.sra.ebi.ac.uk:/vol1/fastq/SRR165/001/SRR1658111/SRR1658111_2.fastq.gz	GSM1550792	GM19140_H3K27AC
PRJNA268086	SAMN03202731	SRR1658112			PAIRED	ChIP	ftp.sra.ebi.ac.uk/vol1/fastq/SRR165/002/SRR1658112/SRR1658112_1.fastq.gz;ftp.sra.ebi.ac.uk/vol1/fastq/SRR165/002/SRR1658112/SRR1658112_2.fastq.gz	fasp.sra.ebi.ac.uk:/vol1/fastq/SRR165/002/SRR1658112/SRR1658112_1.fastq.gz;fasp.sra.ebi.ac.uk:/vol1/fastq/SRR165/002/SRR1658112/SRR1658112_2.fastq.gz	GSM1550793	GM19092_H3K4ME3
PRJNA268086	SAMN03202714	SRR1658113			PAIRED	ChIP	ftp.sra.ebi.ac.uk/vol1/fastq/SRR165/003/SRR1658113/SRR1658113_1.fastq.gz;ftp.sra.ebi.ac.uk/vol1/fastq/SRR165/003/SRR1658113/SRR1658113_2.fastq.gz	fasp.sra.ebi.ac.uk:/vol1/fastq/SRR165/003/SRR1658113/SRR1658113_1.fastq.gz;fasp.sra.ebi.ac.uk:/vol1/fastq/SRR165/003/SRR1658113/SRR1658113_2.fastq.gz	GSM1550794	GM19128_H3K4ME3
PRJNA268086	SAMN03202827	SRR1658114			PAIRED	ChIP	ftp.sra.ebi.ac.uk/vol1/fastq/SRR165/004/SRR1658114/SRR1658114_1.fastq.gz;ftp.sra.ebi.ac.uk/vol1/fastq/SRR165/004/SRR1658114/SRR1658114_2.fastq.gz	fasp.sra.ebi.ac.uk:/vol1/fastq/SRR165/004/SRR1658114/SRR1658114_1.fastq.gz;fasp.sra.ebi.ac.uk:/vol1/fastq/SRR165/004/SRR1658114/SRR1658114_2.fastq.gz	GSM1550795	GM19101_H3K27AC
PRJNA268086	SAMN03202700	SRR1658115			PAIRED	ChIP	ftp.sra.ebi.ac.uk/vol1/fastq/SRR165/005/SRR1658115/SRR1658115_1.fastq.gz;ftp.sra.ebi.ac.uk/vol1/fastq/SRR165/005/SRR1658115/SRR1658115_2.fastq.gz	fasp.sra.ebi.ac.uk:/vol1/fastq/SRR165/005/SRR1658115/SRR1658115_1.fastq.gz;fasp.sra.ebi.ac.uk:/vol1/fastq/SRR165/005/SRR1658115/SRR1658115_2.fastq.gz	GSM1550796	GM19140_H3K4ME1
PRJNA268086	SAMN03202738	SRR1658116			PAIRED	ChIP	ftp.sra.ebi.ac.uk/vol1/fastq/SRR165/006/SRR1658116/SRR1658116_1.fastq.gz;ftp.sra.ebi.ac.uk/vol1/fastq/SRR165/006/SRR1658116/SRR1658116_2.fastq.gz	fasp.sra.ebi.ac.uk:/vol1/fastq/SRR165/006/SRR1658116/SRR1658116_1.fastq.gz;fasp.sra.ebi.ac.uk:/vol1/fastq/SRR165/006/SRR1658116/SRR1658116_2.fastq.gz	GSM1550797	GM19092_H3K4ME1
PRJNA268086	SAMN03202816	SRR1658117			PAIRED	ChIP	ftp.sra.ebi.ac.uk/vol1/fastq/SRR165/007/SRR1658117/SRR1658117_1.fastq.gz;ftp.sra.ebi.ac.uk/vol1/fastq/SRR165/007/SRR1658117/SRR1658117_2.fastq.gz	fasp.sra.ebi.ac.uk:/vol1/fastq/SRR165/007/SRR1658117/SRR1658117_1.fastq.gz;fasp.sra.ebi.ac.uk:/vol1/fastq/SRR165/007/SRR1658117/SRR1658117_2.fastq.gz	GSM1550798	GM19140_H3K4ME3
PRJNA268086	SAMN03202765	SRR1658118			PAIRED	ChIP	ftp.sra.ebi.ac.uk/vol1/fastq/SRR165/008/SRR1658118/SRR1658118_1.fastq.gz;ftp.sra.ebi.ac.uk/vol1/fastq/SRR165/008/SRR1658118/SRR1658118_2.fastq.gz	fasp.sra.ebi.ac.uk:/vol1/fastq/SRR165/008/SRR1658118/SRR1658118_1.fastq.gz;fasp.sra.ebi.ac.uk:/vol1/fastq/SRR165/008/SRR1658118/SRR1658118_2.fastq.gz	GSM1550799	GM19128_H3K4ME1
PRJNA268086	SAMN03202825	SRR1658119			PAIRED	ChIP	ftp.sra.ebi.ac.uk/vol1/fastq/SRR165/009/SRR1658119/SRR1658119_1.fastq.gz;ftp.sra.ebi.ac.uk/vol1/fastq/SRR165/009/SRR1658119/SRR1658119_2.fastq.gz	fasp.sra.ebi.ac.uk:/vol1/fastq/SRR165/009/SRR1658119/SRR1658119_1.fastq.gz;fasp.sra.ebi.ac.uk:/vol1/fastq/SRR165/009/SRR1658119/SRR1658119_2.fastq.gz	GSM1550800	GM18913_H3K4ME3
PRJNA268086	SAMN03202725	SRR1658120			PAIRED	ChIP	ftp.sra.ebi.ac.uk/vol1/fastq/SRR165/000/SRR1658120/SRR1658120_1.fastq.gz;ftp.sra.ebi.ac.uk/vol1/fastq/SRR165/000/SRR1658120/SRR1658120_2.fastq.gz	fasp.sra.ebi.ac.uk:/vol1/fastq/SRR165/000/SRR1658120/SRR1658120_1.fastq.gz;fasp.sra.ebi.ac.uk:/vol1/fastq/SRR165/000/SRR1658120/SRR1658120_2.fastq.gz	GSM1550801	GM18859_H3K4ME1
PRJNA268086	SAMN03202835	SRR1658121			PAIRED	ChIP	ftp.sra.ebi.ac.uk/vol1/fastq/SRR165/001/SRR1658121/SRR1658121_1.fastq.gz;ftp.sra.ebi.ac.uk/vol1/fastq/SRR165/001/SRR1658121/SRR1658121_2.fastq.gz	fasp.sra.ebi.ac.uk:/vol1/fastq/SRR165/001/SRR1658121/SRR1658121_1.fastq.gz;fasp.sra.ebi.ac.uk:/vol1/fastq/SRR165/001/SRR1658121/SRR1658121_2.fastq.gz	GSM1550802	GM18859_H3K4ME3
PRJNA268086	SAMN03202836	SRR1658122			PAIRED	ChIP	ftp.sra.ebi.ac.uk/vol1/fastq/SRR165/002/SRR1658122/SRR1658122_1.fastq.gz;ftp.sra.ebi.ac.uk/vol1/fastq/SRR165/002/SRR1658122/SRR1658122_2.fastq.gz	fasp.sra.ebi.ac.uk:/vol1/fastq/SRR165/002/SRR1658122/SRR1658122_1.fastq.gz;fasp.sra.ebi.ac.uk:/vol1/fastq/SRR165/002/SRR1658122/SRR1658122_2.fastq.gz	GSM1550803	GM18852_H3K27AC
PRJNA268086	SAMN03202682	SRR1658123			PAIRED	ChIP	ftp.sra.ebi.ac.uk/vol1/fastq/SRR165/003/SRR1658123/SRR1658123_1.fastq.gz;ftp.sra.ebi.ac.uk/vol1/fastq/SRR165/003/SRR1658123/SRR1658123_2.fastq.gz	fasp.sra.ebi.ac.uk:/vol1/fastq/SRR165/003/SRR1658123/SRR1658123_1.fastq.gz;fasp.sra.ebi.ac.uk:/vol1/fastq/SRR165/003/SRR1658123/SRR1658123_2.fastq.gz	GSM1550804	GM19127_H3K4ME3
PRJNA268086	SAMN03202754	SRR1658124			PAIRED	ChIP	ftp.sra.ebi.ac.uk/vol1/fastq/SRR165/004/SRR1658124/SRR1658124_1.fastq.gz;ftp.sra.ebi.ac.uk/vol1/fastq/SRR165/004/SRR1658124/SRR1658124_2.fastq.gz	fasp.sra.ebi.ac.uk:/vol1/fastq/SRR165/004/SRR1658124/SRR1658124_1.fastq.gz;fasp.sra.ebi.ac.uk:/vol1/fastq/SRR165/004/SRR1658124/SRR1658124_2.fastq.gz	GSM1550805	GM19101_H3K4ME3
PRJNA268086	SAMN03202771	SRR1658125			PAIRED	ChIP	ftp.sra.ebi.ac.uk/vol1/fastq/SRR165/005/SRR1658125/SRR1658125_1.fastq.gz;ftp.sra.ebi.ac.uk/vol1/fastq/SRR165/005/SRR1658125/SRR1658125_2.fastq.gz	fasp.sra.ebi.ac.uk:/vol1/fastq/SRR165/005/SRR1658125/SRR1658125_1.fastq.gz;fasp.sra.ebi.ac.uk:/vol1/fastq/SRR165/005/SRR1658125/SRR1658125_2.fastq.gz	GSM1550806	GM19101_H3K4ME1
PRJNA268086	SAMN03202676	SRR1658126			PAIRED	ChIP	ftp.sra.ebi.ac.uk/vol1/fastq/SRR165/006/SRR1658126/SRR1658126_1.fastq.gz;ftp.sra.ebi.ac.uk/vol1/fastq/SRR165/006/SRR1658126/SRR1658126_2.fastq.gz	fasp.sra.ebi.ac.uk:/vol1/fastq/SRR165/006/SRR1658126/SRR1658126_1.fastq.gz;fasp.sra.ebi.ac.uk:/vol1/fastq/SRR165/006/SRR1658126/SRR1658126_2.fastq.gz	GSM1550807	GM18859_H3K27AC
PRJNA268086	SAMN03202799	SRR1658127			PAIRED	ChIP	ftp.sra.ebi.ac.uk/vol1/fastq/SRR165/007/SRR1658127/SRR1658127_1.fastq.gz;ftp.sra.ebi.ac.uk/vol1/fastq/SRR165/007/SRR1658127/SRR1658127_2.fastq.gz	fasp.sra.ebi.ac.uk:/vol1/fastq/SRR165/007/SRR1658127/SRR1658127_1.fastq.gz;fasp.sra.ebi.ac.uk:/vol1/fastq/SRR165/007/SRR1658127/SRR1658127_2.fastq.gz	GSM1550808	GM19092_H3K27AC
PRJNA268086	SAMN03202728	SRR1658128			PAIRED	ChIP	ftp.sra.ebi.ac.uk/vol1/fastq/SRR165/008/SRR1658128/SRR1658128_1.fastq.gz;ftp.sra.ebi.ac.uk/vol1/fastq/SRR165/008/SRR1658128/SRR1658128_2.fastq.gz	fasp.sra.ebi.ac.uk:/vol1/fastq/SRR165/008/SRR1658128/SRR1658128_1.fastq.gz;fasp.sra.ebi.ac.uk:/vol1/fastq/SRR165/008/SRR1658128/SRR1658128_2.fastq.gz	GSM1550809	GM19128_H3K27AC
PRJNA268086	SAMN03202793	SRR1658129			PAIRED	ChIP	ftp.sra.ebi.ac.uk/vol1/fastq/SRR165/009/SRR1658129/SRR1658129_1.fastq.gz;ftp.sra.ebi.ac.uk/vol1/fastq/SRR165/009/SRR1658129/SRR1658129_2.fastq.gz	fasp.sra.ebi.ac.uk:/vol1/fastq/SRR165/009/SRR1658129/SRR1658129_1.fastq.gz;fasp.sra.ebi.ac.uk:/vol1/fastq/SRR165/009/SRR1658129/SRR1658129_2.fastq.gz	GSM1550810	GM18913_H3K4ME1
PRJNA268086	SAMN03202772	SRR1658130			PAIRED	ChIP	ftp.sra.ebi.ac.uk/vol1/fastq/SRR165/000/SRR1658130/SRR1658130_1.fastq.gz;ftp.sra.ebi.ac.uk/vol1/fastq/SRR165/000/SRR1658130/SRR1658130_2.fastq.gz	fasp.sra.ebi.ac.uk:/vol1/fastq/SRR165/000/SRR1658130/SRR1658130_1.fastq.gz;fasp.sra.ebi.ac.uk:/vol1/fastq/SRR165/000/SRR1658130/SRR1658130_2.fastq.gz	GSM1550811	GM18913_H3K27AC
PRJNA268086	SAMN03202727	SRR1658131			PAIRED	ChIP	ftp.sra.ebi.ac.uk/vol1/fastq/SRR165/001/SRR1658131/SRR1658131_1.fastq.gz;ftp.sra.ebi.ac.uk/vol1/fastq/SRR165/001/SRR1658131/SRR1658131_2.fastq.gz	fasp.sra.ebi.ac.uk:/vol1/fastq/SRR165/001/SRR1658131/SRR1658131_1.fastq.gz;fasp.sra.ebi.ac.uk:/vol1/fastq/SRR165/001/SRR1658131/SRR1658131_2.fastq.gz	GSM1550812	GM18855_H3K27AC
PRJNA268086	SAMN03202677	SRR1658132			PAIRED	ChIP	ftp.sra.ebi.ac.uk/vol1/fastq/SRR165/002/SRR1658132/SRR1658132_1.fastq.gz;ftp.sra.ebi.ac.uk/vol1/fastq/SRR165/002/SRR1658132/SRR1658132_2.fastq.gz	fasp.sra.ebi.ac.uk:/vol1/fastq/SRR165/002/SRR1658132/SRR1658132_1.fastq.gz;fasp.sra.ebi.ac.uk:/vol1/fastq/SRR165/002/SRR1658132/SRR1658132_2.fastq.gz	GSM1550813	GM18855_H3K4ME1
PRJNA268086	SAMN03202706	SRR1658133			PAIRED	ChIP	ftp.sra.ebi.ac.uk/vol1/fastq/SRR165/003/SRR1658133/SRR1658133_1.fastq.gz;ftp.sra.ebi.ac.uk/vol1/fastq/SRR165/003/SRR1658133/SRR1658133_2.fastq.gz	fasp.sra.ebi.ac.uk:/vol1/fastq/SRR165/003/SRR1658133/SRR1658133_1.fastq.gz;fasp.sra.ebi.ac.uk:/vol1/fastq/SRR165/003/SRR1658133/SRR1658133_2.fastq.gz	GSM1550814	GM19127_H3K27AC
PRJNA268086	SAMN03202672	SRR1658134			PAIRED	ChIP	ftp.sra.ebi.ac.uk/vol1/fastq/SRR165/004/SRR1658134/SRR1658134_1.fastq.gz;ftp.sra.ebi.ac.uk/vol1/fastq/SRR165/004/SRR1658134/SRR1658134_2.fastq.gz	fasp.sra.ebi.ac.uk:/vol1/fastq/SRR165/004/SRR1658134/SRR1658134_1.fastq.gz;fasp.sra.ebi.ac.uk:/vol1/fastq/SRR165/004/SRR1658134/SRR1658134_2.fastq.gz	GSM1550815	GM18855_H3K4ME3
PRJNA268086	SAMN03202737	SRR1658135			PAIRED	ChIP	ftp.sra.ebi.ac.uk/vol1/fastq/SRR165/005/SRR1658135/SRR1658135_1.fastq.gz;ftp.sra.ebi.ac.uk/vol1/fastq/SRR165/005/SRR1658135/SRR1658135_2.fastq.gz	fasp.sra.ebi.ac.uk:/vol1/fastq/SRR165/005/SRR1658135/SRR1658135_1.fastq.gz;fasp.sra.ebi.ac.uk:/vol1/fastq/SRR165/005/SRR1658135/SRR1658135_2.fastq.gz	GSM1550816	GM19141_H3K4ME1
PRJNA268086	SAMN03202747	SRR1658136			PAIRED	ChIP	ftp.sra.ebi.ac.uk/vol1/fastq/SRR165/006/SRR1658136/SRR1658136_1.fastq.gz;ftp.sra.ebi.ac.uk/vol1/fastq/SRR165/006/SRR1658136/SRR1658136_2.fastq.gz	fasp.sra.ebi.ac.uk:/vol1/fastq/SRR165/006/SRR1658136/SRR1658136_1.fastq.gz;fasp.sra.ebi.ac.uk:/vol1/fastq/SRR165/006/SRR1658136/SRR1658136_2.fastq.gz	GSM1550817	GM19141_H3K4ME3
PRJNA268086	SAMN03202785	SRR1658137			PAIRED	ChIP	ftp.sra.ebi.ac.uk/vol1/fastq/SRR165/007/SRR1658137/SRR1658137_1.fastq.gz;ftp.sra.ebi.ac.uk/vol1/fastq/SRR165/007/SRR1658137/SRR1658137_2.fastq.gz	fasp.sra.ebi.ac.uk:/vol1/fastq/SRR165/007/SRR1658137/SRR1658137_1.fastq.gz;fasp.sra.ebi.ac.uk:/vol1/fastq/SRR165/007/SRR1658137/SRR1658137_2.fastq.gz	GSM1550818	GM18852_H3K4ME3
PRJNA268086	SAMN03202761	SRR1658138			PAIRED	ChIP	ftp.sra.ebi.ac.uk/vol1/fastq/SRR165/008/SRR1658138/SRR1658138_1.fastq.gz;ftp.sra.ebi.ac.uk/vol1/fastq/SRR165/008/SRR1658138/SRR1658138_2.fastq.gz	fasp.sra.ebi.ac.uk:/vol1/fastq/SRR165/008/SRR1658138/SRR1658138_1.fastq.gz;fasp.sra.ebi.ac.uk:/vol1/fastq/SRR165/008/SRR1658138/SRR1658138_2.fastq.gz	GSM1550819	GM18852_H3K4ME1
PRJNA268086	SAMN03202751	SRR1658139			PAIRED	ChIP	ftp.sra.ebi.ac.uk/vol1/fastq/SRR165/009/SRR1658139/SRR1658139_1.fastq.gz;ftp.sra.ebi.ac.uk/vol1/fastq/SRR165/009/SRR1658139/SRR1658139_2.fastq.gz	fasp.sra.ebi.ac.uk:/vol1/fastq/SRR165/009/SRR1658139/SRR1658139_1.fastq.gz;fasp.sra.ebi.ac.uk:/vol1/fastq/SRR165/009/SRR1658139/SRR1658139_2.fastq.gz	GSM1550820	GM19127_H3K4ME1
PRJNA268086	SAMN03202820	SRR1658140			PAIRED	ChIP	ftp.sra.ebi.ac.uk/vol1/fastq/SRR165/000/SRR1658140/SRR1658140_1.fastq.gz;ftp.sra.ebi.ac.uk/vol1/fastq/SRR165/000/SRR1658140/SRR1658140_2.fastq.gz	fasp.sra.ebi.ac.uk:/vol1/fastq/SRR165/000/SRR1658140/SRR1658140_1.fastq.gz;fasp.sra.ebi.ac.uk:/vol1/fastq/SRR165/000/SRR1658140/SRR1658140_2.fastq.gz	GSM1550821	GM19141_H3K27AC
PRJNA268086	SAMN03202760	SRR1658141			PAIRED	ChIP	ftp.sra.ebi.ac.uk/vol1/fastq/SRR165/001/SRR1658141/SRR1658141_1.fastq.gz;ftp.sra.ebi.ac.uk/vol1/fastq/SRR165/001/SRR1658141/SRR1658141_2.fastq.gz	fasp.sra.ebi.ac.uk:/vol1/fastq/SRR165/001/SRR1658141/SRR1658141_1.fastq.gz;fasp.sra.ebi.ac.uk:/vol1/fastq/SRR165/001/SRR1658141/SRR1658141_2.fastq.gz	GSM1550822	GM19203_H3K27AC
PRJNA268086	SAMN03202774	SRR1658142			PAIRED	ChIP	ftp.sra.ebi.ac.uk/vol1/fastq/SRR165/002/SRR1658142/SRR1658142_1.fastq.gz;ftp.sra.ebi.ac.uk/vol1/fastq/SRR165/002/SRR1658142/SRR1658142_2.fastq.gz	fasp.sra.ebi.ac.uk:/vol1/fastq/SRR165/002/SRR1658142/SRR1658142_1.fastq.gz;fasp.sra.ebi.ac.uk:/vol1/fastq/SRR165/002/SRR1658142/SRR1658142_2.fastq.gz	GSM1550823	GM18862_H3K27AC
PRJNA268086	SAMN03202705	SRR1658143			PAIRED	ChIP	ftp.sra.ebi.ac.uk/vol1/fastq/SRR165/003/SRR1658143/SRR1658143_1.fastq.gz;ftp.sra.ebi.ac.uk/vol1/fastq/SRR165/003/SRR1658143/SRR1658143_2.fastq.gz	fasp.sra.ebi.ac.uk:/vol1/fastq/SRR165/003/SRR1658143/SRR1658143_1.fastq.gz;fasp.sra.ebi.ac.uk:/vol1/fastq/SRR165/003/SRR1658143/SRR1658143_2.fastq.gz	GSM1550824	GM19206_H3K4ME1
PRJNA268086	SAMN03202750	SRR1658144			PAIRED	ChIP	ftp.sra.ebi.ac.uk/vol1/fastq/SRR165/004/SRR1658144/SRR1658144_1.fastq.gz;ftp.sra.ebi.ac.uk/vol1/fastq/SRR165/004/SRR1658144/SRR1658144_2.fastq.gz	fasp.sra.ebi.ac.uk:/vol1/fastq/SRR165/004/SRR1658144/SRR1658144_1.fastq.gz;fasp.sra.ebi.ac.uk:/vol1/fastq/SRR165/004/SRR1658144/SRR1658144_2.fastq.gz	GSM1550825	GM19206_H3K4ME3
PRJNA268086	SAMN03202818	SRR1658145			PAIRED	ChIP	ftp.sra.ebi.ac.uk/vol1/fastq/SRR165/005/SRR1658145/SRR1658145_1.fastq.gz;ftp.sra.ebi.ac.uk/vol1/fastq/SRR165/005/SRR1658145/SRR1658145_2.fastq.gz	fasp.sra.ebi.ac.uk:/vol1/fastq/SRR165/005/SRR1658145/SRR1658145_1.fastq.gz;fasp.sra.ebi.ac.uk:/vol1/fastq/SRR165/005/SRR1658145/SRR1658145_2.fastq.gz	GSM1550826	GM18862_H3K4ME3
PRJNA268086	SAMN03202733	SRR1658146			PAIRED	ChIP	ftp.sra.ebi.ac.uk/vol1/fastq/SRR165/006/SRR1658146/SRR1658146_1.fastq.gz;ftp.sra.ebi.ac.uk/vol1/fastq/SRR165/006/SRR1658146/SRR1658146_2.fastq.gz	fasp.sra.ebi.ac.uk:/vol1/fastq/SRR165/006/SRR1658146/SRR1658146_1.fastq.gz;fasp.sra.ebi.ac.uk:/vol1/fastq/SRR165/006/SRR1658146/SRR1658146_2.fastq.gz	GSM1550827	GM18862_H3K4ME1
PRJNA268086	SAMN03202803	SRR1658147			PAIRED	ChIP	ftp.sra.ebi.ac.uk/vol1/fastq/SRR165/007/SRR1658147/SRR1658147_1.fastq.gz;ftp.sra.ebi.ac.uk/vol1/fastq/SRR165/007/SRR1658147/SRR1658147_2.fastq.gz	fasp.sra.ebi.ac.uk:/vol1/fastq/SRR165/007/SRR1658147/SRR1658147_1.fastq.gz;fasp.sra.ebi.ac.uk:/vol1/fastq/SRR165/007/SRR1658147/SRR1658147_2.fastq.gz	GSM1550828	GM19203_H3K4ME1
PRJNA268086	SAMN03202815	SRR1658148			PAIRED	ChIP	ftp.sra.ebi.ac.uk/vol1/fastq/SRR165/008/SRR1658148/SRR1658148_1.fastq.gz;ftp.sra.ebi.ac.uk/vol1/fastq/SRR165/008/SRR1658148/SRR1658148_2.fastq.gz	fasp.sra.ebi.ac.uk:/vol1/fastq/SRR165/008/SRR1658148/SRR1658148_1.fastq.gz;fasp.sra.ebi.ac.uk:/vol1/fastq/SRR165/008/SRR1658148/SRR1658148_2.fastq.gz	GSM1550829	GM19203_H3K4ME3
PRJNA268086	SAMN03202762	SRR1658149			PAIRED	ChIP	ftp.sra.ebi.ac.uk/vol1/fastq/SRR165/009/SRR1658149/SRR1658149_1.fastq.gz;ftp.sra.ebi.ac.uk/vol1/fastq/SRR165/009/SRR1658149/SRR1658149_2.fastq.gz	fasp.sra.ebi.ac.uk:/vol1/fastq/SRR165/009/SRR1658149/SRR1658149_1.fastq.gz;fasp.sra.ebi.ac.uk:/vol1/fastq/SRR165/009/SRR1658149/SRR1658149_2.fastq.gz	GSM1550830	GM18505_H3K27AC
PRJNA268086	SAMN03202782	SRR1658150			PAIRED	ChIP	ftp.sra.ebi.ac.uk/vol1/fastq/SRR165/000/SRR1658150/SRR1658150_1.fastq.gz;ftp.sra.ebi.ac.uk/vol1/fastq/SRR165/000/SRR1658150/SRR1658150_2.fastq.gz	fasp.sra.ebi.ac.uk:/vol1/fastq/SRR165/000/SRR1658150/SRR1658150_1.fastq.gz;fasp.sra.ebi.ac.uk:/vol1/fastq/SRR165/000/SRR1658150/SRR1658150_2.fastq.gz	GSM1550831	GM18870_H3K4ME3
PRJNA268086	SAMN03202784	SRR1658151			PAIRED	ChIP	ftp.sra.ebi.ac.uk/vol1/fastq/SRR165/001/SRR1658151/SRR1658151_1.fastq.gz;ftp.sra.ebi.ac.uk/vol1/fastq/SRR165/001/SRR1658151/SRR1658151_2.fastq.gz	fasp.sra.ebi.ac.uk:/vol1/fastq/SRR165/001/SRR1658151/SRR1658151_1.fastq.gz;fasp.sra.ebi.ac.uk:/vol1/fastq/SRR165/001/SRR1658151/SRR1658151_2.fastq.gz	GSM1550832	GM18870_H3K4ME1
PRJNA268086	SAMN03202710	SRR1658152			PAIRED	ChIP	ftp.sra.ebi.ac.uk/vol1/fastq/SRR165/002/SRR1658152/SRR1658152_1.fastq.gz;ftp.sra.ebi.ac.uk/vol1/fastq/SRR165/002/SRR1658152/SRR1658152_2.fastq.gz	fasp.sra.ebi.ac.uk:/vol1/fastq/SRR165/002/SRR1658152/SRR1658152_1.fastq.gz;fasp.sra.ebi.ac.uk:/vol1/fastq/SRR165/002/SRR1658152/SRR1658152_2.fastq.gz	GSM1550833	GM18519_H3K27AC
PRJNA268086	SAMN03202813	SRR1658153			PAIRED	ChIP	ftp.sra.ebi.ac.uk/vol1/fastq/SRR165/003/SRR1658153/SRR1658153_1.fastq.gz;ftp.sra.ebi.ac.uk/vol1/fastq/SRR165/003/SRR1658153/SRR1658153_2.fastq.gz	fasp.sra.ebi.ac.uk:/vol1/fastq/SRR165/003/SRR1658153/SRR1658153_1.fastq.gz;fasp.sra.ebi.ac.uk:/vol1/fastq/SRR165/003/SRR1658153/SRR1658153_2.fastq.gz	GSM1550834	GM18501-2_H3K4ME1
PRJNA268086	SAMN03202778	SRR1658154			PAIRED	ChIP	ftp.sra.ebi.ac.uk/vol1/fastq/SRR165/004/SRR1658154/SRR1658154_1.fastq.gz;ftp.sra.ebi.ac.uk/vol1/fastq/SRR165/004/SRR1658154/SRR1658154_2.fastq.gz	fasp.sra.ebi.ac.uk:/vol1/fastq/SRR165/004/SRR1658154/SRR1658154_1.fastq.gz;fasp.sra.ebi.ac.uk:/vol1/fastq/SRR165/004/SRR1658154/SRR1658154_2.fastq.gz	GSM1550835	GM18501-2_H3K4ME3
PRJNA268086	SAMN03202849	SRR1658155			PAIRED	ChIP	ftp.sra.ebi.ac.uk/vol1/fastq/SRR165/005/SRR1658155/SRR1658155_1.fastq.gz;ftp.sra.ebi.ac.uk/vol1/fastq/SRR165/005/SRR1658155/SRR1658155_2.fastq.gz	fasp.sra.ebi.ac.uk:/vol1/fastq/SRR165/005/SRR1658155/SRR1658155_1.fastq.gz;fasp.sra.ebi.ac.uk:/vol1/fastq/SRR165/005/SRR1658155/SRR1658155_2.fastq.gz	GSM1550836	GM19225_H3K27AC
PRJNA268086	SAMN03202898	SRR1658156			PAIRED	ChIP	ftp.sra.ebi.ac.uk/vol1/fastq/SRR165/006/SRR1658156/SRR1658156_1.fastq.gz;ftp.sra.ebi.ac.uk/vol1/fastq/SRR165/006/SRR1658156/SRR1658156_2.fastq.gz	fasp.sra.ebi.ac.uk:/vol1/fastq/SRR165/006/SRR1658156/SRR1658156_1.fastq.gz;fasp.sra.ebi.ac.uk:/vol1/fastq/SRR165/006/SRR1658156/SRR1658156_2.fastq.gz	GSM1550837	GM18516_H3K4ME3
PRJNA268086	SAMN03202896	SRR1658157			PAIRED	ChIP	ftp.sra.ebi.ac.uk/vol1/fastq/SRR165/007/SRR1658157/SRR1658157_1.fastq.gz;ftp.sra.ebi.ac.uk/vol1/fastq/SRR165/007/SRR1658157/SRR1658157_2.fastq.gz	fasp.sra.ebi.ac.uk:/vol1/fastq/SRR165/007/SRR1658157/SRR1658157_1.fastq.gz;fasp.sra.ebi.ac.uk:/vol1/fastq/SRR165/007/SRR1658157/SRR1658157_2.fastq.gz	GSM1550838	GM18516_H3K4ME1
PRJNA268086	SAMN03202862	SRR1658158			PAIRED	ChIP	ftp.sra.ebi.ac.uk/vol1/fastq/SRR165/008/SRR1658158/SRR1658158_1.fastq.gz;ftp.sra.ebi.ac.uk/vol1/fastq/SRR165/008/SRR1658158/SRR1658158_2.fastq.gz	fasp.sra.ebi.ac.uk:/vol1/fastq/SRR165/008/SRR1658158/SRR1658158_1.fastq.gz;fasp.sra.ebi.ac.uk:/vol1/fastq/SRR165/008/SRR1658158/SRR1658158_2.fastq.gz	GSM1550839	GM18511_H3K4ME1
PRJNA268086	SAMN03202841	SRR1658159			PAIRED	ChIP	ftp.sra.ebi.ac.uk/vol1/fastq/SRR165/009/SRR1658159/SRR1658159_1.fastq.gz;ftp.sra.ebi.ac.uk/vol1/fastq/SRR165/009/SRR1658159/SRR1658159_2.fastq.gz	fasp.sra.ebi.ac.uk:/vol1/fastq/SRR165/009/SRR1658159/SRR1658159_1.fastq.gz;fasp.sra.ebi.ac.uk:/vol1/fastq/SRR165/009/SRR1658159/SRR1658159_2.fastq.gz	GSM1550840	GM18511_H3K4ME3
PRJNA268086	SAMN03202857	SRR1658160			PAIRED	ChIP	ftp.sra.ebi.ac.uk/vol1/fastq/SRR165/000/SRR1658160/SRR1658160_1.fastq.gz;ftp.sra.ebi.ac.uk/vol1/fastq/SRR165/000/SRR1658160/SRR1658160_2.fastq.gz	fasp.sra.ebi.ac.uk:/vol1/fastq/SRR165/000/SRR1658160/SRR1658160_1.fastq.gz;fasp.sra.ebi.ac.uk:/vol1/fastq/SRR165/000/SRR1658160/SRR1658160_2.fastq.gz	GSM1550841	GM18504_H3K4ME3
PRJNA268086	SAMN03202854	SRR1658161			PAIRED	ChIP	ftp.sra.ebi.ac.uk/vol1/fastq/SRR165/001/SRR1658161/SRR1658161_1.fastq.gz;ftp.sra.ebi.ac.uk/vol1/fastq/SRR165/001/SRR1658161/SRR1658161_2.fastq.gz	fasp.sra.ebi.ac.uk:/vol1/fastq/SRR165/001/SRR1658161/SRR1658161_1.fastq.gz;fasp.sra.ebi.ac.uk:/vol1/fastq/SRR165/001/SRR1658161/SRR1658161_2.fastq.gz	GSM1550842	GM18516_H3K27AC
PRJNA268086	SAMN03202884	SRR1658162			PAIRED	ChIP	ftp.sra.ebi.ac.uk/vol1/fastq/SRR165/002/SRR1658162/SRR1658162_1.fastq.gz;ftp.sra.ebi.ac.uk/vol1/fastq/SRR165/002/SRR1658162/SRR1658162_2.fastq.gz	fasp.sra.ebi.ac.uk:/vol1/fastq/SRR165/002/SRR1658162/SRR1658162_1.fastq.gz;fasp.sra.ebi.ac.uk:/vol1/fastq/SRR165/002/SRR1658162/SRR1658162_2.fastq.gz	GSM1550843	GM18504_H3K4ME1
PRJNA268086	SAMN03202858	SRR1658163			PAIRED	ChIP	ftp.sra.ebi.ac.uk/vol1/fastq/SRR165/003/SRR1658163/SRR1658163_1.fastq.gz;ftp.sra.ebi.ac.uk/vol1/fastq/SRR165/003/SRR1658163/SRR1658163_2.fastq.gz	fasp.sra.ebi.ac.uk:/vol1/fastq/SRR165/003/SRR1658163/SRR1658163_1.fastq.gz;fasp.sra.ebi.ac.uk:/vol1/fastq/SRR165/003/SRR1658163/SRR1658163_2.fastq.gz	GSM1550844	GM19102_H3K4ME3
PRJNA268086	SAMN03202880	SRR1658164			PAIRED	ChIP	ftp.sra.ebi.ac.uk/vol1/fastq/SRR165/004/SRR1658164/SRR1658164_1.fastq.gz;ftp.sra.ebi.ac.uk/vol1/fastq/SRR165/004/SRR1658164/SRR1658164_2.fastq.gz	fasp.sra.ebi.ac.uk:/vol1/fastq/SRR165/004/SRR1658164/SRR1658164_1.fastq.gz;fasp.sra.ebi.ac.uk:/vol1/fastq/SRR165/004/SRR1658164/SRR1658164_2.fastq.gz	GSM1550845	GM19102_H3K4ME1
PRJNA268086	SAMN03202839	SRR1658165			PAIRED	ChIP	ftp.sra.ebi.ac.uk/vol1/fastq/SRR165/005/SRR1658165/SRR1658165_1.fastq.gz;ftp.sra.ebi.ac.uk/vol1/fastq/SRR165/005/SRR1658165/SRR1658165_2.fastq.gz	fasp.sra.ebi.ac.uk:/vol1/fastq/SRR165/005/SRR1658165/SRR1658165_1.fastq.gz;fasp.sra.ebi.ac.uk:/vol1/fastq/SRR165/005/SRR1658165/SRR1658165_2.fastq.gz	GSM1550846	GM18856_H3K4ME3
PRJNA268086	SAMN03202887	SRR1658166			PAIRED	ChIP	ftp.sra.ebi.ac.uk/vol1/fastq/SRR165/006/SRR1658166/SRR1658166_1.fastq.gz;ftp.sra.ebi.ac.uk/vol1/fastq/SRR165/006/SRR1658166/SRR1658166_2.fastq.gz	fasp.sra.ebi.ac.uk:/vol1/fastq/SRR165/006/SRR1658166/SRR1658166_1.fastq.gz;fasp.sra.ebi.ac.uk:/vol1/fastq/SRR165/006/SRR1658166/SRR1658166_2.fastq.gz	GSM1550847	GM18856_H3K4ME1
PRJNA268086	SAMN03202852	SRR1658167			PAIRED	ChIP	ftp.sra.ebi.ac.uk/vol1/fastq/SRR165/007/SRR1658167/SRR1658167_1.fastq.gz;ftp.sra.ebi.ac.uk/vol1/fastq/SRR165/007/SRR1658167/SRR1658167_2.fastq.gz	fasp.sra.ebi.ac.uk:/vol1/fastq/SRR165/007/SRR1658167/SRR1658167_1.fastq.gz;fasp.sra.ebi.ac.uk:/vol1/fastq/SRR165/007/SRR1658167/SRR1658167_2.fastq.gz	GSM1550848	GM18517_H3K4ME3
PRJNA268086	SAMN03202899	SRR1658168			PAIRED	ChIP	ftp.sra.ebi.ac.uk/vol1/fastq/SRR165/008/SRR1658168/SRR1658168_1.fastq.gz;ftp.sra.ebi.ac.uk/vol1/fastq/SRR165/008/SRR1658168/SRR1658168_2.fastq.gz	fasp.sra.ebi.ac.uk:/vol1/fastq/SRR165/008/SRR1658168/SRR1658168_1.fastq.gz;fasp.sra.ebi.ac.uk:/vol1/fastq/SRR165/008/SRR1658168/SRR1658168_2.fastq.gz	GSM1550849	GM19102_H3K27AC
PRJNA268086	SAMN03202874	SRR1658169			PAIRED	ChIP	ftp.sra.ebi.ac.uk/vol1/fastq/SRR165/009/SRR1658169/SRR1658169_1.fastq.gz;ftp.sra.ebi.ac.uk/vol1/fastq/SRR165/009/SRR1658169/SRR1658169_2.fastq.gz	fasp.sra.ebi.ac.uk:/vol1/fastq/SRR165/009/SRR1658169/SRR1658169_1.fastq.gz;fasp.sra.ebi.ac.uk:/vol1/fastq/SRR165/009/SRR1658169/SRR1658169_2.fastq.gz	GSM1550850	GM18517_H3K4ME1
PRJNA268086	SAMN03202844	SRR1658170			PAIRED	ChIP	ftp.sra.ebi.ac.uk/vol1/fastq/SRR165/000/SRR1658170/SRR1658170_1.fastq.gz;ftp.sra.ebi.ac.uk/vol1/fastq/SRR165/000/SRR1658170/SRR1658170_2.fastq.gz	fasp.sra.ebi.ac.uk:/vol1/fastq/SRR165/000/SRR1658170/SRR1658170_1.fastq.gz;fasp.sra.ebi.ac.uk:/vol1/fastq/SRR165/000/SRR1658170/SRR1658170_2.fastq.gz	GSM1550851	GM19207_H3K27AC
PRJNA268086	SAMN03202890	SRR1658171			PAIRED	ChIP	ftp.sra.ebi.ac.uk/vol1/fastq/SRR165/001/SRR1658171/SRR1658171_1.fastq.gz;ftp.sra.ebi.ac.uk/vol1/fastq/SRR165/001/SRR1658171/SRR1658171_2.fastq.gz	fasp.sra.ebi.ac.uk:/vol1/fastq/SRR165/001/SRR1658171/SRR1658171_1.fastq.gz;fasp.sra.ebi.ac.uk:/vol1/fastq/SRR165/001/SRR1658171/SRR1658171_2.fastq.gz	GSM1550852	GM18498_H3K4ME1
PRJNA268086	SAMN03202885	SRR1658172			PAIRED	ChIP	ftp.sra.ebi.ac.uk/vol1/fastq/SRR165/002/SRR1658172/SRR1658172_1.fastq.gz;ftp.sra.ebi.ac.uk/vol1/fastq/SRR165/002/SRR1658172/SRR1658172_2.fastq.gz	fasp.sra.ebi.ac.uk:/vol1/fastq/SRR165/002/SRR1658172/SRR1658172_1.fastq.gz;fasp.sra.ebi.ac.uk:/vol1/fastq/SRR165/002/SRR1658172/SRR1658172_2.fastq.gz	GSM1550853	GM18498_H3K4ME3
PRJNA268086	SAMN03202881	SRR1658173			PAIRED	ChIP	ftp.sra.ebi.ac.uk/vol1/fastq/SRR165/003/SRR1658173/SRR1658173_1.fastq.gz;ftp.sra.ebi.ac.uk/vol1/fastq/SRR165/003/SRR1658173/SRR1658173_2.fastq.gz	fasp.sra.ebi.ac.uk:/vol1/fastq/SRR165/003/SRR1658173/SRR1658173_1.fastq.gz;fasp.sra.ebi.ac.uk:/vol1/fastq/SRR165/003/SRR1658173/SRR1658173_2.fastq.gz	GSM1550854	GM18853_H3K27AC
PRJNA268086	SAMN03202897	SRR1658174			PAIRED	ChIP	ftp.sra.ebi.ac.uk/vol1/fastq/SRR165/004/SRR1658174/SRR1658174_1.fastq.gz;ftp.sra.ebi.ac.uk/vol1/fastq/SRR165/004/SRR1658174/SRR1658174_2.fastq.gz	fasp.sra.ebi.ac.uk:/vol1/fastq/SRR165/004/SRR1658174/SRR1658174_1.fastq.gz;fasp.sra.ebi.ac.uk:/vol1/fastq/SRR165/004/SRR1658174/SRR1658174_2.fastq.gz	GSM1550855	GM19190_H3K4ME3
PRJNA268086	SAMN03202871	SRR1658175			PAIRED	ChIP	ftp.sra.ebi.ac.uk/vol1/fastq/SRR165/005/SRR1658175/SRR1658175_1.fastq.gz;ftp.sra.ebi.ac.uk/vol1/fastq/SRR165/005/SRR1658175/SRR1658175_2.fastq.gz	fasp.sra.ebi.ac.uk:/vol1/fastq/SRR165/005/SRR1658175/SRR1658175_1.fastq.gz;fasp.sra.ebi.ac.uk:/vol1/fastq/SRR165/005/SRR1658175/SRR1658175_2.fastq.gz	GSM1550856	GM19190_H3K4ME1
PRJNA268086	SAMN03202845	SRR1658176			PAIRED	ChIP	ftp.sra.ebi.ac.uk/vol1/fastq/SRR165/006/SRR1658176/SRR1658176_1.fastq.gz;ftp.sra.ebi.ac.uk/vol1/fastq/SRR165/006/SRR1658176/SRR1658176_2.fastq.gz	fasp.sra.ebi.ac.uk:/vol1/fastq/SRR165/006/SRR1658176/SRR1658176_1.fastq.gz;fasp.sra.ebi.ac.uk:/vol1/fastq/SRR165/006/SRR1658176/SRR1658176_2.fastq.gz	GSM1550857	GM18507_H3K27AC
PRJNA268086	SAMN03202866	SRR1658177			PAIRED	ChIP	ftp.sra.ebi.ac.uk/vol1/fastq/SRR165/007/SRR1658177/SRR1658177_1.fastq.gz;ftp.sra.ebi.ac.uk/vol1/fastq/SRR165/007/SRR1658177/SRR1658177_2.fastq.gz	fasp.sra.ebi.ac.uk:/vol1/fastq/SRR165/007/SRR1658177/SRR1658177_1.fastq.gz;fasp.sra.ebi.ac.uk:/vol1/fastq/SRR165/007/SRR1658177/SRR1658177_2.fastq.gz	GSM1550858	GM19137_H3K27AC
PRJNA268086	SAMN03202872	SRR1658178			PAIRED	ChIP	ftp.sra.ebi.ac.uk/vol1/fastq/SRR165/008/SRR1658178/SRR1658178_1.fastq.gz;ftp.sra.ebi.ac.uk/vol1/fastq/SRR165/008/SRR1658178/SRR1658178_2.fastq.gz	fasp.sra.ebi.ac.uk:/vol1/fastq/SRR165/008/SRR1658178/SRR1658178_1.fastq.gz;fasp.sra.ebi.ac.uk:/vol1/fastq/SRR165/008/SRR1658178/SRR1658178_2.fastq.gz	GSM1550859	GM19147-2_H3K4ME3
PRJNA268086	SAMN03202895	SRR1658179			PAIRED	ChIP	ftp.sra.ebi.ac.uk/vol1/fastq/SRR165/009/SRR1658179/SRR1658179_1.fastq.gz;ftp.sra.ebi.ac.uk/vol1/fastq/SRR165/009/SRR1658179/SRR1658179_2.fastq.gz	fasp.sra.ebi.ac.uk:/vol1/fastq/SRR165/009/SRR1658179/SRR1658179_1.fastq.gz;fasp.sra.ebi.ac.uk:/vol1/fastq/SRR165/009/SRR1658179/SRR1658179_2.fastq.gz	GSM1550860	GM18520_H3K4ME1
PRJNA268086	SAMN03202859	SRR1658180			PAIRED	ChIP	ftp.sra.ebi.ac.uk/vol1/fastq/SRR165/000/SRR1658180/SRR1658180_1.fastq.gz;ftp.sra.ebi.ac.uk/vol1/fastq/SRR165/000/SRR1658180/SRR1658180_2.fastq.gz	fasp.sra.ebi.ac.uk:/vol1/fastq/SRR165/000/SRR1658180/SRR1658180_1.fastq.gz;fasp.sra.ebi.ac.uk:/vol1/fastq/SRR165/000/SRR1658180/SRR1658180_2.fastq.gz	GSM1550861	GM18520_H3K4ME3
PRJNA268086	SAMN03202850	SRR1658181			PAIRED	ChIP	ftp.sra.ebi.ac.uk/vol1/fastq/SRR165/001/SRR1658181/SRR1658181_1.fastq.gz;ftp.sra.ebi.ac.uk/vol1/fastq/SRR165/001/SRR1658181/SRR1658181_2.fastq.gz	fasp.sra.ebi.ac.uk:/vol1/fastq/SRR165/001/SRR1658181/SRR1658181_1.fastq.gz;fasp.sra.ebi.ac.uk:/vol1/fastq/SRR165/001/SRR1658181/SRR1658181_2.fastq.gz	GSM1550862	GM19190_H3K27AC
PRJNA268086	SAMN03202882	SRR1658182			PAIRED	ChIP	ftp.sra.ebi.ac.uk/vol1/fastq/SRR165/002/SRR1658182/SRR1658182_1.fastq.gz;ftp.sra.ebi.ac.uk/vol1/fastq/SRR165/002/SRR1658182/SRR1658182_2.fastq.gz	fasp.sra.ebi.ac.uk:/vol1/fastq/SRR165/002/SRR1658182/SRR1658182_1.fastq.gz;fasp.sra.ebi.ac.uk:/vol1/fastq/SRR165/002/SRR1658182/SRR1658182_2.fastq.gz	GSM1550863	GM18501-2_H3K27AC
PRJNA268086	SAMN03202842	SRR1658183			PAIRED	ChIP	ftp.sra.ebi.ac.uk/vol1/fastq/SRR165/003/SRR1658183/SRR1658183_1.fastq.gz;ftp.sra.ebi.ac.uk/vol1/fastq/SRR165/003/SRR1658183/SRR1658183_2.fastq.gz	fasp.sra.ebi.ac.uk:/vol1/fastq/SRR165/003/SRR1658183/SRR1658183_1.fastq.gz;fasp.sra.ebi.ac.uk:/vol1/fastq/SRR165/003/SRR1658183/SRR1658183_2.fastq.gz	GSM1550864	GM18520_H3K27AC
PRJNA268086	SAMN03202860	SRR1658184			PAIRED	ChIP	ftp.sra.ebi.ac.uk/vol1/fastq/SRR165/004/SRR1658184/SRR1658184_1.fastq.gz;ftp.sra.ebi.ac.uk/vol1/fastq/SRR165/004/SRR1658184/SRR1658184_2.fastq.gz	fasp.sra.ebi.ac.uk:/vol1/fastq/SRR165/004/SRR1658184/SRR1658184_1.fastq.gz;fasp.sra.ebi.ac.uk:/vol1/fastq/SRR165/004/SRR1658184/SRR1658184_2.fastq.gz	GSM1550865	GM18499_H3K27AC
PRJNA268086	SAMN03202870	SRR1658185			PAIRED	ChIP	ftp.sra.ebi.ac.uk/vol1/fastq/SRR165/005/SRR1658185/SRR1658185_1.fastq.gz;ftp.sra.ebi.ac.uk/vol1/fastq/SRR165/005/SRR1658185/SRR1658185_2.fastq.gz	fasp.sra.ebi.ac.uk:/vol1/fastq/SRR165/005/SRR1658185/SRR1658185_1.fastq.gz;fasp.sra.ebi.ac.uk:/vol1/fastq/SRR165/005/SRR1658185/SRR1658185_2.fastq.gz	GSM1550866	GM19171_H3K4ME1
PRJNA268086	SAMN03202851	SRR1658186			PAIRED	ChIP	ftp.sra.ebi.ac.uk/vol1/fastq/SRR165/006/SRR1658186/SRR1658186_1.fastq.gz;ftp.sra.ebi.ac.uk/vol1/fastq/SRR165/006/SRR1658186/SRR1658186_2.fastq.gz	fasp.sra.ebi.ac.uk:/vol1/fastq/SRR165/006/SRR1658186/SRR1658186_1.fastq.gz;fasp.sra.ebi.ac.uk:/vol1/fastq/SRR165/006/SRR1658186/SRR1658186_2.fastq.gz	GSM1550867	GM19171_H3K4ME3
PRJNA268086	SAMN03202855	SRR1658187			PAIRED	ChIP	ftp.sra.ebi.ac.uk/vol1/fastq/SRR165/007/SRR1658187/SRR1658187_1.fastq.gz;ftp.sra.ebi.ac.uk/vol1/fastq/SRR165/007/SRR1658187/SRR1658187_2.fastq.gz	fasp.sra.ebi.ac.uk:/vol1/fastq/SRR165/007/SRR1658187/SRR1658187_1.fastq.gz;fasp.sra.ebi.ac.uk:/vol1/fastq/SRR165/007/SRR1658187/SRR1658187_2.fastq.gz	GSM1550868	GM19131_H3K4ME1
PRJNA268086	SAMN03202886	SRR1658188			PAIRED	ChIP	ftp.sra.ebi.ac.uk/vol1/fastq/SRR165/008/SRR1658188/SRR1658188_1.fastq.gz;ftp.sra.ebi.ac.uk/vol1/fastq/SRR165/008/SRR1658188/SRR1658188_2.fastq.gz	fasp.sra.ebi.ac.uk:/vol1/fastq/SRR165/008/SRR1658188/SRR1658188_1.fastq.gz;fasp.sra.ebi.ac.uk:/vol1/fastq/SRR165/008/SRR1658188/SRR1658188_2.fastq.gz	GSM1550869	GM19131_H3K4ME3
PRJNA268086	SAMN03202861	SRR1658189			PAIRED	ChIP	ftp.sra.ebi.ac.uk/vol1/fastq/SRR165/009/SRR1658189/SRR1658189_1.fastq.gz;ftp.sra.ebi.ac.uk/vol1/fastq/SRR165/009/SRR1658189/SRR1658189_2.fastq.gz	fasp.sra.ebi.ac.uk:/vol1/fastq/SRR165/009/SRR1658189/SRR1658189_1.fastq.gz;fasp.sra.ebi.ac.uk:/vol1/fastq/SRR165/009/SRR1658189/SRR1658189_2.fastq.gz	GSM1550870	GM18907_H3K4ME1
PRJNA268086	SAMN03202876	SRR1658190			PAIRED	ChIP	ftp.sra.ebi.ac.uk/vol1/fastq/SRR165/000/SRR1658190/SRR1658190_1.fastq.gz;ftp.sra.ebi.ac.uk/vol1/fastq/SRR165/000/SRR1658190/SRR1658190_2.fastq.gz	fasp.sra.ebi.ac.uk:/vol1/fastq/SRR165/000/SRR1658190/SRR1658190_1.fastq.gz;fasp.sra.ebi.ac.uk:/vol1/fastq/SRR165/000/SRR1658190/SRR1658190_2.fastq.gz	GSM1550871	GM18907_H3K4ME3
PRJNA268086	SAMN03202863	SRR1658191			PAIRED	ChIP	ftp.sra.ebi.ac.uk/vol1/fastq/SRR165/001/SRR1658191/SRR1658191_1.fastq.gz;ftp.sra.ebi.ac.uk/vol1/fastq/SRR165/001/SRR1658191/SRR1658191_2.fastq.gz	fasp.sra.ebi.ac.uk:/vol1/fastq/SRR165/001/SRR1658191/SRR1658191_1.fastq.gz;fasp.sra.ebi.ac.uk:/vol1/fastq/SRR165/001/SRR1658191/SRR1658191_2.fastq.gz	GSM1550872	GM18523_H3K27AC
PRJNA268086	SAMN03202883	SRR1658192			PAIRED	ChIP	ftp.sra.ebi.ac.uk/vol1/fastq/SRR165/002/SRR1658192/SRR1658192_1.fastq.gz;ftp.sra.ebi.ac.uk/vol1/fastq/SRR165/002/SRR1658192/SRR1658192_2.fastq.gz	fasp.sra.ebi.ac.uk:/vol1/fastq/SRR165/002/SRR1658192/SRR1658192_1.fastq.gz;fasp.sra.ebi.ac.uk:/vol1/fastq/SRR165/002/SRR1658192/SRR1658192_2.fastq.gz	GSM1550873	GM19160_H3K27AC
PRJNA268086	SAMN03202864	SRR1658193			PAIRED	ChIP	ftp.sra.ebi.ac.uk/vol1/fastq/SRR165/003/SRR1658193/SRR1658193_1.fastq.gz;ftp.sra.ebi.ac.uk/vol1/fastq/SRR165/003/SRR1658193/SRR1658193_2.fastq.gz	fasp.sra.ebi.ac.uk:/vol1/fastq/SRR165/003/SRR1658193/SRR1658193_1.fastq.gz;fasp.sra.ebi.ac.uk:/vol1/fastq/SRR165/003/SRR1658193/SRR1658193_2.fastq.gz	GSM1550874	GM18523_H3K4ME3
PRJNA268086	SAMN03202873	SRR1658194			PAIRED	ChIP	ftp.sra.ebi.ac.uk/vol1/fastq/SRR165/004/SRR1658194/SRR1658194_1.fastq.gz;ftp.sra.ebi.ac.uk/vol1/fastq/SRR165/004/SRR1658194/SRR1658194_2.fastq.gz	fasp.sra.ebi.ac.uk:/vol1/fastq/SRR165/004/SRR1658194/SRR1658194_1.fastq.gz;fasp.sra.ebi.ac.uk:/vol1/fastq/SRR165/004/SRR1658194/SRR1658194_2.fastq.gz	GSM1550875	GM18523_H3K4ME1
PRJNA268086	SAMN03202869	SRR1658195			PAIRED	ChIP	ftp.sra.ebi.ac.uk/vol1/fastq/SRR165/005/SRR1658195/SRR1658195_1.fastq.gz;ftp.sra.ebi.ac.uk/vol1/fastq/SRR165/005/SRR1658195/SRR1658195_2.fastq.gz	fasp.sra.ebi.ac.uk:/vol1/fastq/SRR165/005/SRR1658195/SRR1658195_1.fastq.gz;fasp.sra.ebi.ac.uk:/vol1/fastq/SRR165/005/SRR1658195/SRR1658195_2.fastq.gz	GSM1550876	GM19222_H3K4ME3
PRJNA268086	SAMN03202867	SRR1658196			PAIRED	ChIP	ftp.sra.ebi.ac.uk/vol1/fastq/SRR165/006/SRR1658196/SRR1658196_1.fastq.gz;ftp.sra.ebi.ac.uk/vol1/fastq/SRR165/006/SRR1658196/SRR1658196_2.fastq.gz	fasp.sra.ebi.ac.uk:/vol1/fastq/SRR165/006/SRR1658196/SRR1658196_1.fastq.gz;fasp.sra.ebi.ac.uk:/vol1/fastq/SRR165/006/SRR1658196/SRR1658196_2.fastq.gz	GSM1550877	GM18912_H3K4ME3
PRJNA268086	SAMN03202764	SRR1658197			PAIRED	ChIP	ftp.sra.ebi.ac.uk/vol1/fastq/SRR165/007/SRR1658197/SRR1658197_1.fastq.gz;ftp.sra.ebi.ac.uk/vol1/fastq/SRR165/007/SRR1658197/SRR1658197_2.fastq.gz	fasp.sra.ebi.ac.uk:/vol1/fastq/SRR165/007/SRR1658197/SRR1658197_1.fastq.gz;fasp.sra.ebi.ac.uk:/vol1/fastq/SRR165/007/SRR1658197/SRR1658197_2.fastq.gz	GSM1550878	GM19152_H3K27AC
PRJNA268086	SAMN03202770	SRR1658198			PAIRED	ChIP	ftp.sra.ebi.ac.uk/vol1/fastq/SRR165/008/SRR1658198/SRR1658198_1.fastq.gz;ftp.sra.ebi.ac.uk/vol1/fastq/SRR165/008/SRR1658198/SRR1658198_2.fastq.gz	fasp.sra.ebi.ac.uk:/vol1/fastq/SRR165/008/SRR1658198/SRR1658198_1.fastq.gz;fasp.sra.ebi.ac.uk:/vol1/fastq/SRR165/008/SRR1658198/SRR1658198_2.fastq.gz	GSM1550879	GM18912_H3K4ME1
PRJNA268086	SAMN03202759	SRR1658199			PAIRED	ChIP	ftp.sra.ebi.ac.uk/vol1/fastq/SRR165/009/SRR1658199/SRR1658199_1.fastq.gz;ftp.sra.ebi.ac.uk/vol1/fastq/SRR165/009/SRR1658199/SRR1658199_2.fastq.gz	fasp.sra.ebi.ac.uk:/vol1/fastq/SRR165/009/SRR1658199/SRR1658199_1.fastq.gz;fasp.sra.ebi.ac.uk:/vol1/fastq/SRR165/009/SRR1658199/SRR1658199_2.fastq.gz	GSM1550880	GM19098_H3K4ME3
PRJNA268086	SAMN03202846	SRR1658200			PAIRED	ChIP	ftp.sra.ebi.ac.uk/vol1/fastq/SRR165/000/SRR1658200/SRR1658200_1.fastq.gz;ftp.sra.ebi.ac.uk/vol1/fastq/SRR165/000/SRR1658200/SRR1658200_2.fastq.gz	fasp.sra.ebi.ac.uk:/vol1/fastq/SRR165/000/SRR1658200/SRR1658200_1.fastq.gz;fasp.sra.ebi.ac.uk:/vol1/fastq/SRR165/000/SRR1658200/SRR1658200_2.fastq.gz	GSM1550881	GM19098_H3K4ME1
PRJNA268086	SAMN03202889	SRR1658201			PAIRED	ChIP	ftp.sra.ebi.ac.uk/vol1/fastq/SRR165/001/SRR1658201/SRR1658201_1.fastq.gz;ftp.sra.ebi.ac.uk/vol1/fastq/SRR165/001/SRR1658201/SRR1658201_2.fastq.gz	fasp.sra.ebi.ac.uk:/vol1/fastq/SRR165/001/SRR1658201/SRR1658201_1.fastq.gz;fasp.sra.ebi.ac.uk:/vol1/fastq/SRR165/001/SRR1658201/SRR1658201_2.fastq.gz	GSM1550882	GM18912_H3K27AC
PRJNA268086	SAMN03202894	SRR1658202			PAIRED	ChIP	ftp.sra.ebi.ac.uk/vol1/fastq/SRR165/002/SRR1658202/SRR1658202_1.fastq.gz;ftp.sra.ebi.ac.uk/vol1/fastq/SRR165/002/SRR1658202/SRR1658202_2.fastq.gz	fasp.sra.ebi.ac.uk:/vol1/fastq/SRR165/002/SRR1658202/SRR1658202_1.fastq.gz;fasp.sra.ebi.ac.uk:/vol1/fastq/SRR165/002/SRR1658202/SRR1658202_2.fastq.gz	GSM1550883	GM19116_H3K27AC
PRJNA268086	SAMN03202810	SRR1658203			PAIRED	ChIP	ftp.sra.ebi.ac.uk/vol1/fastq/SRR165/003/SRR1658203/SRR1658203_1.fastq.gz;ftp.sra.ebi.ac.uk/vol1/fastq/SRR165/003/SRR1658203/SRR1658203_2.fastq.gz	fasp.sra.ebi.ac.uk:/vol1/fastq/SRR165/003/SRR1658203/SRR1658203_1.fastq.gz;fasp.sra.ebi.ac.uk:/vol1/fastq/SRR165/003/SRR1658203/SRR1658203_2.fastq.gz	GSM1550884	GM19119_H3K4ME3
PRJNA268086	SAMN03202742	SRR1658204			PAIRED	ChIP	ftp.sra.ebi.ac.uk/vol1/fastq/SRR165/004/SRR1658204/SRR1658204_1.fastq.gz;ftp.sra.ebi.ac.uk/vol1/fastq/SRR165/004/SRR1658204/SRR1658204_2.fastq.gz	fasp.sra.ebi.ac.uk:/vol1/fastq/SRR165/004/SRR1658204/SRR1658204_1.fastq.gz;fasp.sra.ebi.ac.uk:/vol1/fastq/SRR165/004/SRR1658204/SRR1658204_2.fastq.gz	GSM1550885	GM19119_H3K4ME1
PRJNA268086	SAMN03202692	SRR1658205			PAIRED	ChIP	ftp.sra.ebi.ac.uk/vol1/fastq/SRR165/005/SRR1658205/SRR1658205_1.fastq.gz;ftp.sra.ebi.ac.uk/vol1/fastq/SRR165/005/SRR1658205/SRR1658205_2.fastq.gz	fasp.sra.ebi.ac.uk:/vol1/fastq/SRR165/005/SRR1658205/SRR1658205_1.fastq.gz;fasp.sra.ebi.ac.uk:/vol1/fastq/SRR165/005/SRR1658205/SRR1658205_2.fastq.gz	GSM1550886	GM18517_H3K27AC
PRJNA268086	SAMN03202780	SRR1658206			PAIRED	ChIP	ftp.sra.ebi.ac.uk/vol1/fastq/SRR165/006/SRR1658206/SRR1658206_1.fastq.gz;ftp.sra.ebi.ac.uk/vol1/fastq/SRR165/006/SRR1658206/SRR1658206_2.fastq.gz	fasp.sra.ebi.ac.uk:/vol1/fastq/SRR165/006/SRR1658206/SRR1658206_1.fastq.gz;fasp.sra.ebi.ac.uk:/vol1/fastq/SRR165/006/SRR1658206/SRR1658206_2.fastq.gz	GSM1550887	GM18502-2_H3K4ME1
PRJNA268086	SAMN03202678	SRR1658207			PAIRED	ChIP	ftp.sra.ebi.ac.uk/vol1/fastq/SRR165/007/SRR1658207/SRR1658207_1.fastq.gz;ftp.sra.ebi.ac.uk/vol1/fastq/SRR165/007/SRR1658207/SRR1658207_2.fastq.gz	fasp.sra.ebi.ac.uk:/vol1/fastq/SRR165/007/SRR1658207/SRR1658207_1.fastq.gz;fasp.sra.ebi.ac.uk:/vol1/fastq/SRR165/007/SRR1658207/SRR1658207_2.fastq.gz	GSM1550888	GM19200_H3K4ME3
PRJNA268086	SAMN03202809	SRR1658208			PAIRED	ChIP	ftp.sra.ebi.ac.uk/vol1/fastq/SRR165/008/SRR1658208/SRR1658208_1.fastq.gz;ftp.sra.ebi.ac.uk/vol1/fastq/SRR165/008/SRR1658208/SRR1658208_2.fastq.gz	fasp.sra.ebi.ac.uk:/vol1/fastq/SRR165/008/SRR1658208/SRR1658208_1.fastq.gz;fasp.sra.ebi.ac.uk:/vol1/fastq/SRR165/008/SRR1658208/SRR1658208_2.fastq.gz	GSM1550889	GM19119_H3K27AC
PRJNA268086	SAMN03202833	SRR1658209			PAIRED	ChIP	ftp.sra.ebi.ac.uk/vol1/fastq/SRR165/009/SRR1658209/SRR1658209_1.fastq.gz;ftp.sra.ebi.ac.uk/vol1/fastq/SRR165/009/SRR1658209/SRR1658209_2.fastq.gz	fasp.sra.ebi.ac.uk:/vol1/fastq/SRR165/009/SRR1658209/SRR1658209_1.fastq.gz;fasp.sra.ebi.ac.uk:/vol1/fastq/SRR165/009/SRR1658209/SRR1658209_2.fastq.gz	GSM1550890	GM19200_H3K4ME1
PRJNA268086	SAMN03202698	SRR1658210			PAIRED	ChIP	ftp.sra.ebi.ac.uk/vol1/fastq/SRR165/000/SRR1658210/SRR1658210_1.fastq.gz;ftp.sra.ebi.ac.uk/vol1/fastq/SRR165/000/SRR1658210/SRR1658210_2.fastq.gz	fasp.sra.ebi.ac.uk:/vol1/fastq/SRR165/000/SRR1658210/SRR1658210_1.fastq.gz;fasp.sra.ebi.ac.uk:/vol1/fastq/SRR165/000/SRR1658210/SRR1658210_2.fastq.gz	GSM1550891	GM19114_H3K27AC
PRJNA268086	SAMN03202775	SRR1658211			PAIRED	ChIP	ftp.sra.ebi.ac.uk/vol1/fastq/SRR165/001/SRR1658211/SRR1658211_1.fastq.gz;ftp.sra.ebi.ac.uk/vol1/fastq/SRR165/001/SRR1658211/SRR1658211_2.fastq.gz	fasp.sra.ebi.ac.uk:/vol1/fastq/SRR165/001/SRR1658211/SRR1658211_1.fastq.gz;fasp.sra.ebi.ac.uk:/vol1/fastq/SRR165/001/SRR1658211/SRR1658211_2.fastq.gz	GSM1550892	GM19209_H3K4ME3
PRJNA268086	SAMN03202685	SRR1658212			PAIRED	ChIP	ftp.sra.ebi.ac.uk/vol1/fastq/SRR165/002/SRR1658212/SRR1658212_1.fastq.gz;ftp.sra.ebi.ac.uk/vol1/fastq/SRR165/002/SRR1658212/SRR1658212_2.fastq.gz	fasp.sra.ebi.ac.uk:/vol1/fastq/SRR165/002/SRR1658212/SRR1658212_1.fastq.gz;fasp.sra.ebi.ac.uk:/vol1/fastq/SRR165/002/SRR1658212/SRR1658212_2.fastq.gz	GSM1550893	GM19209_H3K4ME1
PRJNA268086	SAMN03202786	SRR1658213			PAIRED	ChIP	ftp.sra.ebi.ac.uk/vol1/fastq/SRR165/003/SRR1658213/SRR1658213_1.fastq.gz;ftp.sra.ebi.ac.uk/vol1/fastq/SRR165/003/SRR1658213/SRR1658213_2.fastq.gz	fasp.sra.ebi.ac.uk:/vol1/fastq/SRR165/003/SRR1658213/SRR1658213_1.fastq.gz;fasp.sra.ebi.ac.uk:/vol1/fastq/SRR165/003/SRR1658213/SRR1658213_2.fastq.gz	GSM1550894	GM19160_H3K4ME3
PRJNA268086	SAMN03202755	SRR1658214			PAIRED	ChIP	ftp.sra.ebi.ac.uk/vol1/fastq/SRR165/004/SRR1658214/SRR1658214_1.fastq.gz;ftp.sra.ebi.ac.uk/vol1/fastq/SRR165/004/SRR1658214/SRR1658214_2.fastq.gz	fasp.sra.ebi.ac.uk:/vol1/fastq/SRR165/004/SRR1658214/SRR1658214_1.fastq.gz;fasp.sra.ebi.ac.uk:/vol1/fastq/SRR165/004/SRR1658214/SRR1658214_2.fastq.gz	GSM1550895	GM19209_H3K27AC
PRJNA268086	SAMN03202769	SRR1658215			PAIRED	ChIP	ftp.sra.ebi.ac.uk/vol1/fastq/SRR165/005/SRR1658215/SRR1658215_1.fastq.gz;ftp.sra.ebi.ac.uk/vol1/fastq/SRR165/005/SRR1658215/SRR1658215_2.fastq.gz	fasp.sra.ebi.ac.uk:/vol1/fastq/SRR165/005/SRR1658215/SRR1658215_1.fastq.gz;fasp.sra.ebi.ac.uk:/vol1/fastq/SRR165/005/SRR1658215/SRR1658215_2.fastq.gz	GSM1550896	GM19171_H3K27AC
PRJNA268086	SAMN03202829	SRR1658216			PAIRED	ChIP	ftp.sra.ebi.ac.uk/vol1/fastq/SRR165/006/SRR1658216/SRR1658216_1.fastq.gz;ftp.sra.ebi.ac.uk/vol1/fastq/SRR165/006/SRR1658216/SRR1658216_2.fastq.gz	fasp.sra.ebi.ac.uk:/vol1/fastq/SRR165/006/SRR1658216/SRR1658216_1.fastq.gz;fasp.sra.ebi.ac.uk:/vol1/fastq/SRR165/006/SRR1658216/SRR1658216_2.fastq.gz	GSM1550897	GM18861_H3K4ME1
PRJNA268086	SAMN03202830	SRR1658217			PAIRED	ChIP	ftp.sra.ebi.ac.uk/vol1/fastq/SRR165/007/SRR1658217/SRR1658217_1.fastq.gz;ftp.sra.ebi.ac.uk/vol1/fastq/SRR165/007/SRR1658217/SRR1658217_2.fastq.gz	fasp.sra.ebi.ac.uk:/vol1/fastq/SRR165/007/SRR1658217/SRR1658217_1.fastq.gz;fasp.sra.ebi.ac.uk:/vol1/fastq/SRR165/007/SRR1658217/SRR1658217_2.fastq.gz	GSM1550898	GM18916_H3K4ME3
PRJNA268086	SAMN03202817	SRR1658218			PAIRED	ChIP	ftp.sra.ebi.ac.uk/vol1/fastq/SRR165/008/SRR1658218/SRR1658218_1.fastq.gz;ftp.sra.ebi.ac.uk/vol1/fastq/SRR165/008/SRR1658218/SRR1658218_2.fastq.gz	fasp.sra.ebi.ac.uk:/vol1/fastq/SRR165/008/SRR1658218/SRR1658218_1.fastq.gz;fasp.sra.ebi.ac.uk:/vol1/fastq/SRR165/008/SRR1658218/SRR1658218_2.fastq.gz	GSM1550899	GM18861_H3K4ME3
PRJNA268086	SAMN03202776	SRR1658219			PAIRED	ChIP	ftp.sra.ebi.ac.uk/vol1/fastq/SRR165/009/SRR1658219/SRR1658219_1.fastq.gz;ftp.sra.ebi.ac.uk/vol1/fastq/SRR165/009/SRR1658219/SRR1658219_2.fastq.gz	fasp.sra.ebi.ac.uk:/vol1/fastq/SRR165/009/SRR1658219/SRR1658219_1.fastq.gz;fasp.sra.ebi.ac.uk:/vol1/fastq/SRR165/009/SRR1658219/SRR1658219_2.fastq.gz	GSM1550900	GM18916_H3K4ME1
PRJNA268086	SAMN03202819	SRR1658220			PAIRED	ChIP	ftp.sra.ebi.ac.uk/vol1/fastq/SRR165/000/SRR1658220/SRR1658220_1.fastq.gz;ftp.sra.ebi.ac.uk/vol1/fastq/SRR165/000/SRR1658220/SRR1658220_2.fastq.gz	fasp.sra.ebi.ac.uk:/vol1/fastq/SRR165/000/SRR1658220/SRR1658220_1.fastq.gz;fasp.sra.ebi.ac.uk:/vol1/fastq/SRR165/000/SRR1658220/SRR1658220_2.fastq.gz	GSM1550901	GM18510_H3K4ME1
PRJNA268086	SAMN03202745	SRR1658221			PAIRED	ChIP	ftp.sra.ebi.ac.uk/vol1/fastq/SRR165/001/SRR1658221/SRR1658221_1.fastq.gz;ftp.sra.ebi.ac.uk/vol1/fastq/SRR165/001/SRR1658221/SRR1658221_2.fastq.gz	fasp.sra.ebi.ac.uk:/vol1/fastq/SRR165/001/SRR1658221/SRR1658221_1.fastq.gz;fasp.sra.ebi.ac.uk:/vol1/fastq/SRR165/001/SRR1658221/SRR1658221_2.fastq.gz	GSM1550902	GM18510_H3K4ME3
PRJNA268086	SAMN03202800	SRR1658222			PAIRED	ChIP	ftp.sra.ebi.ac.uk/vol1/fastq/SRR165/002/SRR1658222/SRR1658222_1.fastq.gz;ftp.sra.ebi.ac.uk/vol1/fastq/SRR165/002/SRR1658222/SRR1658222_2.fastq.gz	fasp.sra.ebi.ac.uk:/vol1/fastq/SRR165/002/SRR1658222/SRR1658222_1.fastq.gz;fasp.sra.ebi.ac.uk:/vol1/fastq/SRR165/002/SRR1658222/SRR1658222_2.fastq.gz	GSM1550903	GM19137_H3K4ME3
PRJNA268086	SAMN03202758	SRR1658223			PAIRED	ChIP	ftp.sra.ebi.ac.uk/vol1/fastq/SRR165/003/SRR1658223/SRR1658223_1.fastq.gz;ftp.sra.ebi.ac.uk/vol1/fastq/SRR165/003/SRR1658223/SRR1658223_2.fastq.gz	fasp.sra.ebi.ac.uk:/vol1/fastq/SRR165/003/SRR1658223/SRR1658223_1.fastq.gz;fasp.sra.ebi.ac.uk:/vol1/fastq/SRR165/003/SRR1658223/SRR1658223_2.fastq.gz	GSM1550904	GM19137_H3K4ME1
PRJNA268086	SAMN03202773	SRR1658224			PAIRED	ChIP	ftp.sra.ebi.ac.uk/vol1/fastq/SRR165/004/SRR1658224/SRR1658224_1.fastq.gz;ftp.sra.ebi.ac.uk/vol1/fastq/SRR165/004/SRR1658224/SRR1658224_2.fastq.gz	fasp.sra.ebi.ac.uk:/vol1/fastq/SRR165/004/SRR1658224/SRR1658224_1.fastq.gz;fasp.sra.ebi.ac.uk:/vol1/fastq/SRR165/004/SRR1658224/SRR1658224_2.fastq.gz	GSM1550905	GM18499-2_H3K27AC
PRJNA268086	SAMN03202712	SRR1658225			PAIRED	ChIP	ftp.sra.ebi.ac.uk/vol1/fastq/SRR165/005/SRR1658225/SRR1658225_1.fastq.gz;ftp.sra.ebi.ac.uk/vol1/fastq/SRR165/005/SRR1658225/SRR1658225_2.fastq.gz	fasp.sra.ebi.ac.uk:/vol1/fastq/SRR165/005/SRR1658225/SRR1658225_1.fastq.gz;fasp.sra.ebi.ac.uk:/vol1/fastq/SRR165/005/SRR1658225/SRR1658225_2.fastq.gz	GSM1550906	GM18489_H3K4ME3
PRJNA268086	SAMN03202736	SRR1658226			PAIRED	ChIP	ftp.sra.ebi.ac.uk/vol1/fastq/SRR165/006/SRR1658226/SRR1658226_1.fastq.gz;ftp.sra.ebi.ac.uk/vol1/fastq/SRR165/006/SRR1658226/SRR1658226_2.fastq.gz	fasp.sra.ebi.ac.uk:/vol1/fastq/SRR165/006/SRR1658226/SRR1658226_1.fastq.gz;fasp.sra.ebi.ac.uk:/vol1/fastq/SRR165/006/SRR1658226/SRR1658226_2.fastq.gz	GSM1550907	GM18489_H3K4ME1
PRJNA268086	SAMN03202826	SRR1658227			PAIRED	ChIP	ftp.sra.ebi.ac.uk/vol1/fastq/SRR165/007/SRR1658227/SRR1658227_1.fastq.gz;ftp.sra.ebi.ac.uk/vol1/fastq/SRR165/007/SRR1658227/SRR1658227_2.fastq.gz	fasp.sra.ebi.ac.uk:/vol1/fastq/SRR165/007/SRR1658227/SRR1658227_1.fastq.gz;fasp.sra.ebi.ac.uk:/vol1/fastq/SRR165/007/SRR1658227/SRR1658227_2.fastq.gz	GSM1550908	GM18504_H3K27AC
PRJNA268086	SAMN03202688	SRR1658228			PAIRED	ChIP	ftp.sra.ebi.ac.uk/vol1/fastq/SRR165/008/SRR1658228/SRR1658228_1.fastq.gz;ftp.sra.ebi.ac.uk/vol1/fastq/SRR165/008/SRR1658228/SRR1658228_2.fastq.gz	fasp.sra.ebi.ac.uk:/vol1/fastq/SRR165/008/SRR1658228/SRR1658228_1.fastq.gz;fasp.sra.ebi.ac.uk:/vol1/fastq/SRR165/008/SRR1658228/SRR1658228_2.fastq.gz	GSM1550909	GM18870_H3K27AC
PRJNA268086	SAMN03202697	SRR1658229			PAIRED	ChIP	ftp.sra.ebi.ac.uk/vol1/fastq/SRR165/009/SRR1658229/SRR1658229_1.fastq.gz;ftp.sra.ebi.ac.uk/vol1/fastq/SRR165/009/SRR1658229/SRR1658229_2.fastq.gz	fasp.sra.ebi.ac.uk:/vol1/fastq/SRR165/009/SRR1658229/SRR1658229_1.fastq.gz;fasp.sra.ebi.ac.uk:/vol1/fastq/SRR165/009/SRR1658229/SRR1658229_2.fastq.gz	GSM1550910	GM18501_H3K27AC
PRJNA268086	SAMN03202723	SRR1658230			PAIRED	ChIP	ftp.sra.ebi.ac.uk/vol1/fastq/SRR165/000/SRR1658230/SRR1658230_1.fastq.gz;ftp.sra.ebi.ac.uk/vol1/fastq/SRR165/000/SRR1658230/SRR1658230_2.fastq.gz	fasp.sra.ebi.ac.uk:/vol1/fastq/SRR165/000/SRR1658230/SRR1658230_1.fastq.gz;fasp.sra.ebi.ac.uk:/vol1/fastq/SRR165/000/SRR1658230/SRR1658230_2.fastq.gz	GSM1550911	GM19093_H3K4ME1
PRJNA268086	SAMN03202823	SRR1658231			PAIRED	ChIP	ftp.sra.ebi.ac.uk/vol1/fastq/SRR165/001/SRR1658231/SRR1658231_1.fastq.gz;ftp.sra.ebi.ac.uk/vol1/fastq/SRR165/001/SRR1658231/SRR1658231_2.fastq.gz	fasp.sra.ebi.ac.uk:/vol1/fastq/SRR165/001/SRR1658231/SRR1658231_1.fastq.gz;fasp.sra.ebi.ac.uk:/vol1/fastq/SRR165/001/SRR1658231/SRR1658231_2.fastq.gz	GSM1550912	GM18502_H3K4ME1
PRJNA268086	SAMN03202730	SRR1658232			PAIRED	ChIP	ftp.sra.ebi.ac.uk/vol1/fastq/SRR165/002/SRR1658232/SRR1658232_1.fastq.gz;ftp.sra.ebi.ac.uk/vol1/fastq/SRR165/002/SRR1658232/SRR1658232_2.fastq.gz	fasp.sra.ebi.ac.uk:/vol1/fastq/SRR165/002/SRR1658232/SRR1658232_1.fastq.gz;fasp.sra.ebi.ac.uk:/vol1/fastq/SRR165/002/SRR1658232/SRR1658232_2.fastq.gz	GSM1550913	GM18861_H3K27AC
PRJNA268086	SAMN03202739	SRR1658233			PAIRED	ChIP	ftp.sra.ebi.ac.uk/vol1/fastq/SRR165/003/SRR1658233/SRR1658233_1.fastq.gz;ftp.sra.ebi.ac.uk/vol1/fastq/SRR165/003/SRR1658233/SRR1658233_2.fastq.gz	fasp.sra.ebi.ac.uk:/vol1/fastq/SRR165/003/SRR1658233/SRR1658233_1.fastq.gz;fasp.sra.ebi.ac.uk:/vol1/fastq/SRR165/003/SRR1658233/SRR1658233_2.fastq.gz	GSM1550914	GM18502_H3K4ME3
PRJNA268086	SAMN03202766	SRR1658234			PAIRED	ChIP	ftp.sra.ebi.ac.uk/vol1/fastq/SRR165/004/SRR1658234/SRR1658234_1.fastq.gz;ftp.sra.ebi.ac.uk/vol1/fastq/SRR165/004/SRR1658234/SRR1658234_2.fastq.gz	fasp.sra.ebi.ac.uk:/vol1/fastq/SRR165/004/SRR1658234/SRR1658234_1.fastq.gz;fasp.sra.ebi.ac.uk:/vol1/fastq/SRR165/004/SRR1658234/SRR1658234_2.fastq.gz	GSM1550915	GM19093_H3K4ME3
PRJNA268086	SAMN03202691	SRR1658235			PAIRED	ChIP	ftp.sra.ebi.ac.uk/vol1/fastq/SRR165/005/SRR1658235/SRR1658235_1.fastq.gz;ftp.sra.ebi.ac.uk/vol1/fastq/SRR165/005/SRR1658235/SRR1658235_2.fastq.gz	fasp.sra.ebi.ac.uk:/vol1/fastq/SRR165/005/SRR1658235/SRR1658235_1.fastq.gz;fasp.sra.ebi.ac.uk:/vol1/fastq/SRR165/005/SRR1658235/SRR1658235_2.fastq.gz	GSM1550916	GM18507_H3K4ME1
PRJNA268086	SAMN03202789	SRR1658236			PAIRED	ChIP	ftp.sra.ebi.ac.uk/vol1/fastq/SRR165/006/SRR1658236/SRR1658236_1.fastq.gz;ftp.sra.ebi.ac.uk/vol1/fastq/SRR165/006/SRR1658236/SRR1658236_2.fastq.gz	fasp.sra.ebi.ac.uk:/vol1/fastq/SRR165/006/SRR1658236/SRR1658236_1.fastq.gz;fasp.sra.ebi.ac.uk:/vol1/fastq/SRR165/006/SRR1658236/SRR1658236_2.fastq.gz	GSM1550917	GM18499_H3K4ME1
PRJNA268086	SAMN03202675	SRR1658237			PAIRED	ChIP	ftp.sra.ebi.ac.uk/vol1/fastq/SRR165/007/SRR1658237/SRR1658237_1.fastq.gz;ftp.sra.ebi.ac.uk/vol1/fastq/SRR165/007/SRR1658237/SRR1658237_2.fastq.gz	fasp.sra.ebi.ac.uk:/vol1/fastq/SRR165/007/SRR1658237/SRR1658237_1.fastq.gz;fasp.sra.ebi.ac.uk:/vol1/fastq/SRR165/007/SRR1658237/SRR1658237_2.fastq.gz	GSM1550918	GM18499_H3K4ME3
PRJNA268086	SAMN03202763	SRR1658238			PAIRED	ChIP	ftp.sra.ebi.ac.uk/vol1/fastq/SRR165/008/SRR1658238/SRR1658238_1.fastq.gz;ftp.sra.ebi.ac.uk/vol1/fastq/SRR165/008/SRR1658238/SRR1658238_2.fastq.gz	fasp.sra.ebi.ac.uk:/vol1/fastq/SRR165/008/SRR1658238/SRR1658238_1.fastq.gz;fasp.sra.ebi.ac.uk:/vol1/fastq/SRR165/008/SRR1658238/SRR1658238_2.fastq.gz	GSM1550919	GM19114_H3K4ME3
PRJNA268086	SAMN03202709	SRR1658239			PAIRED	ChIP	ftp.sra.ebi.ac.uk/vol1/fastq/SRR165/009/SRR1658239/SRR1658239_1.fastq.gz;ftp.sra.ebi.ac.uk/vol1/fastq/SRR165/009/SRR1658239/SRR1658239_2.fastq.gz	fasp.sra.ebi.ac.uk:/vol1/fastq/SRR165/009/SRR1658239/SRR1658239_1.fastq.gz;fasp.sra.ebi.ac.uk:/vol1/fastq/SRR165/009/SRR1658239/SRR1658239_2.fastq.gz	GSM1550920	GM19114_H3K4ME1
PRJNA268086	SAMN03202729	SRR1658240			PAIRED	ChIP	ftp.sra.ebi.ac.uk/vol1/fastq/SRR165/000/SRR1658240/SRR1658240_1.fastq.gz;ftp.sra.ebi.ac.uk/vol1/fastq/SRR165/000/SRR1658240/SRR1658240_2.fastq.gz	fasp.sra.ebi.ac.uk:/vol1/fastq/SRR165/000/SRR1658240/SRR1658240_1.fastq.gz;fasp.sra.ebi.ac.uk:/vol1/fastq/SRR165/000/SRR1658240/SRR1658240_2.fastq.gz	GSM1550921	GM19147-1_H3K27AC
PRJNA268086	SAMN03202687	SRR1658241			PAIRED	ChIP	ftp.sra.ebi.ac.uk/vol1/fastq/SRR165/001/SRR1658241/SRR1658241_1.fastq.gz;ftp.sra.ebi.ac.uk/vol1/fastq/SRR165/001/SRR1658241/SRR1658241_2.fastq.gz	fasp.sra.ebi.ac.uk:/vol1/fastq/SRR165/001/SRR1658241/SRR1658241_1.fastq.gz;fasp.sra.ebi.ac.uk:/vol1/fastq/SRR165/001/SRR1658241/SRR1658241_2.fastq.gz	GSM1550922	GM18507_H3K4ME3
PRJNA268086	SAMN03202756	SRR1658242			PAIRED	ChIP	ftp.sra.ebi.ac.uk/vol1/fastq/SRR165/002/SRR1658242/SRR1658242_1.fastq.gz;ftp.sra.ebi.ac.uk/vol1/fastq/SRR165/002/SRR1658242/SRR1658242_2.fastq.gz	fasp.sra.ebi.ac.uk:/vol1/fastq/SRR165/002/SRR1658242/SRR1658242_1.fastq.gz;fasp.sra.ebi.ac.uk:/vol1/fastq/SRR165/002/SRR1658242/SRR1658242_2.fastq.gz	GSM1550923	GM18522_H3K27AC
PRJNA268086	SAMN03202748	SRR1658243			PAIRED	ChIP	ftp.sra.ebi.ac.uk/vol1/fastq/SRR165/003/SRR1658243/SRR1658243_1.fastq.gz;ftp.sra.ebi.ac.uk/vol1/fastq/SRR165/003/SRR1658243/SRR1658243_2.fastq.gz	fasp.sra.ebi.ac.uk:/vol1/fastq/SRR165/003/SRR1658243/SRR1658243_1.fastq.gz;fasp.sra.ebi.ac.uk:/vol1/fastq/SRR165/003/SRR1658243/SRR1658243_2.fastq.gz	GSM1550924	GM19098_H3K27AC
PRJNA268086	SAMN03202699	SRR1658244			PAIRED	ChIP	ftp.sra.ebi.ac.uk/vol1/fastq/SRR165/004/SRR1658244/SRR1658244_1.fastq.gz;ftp.sra.ebi.ac.uk/vol1/fastq/SRR165/004/SRR1658244/SRR1658244_2.fastq.gz	fasp.sra.ebi.ac.uk:/vol1/fastq/SRR165/004/SRR1658244/SRR1658244_1.fastq.gz;fasp.sra.ebi.ac.uk:/vol1/fastq/SRR165/004/SRR1658244/SRR1658244_2.fastq.gz	GSM1550925	GM18502_H3K27AC
PRJNA268086	SAMN03202794	SRR1658245			PAIRED	ChIP	ftp.sra.ebi.ac.uk/vol1/fastq/SRR165/005/SRR1658245/SRR1658245_1.fastq.gz;ftp.sra.ebi.ac.uk/vol1/fastq/SRR165/005/SRR1658245/SRR1658245_2.fastq.gz	fasp.sra.ebi.ac.uk:/vol1/fastq/SRR165/005/SRR1658245/SRR1658245_1.fastq.gz;fasp.sra.ebi.ac.uk:/vol1/fastq/SRR165/005/SRR1658245/SRR1658245_2.fastq.gz	GSM1550926	GM18489-2_H3K27AC
PRJNA268086	SAMN03202741	SRR1658246			PAIRED	ChIP	ftp.sra.ebi.ac.uk/vol1/fastq/SRR165/006/SRR1658246/SRR1658246_1.fastq.gz;ftp.sra.ebi.ac.uk/vol1/fastq/SRR165/006/SRR1658246/SRR1658246_2.fastq.gz	fasp.sra.ebi.ac.uk:/vol1/fastq/SRR165/006/SRR1658246/SRR1658246_1.fastq.gz;fasp.sra.ebi.ac.uk:/vol1/fastq/SRR165/006/SRR1658246/SRR1658246_2.fastq.gz	GSM1550927	GM19204_H3K27AC
PRJNA268086	SAMN03202822	SRR1658247			PAIRED	ChIP	ftp.sra.ebi.ac.uk/vol1/fastq/SRR165/007/SRR1658247/SRR1658247_1.fastq.gz;ftp.sra.ebi.ac.uk/vol1/fastq/SRR165/007/SRR1658247/SRR1658247_2.fastq.gz	fasp.sra.ebi.ac.uk:/vol1/fastq/SRR165/007/SRR1658247/SRR1658247_1.fastq.gz;fasp.sra.ebi.ac.uk:/vol1/fastq/SRR165/007/SRR1658247/SRR1658247_2.fastq.gz	GSM1550928	GM18511_H3K27AC
PRJNA268086	SAMN03202693	SRR1658248			PAIRED	ChIP	ftp.sra.ebi.ac.uk/vol1/fastq/SRR165/008/SRR1658248/SRR1658248_1.fastq.gz;ftp.sra.ebi.ac.uk/vol1/fastq/SRR165/008/SRR1658248/SRR1658248_2.fastq.gz	fasp.sra.ebi.ac.uk:/vol1/fastq/SRR165/008/SRR1658248/SRR1658248_1.fastq.gz;fasp.sra.ebi.ac.uk:/vol1/fastq/SRR165/008/SRR1658248/SRR1658248_2.fastq.gz	GSM1550929	GM18519_H3K4ME1
PRJNA268086	SAMN03202720	SRR1658249			PAIRED	ChIP	ftp.sra.ebi.ac.uk/vol1/fastq/SRR165/009/SRR1658249/SRR1658249_1.fastq.gz;ftp.sra.ebi.ac.uk/vol1/fastq/SRR165/009/SRR1658249/SRR1658249_2.fastq.gz	fasp.sra.ebi.ac.uk:/vol1/fastq/SRR165/009/SRR1658249/SRR1658249_1.fastq.gz;fasp.sra.ebi.ac.uk:/vol1/fastq/SRR165/009/SRR1658249/SRR1658249_2.fastq.gz	GSM1550930	GM19225_H3K4ME1
PRJNA268086	SAMN03202680	SRR1658250			PAIRED	ChIP	ftp.sra.ebi.ac.uk/vol1/fastq/SRR165/000/SRR1658250/SRR1658250_1.fastq.gz;ftp.sra.ebi.ac.uk/vol1/fastq/SRR165/000/SRR1658250/SRR1658250_2.fastq.gz	fasp.sra.ebi.ac.uk:/vol1/fastq/SRR165/000/SRR1658250/SRR1658250_1.fastq.gz;fasp.sra.ebi.ac.uk:/vol1/fastq/SRR165/000/SRR1658250/SRR1658250_2.fastq.gz	GSM1550931	GM18519_H3K4ME3
PRJNA268086	SAMN03202695	SRR1658251			PAIRED	ChIP	ftp.sra.ebi.ac.uk/vol1/fastq/SRR165/001/SRR1658251/SRR1658251_1.fastq.gz;ftp.sra.ebi.ac.uk/vol1/fastq/SRR165/001/SRR1658251/SRR1658251_2.fastq.gz	fasp.sra.ebi.ac.uk:/vol1/fastq/SRR165/001/SRR1658251/SRR1658251_1.fastq.gz;fasp.sra.ebi.ac.uk:/vol1/fastq/SRR165/001/SRR1658251/SRR1658251_2.fastq.gz	GSM1550932	GM19225_H3K4ME3
PRJNA268086	SAMN03202814	SRR1658252			PAIRED	ChIP	ftp.sra.ebi.ac.uk/vol1/fastq/SRR165/002/SRR1658252/SRR1658252_1.fastq.gz;ftp.sra.ebi.ac.uk/vol1/fastq/SRR165/002/SRR1658252/SRR1658252_2.fastq.gz	fasp.sra.ebi.ac.uk:/vol1/fastq/SRR165/002/SRR1658252/SRR1658252_1.fastq.gz;fasp.sra.ebi.ac.uk:/vol1/fastq/SRR165/002/SRR1658252/SRR1658252_2.fastq.gz	GSM1550933	GM19099_H3K4ME3
PRJNA268086	SAMN03202808	SRR1658253			PAIRED	ChIP	ftp.sra.ebi.ac.uk/vol1/fastq/SRR165/003/SRR1658253/SRR1658253_1.fastq.gz;ftp.sra.ebi.ac.uk/vol1/fastq/SRR165/003/SRR1658253/SRR1658253_2.fastq.gz	fasp.sra.ebi.ac.uk:/vol1/fastq/SRR165/003/SRR1658253/SRR1658253_1.fastq.gz;fasp.sra.ebi.ac.uk:/vol1/fastq/SRR165/003/SRR1658253/SRR1658253_2.fastq.gz	GSM1550934	GM18853_H3K4ME3
PRJNA268086	SAMN03202671	SRR1658254			PAIRED	ChIP	ftp.sra.ebi.ac.uk/vol1/fastq/SRR165/004/SRR1658254/SRR1658254_1.fastq.gz;ftp.sra.ebi.ac.uk/vol1/fastq/SRR165/004/SRR1658254/SRR1658254_2.fastq.gz	fasp.sra.ebi.ac.uk:/vol1/fastq/SRR165/004/SRR1658254/SRR1658254_1.fastq.gz;fasp.sra.ebi.ac.uk:/vol1/fastq/SRR165/004/SRR1658254/SRR1658254_2.fastq.gz	GSM1550935	GM19099_H3K4ME1
PRJNA268086	SAMN03202673	SRR1658255			PAIRED	ChIP	ftp.sra.ebi.ac.uk/vol1/fastq/SRR165/005/SRR1658255/SRR1658255_1.fastq.gz;ftp.sra.ebi.ac.uk/vol1/fastq/SRR165/005/SRR1658255/SRR1658255_2.fastq.gz	fasp.sra.ebi.ac.uk:/vol1/fastq/SRR165/005/SRR1658255/SRR1658255_1.fastq.gz;fasp.sra.ebi.ac.uk:/vol1/fastq/SRR165/005/SRR1658255/SRR1658255_2.fastq.gz	GSM1550936	GM18853_H3K4ME1
PRJNA268086	SAMN03202812	SRR1658256			PAIRED	ChIP	ftp.sra.ebi.ac.uk/vol1/fastq/SRR165/006/SRR1658256/SRR1658256_1.fastq.gz;ftp.sra.ebi.ac.uk/vol1/fastq/SRR165/006/SRR1658256/SRR1658256_2.fastq.gz	fasp.sra.ebi.ac.uk:/vol1/fastq/SRR165/006/SRR1658256/SRR1658256_1.fastq.gz;fasp.sra.ebi.ac.uk:/vol1/fastq/SRR165/006/SRR1658256/SRR1658256_2.fastq.gz	GSM1550937	GM18489-2_H3K4ME1
PRJNA268086	SAMN03202838	SRR1658257			PAIRED	ChIP	ftp.sra.ebi.ac.uk/vol1/fastq/SRR165/007/SRR1658257/SRR1658257_1.fastq.gz;ftp.sra.ebi.ac.uk/vol1/fastq/SRR165/007/SRR1658257/SRR1658257_2.fastq.gz	fasp.sra.ebi.ac.uk:/vol1/fastq/SRR165/007/SRR1658257/SRR1658257_1.fastq.gz;fasp.sra.ebi.ac.uk:/vol1/fastq/SRR165/007/SRR1658257/SRR1658257_2.fastq.gz	GSM1550938	GM18489-2_H3K4ME3
PRJNA268086	SAMN03202686	SRR1658258			PAIRED	ChIP	ftp.sra.ebi.ac.uk/vol1/fastq/SRR165/008/SRR1658258/SRR1658258_1.fastq.gz;ftp.sra.ebi.ac.uk/vol1/fastq/SRR165/008/SRR1658258/SRR1658258_2.fastq.gz	fasp.sra.ebi.ac.uk:/vol1/fastq/SRR165/008/SRR1658258/SRR1658258_1.fastq.gz;fasp.sra.ebi.ac.uk:/vol1/fastq/SRR165/008/SRR1658258/SRR1658258_2.fastq.gz	GSM1550939	GM19130_H3K4ME1
PRJNA268086	SAMN03202831	SRR1658259			PAIRED	ChIP	ftp.sra.ebi.ac.uk/vol1/fastq/SRR165/009/SRR1658259/SRR1658259_1.fastq.gz;ftp.sra.ebi.ac.uk/vol1/fastq/SRR165/009/SRR1658259/SRR1658259_2.fastq.gz	fasp.sra.ebi.ac.uk:/vol1/fastq/SRR165/009/SRR1658259/SRR1658259_1.fastq.gz;fasp.sra.ebi.ac.uk:/vol1/fastq/SRR165/009/SRR1658259/SRR1658259_2.fastq.gz	GSM1550940	GM19222_H3K4ME1
PRJNA268086	SAMN03202796	SRR1658260			PAIRED	ChIP	ftp.sra.ebi.ac.uk/vol1/fastq/SRR165/000/SRR1658260/SRR1658260_1.fastq.gz;ftp.sra.ebi.ac.uk/vol1/fastq/SRR165/000/SRR1658260/SRR1658260_2.fastq.gz	fasp.sra.ebi.ac.uk:/vol1/fastq/SRR165/000/SRR1658260/SRR1658260_1.fastq.gz;fasp.sra.ebi.ac.uk:/vol1/fastq/SRR165/000/SRR1658260/SRR1658260_2.fastq.gz	GSM1550941	GM19130_H3K4ME3
PRJNA268086	SAMN03202832	SRR1658261			PAIRED	ChIP	ftp.sra.ebi.ac.uk/vol1/fastq/SRR165/001/SRR1658261/SRR1658261_1.fastq.gz;ftp.sra.ebi.ac.uk/vol1/fastq/SRR165/001/SRR1658261/SRR1658261_2.fastq.gz	fasp.sra.ebi.ac.uk:/vol1/fastq/SRR165/001/SRR1658261/SRR1658261_1.fastq.gz;fasp.sra.ebi.ac.uk:/vol1/fastq/SRR165/001/SRR1658261/SRR1658261_2.fastq.gz	GSM1550942	GM18499-2_H3K4ME3
PRJNA268086	SAMN03202757	SRR1658262			PAIRED	ChIP	ftp.sra.ebi.ac.uk/vol1/fastq/SRR165/002/SRR1658262/SRR1658262_1.fastq.gz;ftp.sra.ebi.ac.uk/vol1/fastq/SRR165/002/SRR1658262/SRR1658262_2.fastq.gz	fasp.sra.ebi.ac.uk:/vol1/fastq/SRR165/002/SRR1658262/SRR1658262_1.fastq.gz;fasp.sra.ebi.ac.uk:/vol1/fastq/SRR165/002/SRR1658262/SRR1658262_2.fastq.gz	GSM1550943	GM18499-2_H3K4ME1
PRJNA268086	SAMN03202724	SRR1658263			PAIRED	ChIP	ftp.sra.ebi.ac.uk/vol1/fastq/SRR165/003/SRR1658263/SRR1658263_1.fastq.gz;ftp.sra.ebi.ac.uk/vol1/fastq/SRR165/003/SRR1658263/SRR1658263_2.fastq.gz	fasp.sra.ebi.ac.uk:/vol1/fastq/SRR165/003/SRR1658263/SRR1658263_1.fastq.gz;fasp.sra.ebi.ac.uk:/vol1/fastq/SRR165/003/SRR1658263/SRR1658263_2.fastq.gz	GSM1550944	GM19257_H3K27AC
PRJNA268086	SAMN03202684	SRR1658264			PAIRED	ChIP	ftp.sra.ebi.ac.uk/vol1/fastq/SRR165/004/SRR1658264/SRR1658264_1.fastq.gz;ftp.sra.ebi.ac.uk/vol1/fastq/SRR165/004/SRR1658264/SRR1658264_2.fastq.gz	fasp.sra.ebi.ac.uk:/vol1/fastq/SRR165/004/SRR1658264/SRR1658264_1.fastq.gz;fasp.sra.ebi.ac.uk:/vol1/fastq/SRR165/004/SRR1658264/SRR1658264_2.fastq.gz	GSM1550945	GM19222_H3K27AC
PRJNA268086	SAMN03202791	SRR1658265			PAIRED	ChIP	ftp.sra.ebi.ac.uk/vol1/fastq/SRR165/005/SRR1658265/SRR1658265_1.fastq.gz;ftp.sra.ebi.ac.uk/vol1/fastq/SRR165/005/SRR1658265/SRR1658265_2.fastq.gz	fasp.sra.ebi.ac.uk:/vol1/fastq/SRR165/005/SRR1658265/SRR1658265_1.fastq.gz;fasp.sra.ebi.ac.uk:/vol1/fastq/SRR165/005/SRR1658265/SRR1658265_2.fastq.gz	GSM1550946	GM19147-2_H3K27AC
PRJNA268086	SAMN03202744	SRR1658266			PAIRED	ChIP	ftp.sra.ebi.ac.uk/vol1/fastq/SRR165/006/SRR1658266/SRR1658266_1.fastq.gz;ftp.sra.ebi.ac.uk/vol1/fastq/SRR165/006/SRR1658266/SRR1658266_2.fastq.gz	fasp.sra.ebi.ac.uk:/vol1/fastq/SRR165/006/SRR1658266/SRR1658266_1.fastq.gz;fasp.sra.ebi.ac.uk:/vol1/fastq/SRR165/006/SRR1658266/SRR1658266_2.fastq.gz	GSM1550947	GM18498-2_H3K4ME3
PRJNA268086	SAMN03202811	SRR1658267			PAIRED	ChIP	ftp.sra.ebi.ac.uk/vol1/fastq/SRR165/007/SRR1658267/SRR1658267_1.fastq.gz;ftp.sra.ebi.ac.uk/vol1/fastq/SRR165/007/SRR1658267/SRR1658267_2.fastq.gz	fasp.sra.ebi.ac.uk:/vol1/fastq/SRR165/007/SRR1658267/SRR1658267_1.fastq.gz;fasp.sra.ebi.ac.uk:/vol1/fastq/SRR165/007/SRR1658267/SRR1658267_2.fastq.gz	GSM1550948	GM19130_H3K27AC
PRJNA268086	SAMN03202801	SRR1658268			PAIRED	ChIP	ftp.sra.ebi.ac.uk/vol1/fastq/SRR165/008/SRR1658268/SRR1658268_1.fastq.gz;ftp.sra.ebi.ac.uk/vol1/fastq/SRR165/008/SRR1658268/SRR1658268_2.fastq.gz	fasp.sra.ebi.ac.uk:/vol1/fastq/SRR165/008/SRR1658268/SRR1658268_1.fastq.gz;fasp.sra.ebi.ac.uk:/vol1/fastq/SRR165/008/SRR1658268/SRR1658268_2.fastq.gz	GSM1550949	GM18498-2_H3K4ME1
PRJNA268086	SAMN03202790	SRR1658269			PAIRED	ChIP	ftp.sra.ebi.ac.uk/vol1/fastq/SRR165/009/SRR1658269/SRR1658269_1.fastq.gz;ftp.sra.ebi.ac.uk/vol1/fastq/SRR165/009/SRR1658269/SRR1658269_2.fastq.gz	fasp.sra.ebi.ac.uk:/vol1/fastq/SRR165/009/SRR1658269/SRR1658269_1.fastq.gz;fasp.sra.ebi.ac.uk:/vol1/fastq/SRR165/009/SRR1658269/SRR1658269_2.fastq.gz	GSM1550950	GM19200_H3K27AC
PRJNA268086	SAMN03202674	SRR1658270			PAIRED	ChIP	ftp.sra.ebi.ac.uk/vol1/fastq/SRR165/000/SRR1658270/SRR1658270_1.fastq.gz;ftp.sra.ebi.ac.uk/vol1/fastq/SRR165/000/SRR1658270/SRR1658270_2.fastq.gz	fasp.sra.ebi.ac.uk:/vol1/fastq/SRR165/000/SRR1658270/SRR1658270_1.fastq.gz;fasp.sra.ebi.ac.uk:/vol1/fastq/SRR165/000/SRR1658270/SRR1658270_2.fastq.gz	GSM1550951	GM19108_H3K27AC
PRJNA268086	SAMN03202732	SRR1658271			PAIRED	ChIP	ftp.sra.ebi.ac.uk/vol1/fastq/SRR165/001/SRR1658271/SRR1658271_1.fastq.gz;ftp.sra.ebi.ac.uk/vol1/fastq/SRR165/001/SRR1658271/SRR1658271_2.fastq.gz	fasp.sra.ebi.ac.uk:/vol1/fastq/SRR165/001/SRR1658271/SRR1658271_1.fastq.gz;fasp.sra.ebi.ac.uk:/vol1/fastq/SRR165/001/SRR1658271/SRR1658271_2.fastq.gz	GSM1550952	GM19257_H3K4ME3
PRJNA268086	SAMN03202828	SRR1658272			PAIRED	ChIP	ftp.sra.ebi.ac.uk/vol1/fastq/SRR165/002/SRR1658272/SRR1658272_1.fastq.gz;ftp.sra.ebi.ac.uk/vol1/fastq/SRR165/002/SRR1658272/SRR1658272_2.fastq.gz	fasp.sra.ebi.ac.uk:/vol1/fastq/SRR165/002/SRR1658272/SRR1658272_1.fastq.gz;fasp.sra.ebi.ac.uk:/vol1/fastq/SRR165/002/SRR1658272/SRR1658272_2.fastq.gz	GSM1550953	GM19257_H3K4ME1
PRJNA268086	SAMN03202711	SRR1658273			PAIRED	ChIP	ftp.sra.ebi.ac.uk/vol1/fastq/SRR165/003/SRR1658273/SRR1658273_1.fastq.gz;ftp.sra.ebi.ac.uk/vol1/fastq/SRR165/003/SRR1658273/SRR1658273_2.fastq.gz	fasp.sra.ebi.ac.uk:/vol1/fastq/SRR165/003/SRR1658273/SRR1658273_1.fastq.gz;fasp.sra.ebi.ac.uk:/vol1/fastq/SRR165/003/SRR1658273/SRR1658273_2.fastq.gz	GSM1550954	GM19147-1_H3K4ME3
PRJNA268086	SAMN03202713	SRR1658274			PAIRED	ChIP	ftp.sra.ebi.ac.uk/vol1/fastq/SRR165/004/SRR1658274/SRR1658274_1.fastq.gz;ftp.sra.ebi.ac.uk/vol1/fastq/SRR165/004/SRR1658274/SRR1658274_2.fastq.gz	fasp.sra.ebi.ac.uk:/vol1/fastq/SRR165/004/SRR1658274/SRR1658274_1.fastq.gz;fasp.sra.ebi.ac.uk:/vol1/fastq/SRR165/004/SRR1658274/SRR1658274_2.fastq.gz	GSM1550955	GM19204_H3K4ME3
PRJNA268086	SAMN03202717	SRR1658275			PAIRED	ChIP	ftp.sra.ebi.ac.uk/vol1/fastq/SRR165/005/SRR1658275/SRR1658275_1.fastq.gz;ftp.sra.ebi.ac.uk/vol1/fastq/SRR165/005/SRR1658275/SRR1658275_2.fastq.gz	fasp.sra.ebi.ac.uk:/vol1/fastq/SRR165/005/SRR1658275/SRR1658275_1.fastq.gz;fasp.sra.ebi.ac.uk:/vol1/fastq/SRR165/005/SRR1658275/SRR1658275_2.fastq.gz	GSM1550956	GM19204_H3K4ME1
PRJNA268086	SAMN03202834	SRR1658276			PAIRED	ChIP	ftp.sra.ebi.ac.uk/vol1/fastq/SRR165/006/SRR1658276/SRR1658276_1.fastq.gz;ftp.sra.ebi.ac.uk/vol1/fastq/SRR165/006/SRR1658276/SRR1658276_2.fastq.gz	fasp.sra.ebi.ac.uk:/vol1/fastq/SRR165/006/SRR1658276/SRR1658276_1.fastq.gz;fasp.sra.ebi.ac.uk:/vol1/fastq/SRR165/006/SRR1658276/SRR1658276_2.fastq.gz	GSM1550957	GM18508_H3K27AC
PRJNA268086	SAMN03202767	SRR1658277			PAIRED	ChIP	ftp.sra.ebi.ac.uk/vol1/fastq/SRR165/007/SRR1658277/SRR1658277_1.fastq.gz;ftp.sra.ebi.ac.uk/vol1/fastq/SRR165/007/SRR1658277/SRR1658277_2.fastq.gz	fasp.sra.ebi.ac.uk:/vol1/fastq/SRR165/007/SRR1658277/SRR1658277_1.fastq.gz;fasp.sra.ebi.ac.uk:/vol1/fastq/SRR165/007/SRR1658277/SRR1658277_2.fastq.gz	GSM1550958	GM19172_H3K27AC
PRJNA268086	SAMN03202708	SRR1658278			PAIRED	ChIP	ftp.sra.ebi.ac.uk/vol1/fastq/SRR165/008/SRR1658278/SRR1658278_1.fastq.gz;ftp.sra.ebi.ac.uk/vol1/fastq/SRR165/008/SRR1658278/SRR1658278_2.fastq.gz	fasp.sra.ebi.ac.uk:/vol1/fastq/SRR165/008/SRR1658278/SRR1658278_1.fastq.gz;fasp.sra.ebi.ac.uk:/vol1/fastq/SRR165/008/SRR1658278/SRR1658278_2.fastq.gz	GSM1550959	GM18909_H3K27AC
PRJNA268086	SAMN03202681	SRR1658279			PAIRED	ChIP	ftp.sra.ebi.ac.uk/vol1/fastq/SRR165/009/SRR1658279/SRR1658279_1.fastq.gz;ftp.sra.ebi.ac.uk/vol1/fastq/SRR165/009/SRR1658279/SRR1658279_2.fastq.gz	fasp.sra.ebi.ac.uk:/vol1/fastq/SRR165/009/SRR1658279/SRR1658279_1.fastq.gz;fasp.sra.ebi.ac.uk:/vol1/fastq/SRR165/009/SRR1658279/SRR1658279_2.fastq.gz	GSM1550960	GM19160_H3K4ME1
PRJNA268086	SAMN03202696	SRR1658280			PAIRED	ChIP	ftp.sra.ebi.ac.uk/vol1/fastq/SRR165/000/SRR1658280/SRR1658280_1.fastq.gz;ftp.sra.ebi.ac.uk/vol1/fastq/SRR165/000/SRR1658280/SRR1658280_2.fastq.gz	fasp.sra.ebi.ac.uk:/vol1/fastq/SRR165/000/SRR1658280/SRR1658280_1.fastq.gz;fasp.sra.ebi.ac.uk:/vol1/fastq/SRR165/000/SRR1658280/SRR1658280_2.fastq.gz	GSM1550961	GM18909_H3K4ME3
PRJNA268086	SAMN03202670	SRR1658281			PAIRED	ChIP	ftp.sra.ebi.ac.uk/vol1/fastq/SRR165/001/SRR1658281/SRR1658281_1.fastq.gz;ftp.sra.ebi.ac.uk/vol1/fastq/SRR165/001/SRR1658281/SRR1658281_2.fastq.gz	fasp.sra.ebi.ac.uk:/vol1/fastq/SRR165/001/SRR1658281/SRR1658281_1.fastq.gz;fasp.sra.ebi.ac.uk:/vol1/fastq/SRR165/001/SRR1658281/SRR1658281_2.fastq.gz	GSM1550962	GM18909_H3K4ME1
PRJNA268086	SAMN03202689	SRR1658282			PAIRED	ChIP	ftp.sra.ebi.ac.uk/vol1/fastq/SRR165/002/SRR1658282/SRR1658282_1.fastq.gz;ftp.sra.ebi.ac.uk/vol1/fastq/SRR165/002/SRR1658282/SRR1658282_2.fastq.gz	fasp.sra.ebi.ac.uk:/vol1/fastq/SRR165/002/SRR1658282/SRR1658282_1.fastq.gz;fasp.sra.ebi.ac.uk:/vol1/fastq/SRR165/002/SRR1658282/SRR1658282_2.fastq.gz	GSM1550963	GM19138_H3K4ME1
PRJNA268086	SAMN03202734	SRR1658283			PAIRED	ChIP	ftp.sra.ebi.ac.uk/vol1/fastq/SRR165/003/SRR1658283/SRR1658283_1.fastq.gz;ftp.sra.ebi.ac.uk/vol1/fastq/SRR165/003/SRR1658283/SRR1658283_2.fastq.gz	fasp.sra.ebi.ac.uk:/vol1/fastq/SRR165/003/SRR1658283/SRR1658283_1.fastq.gz;fasp.sra.ebi.ac.uk:/vol1/fastq/SRR165/003/SRR1658283/SRR1658283_2.fastq.gz	GSM1550964	GM19108_H3K4ME1
PRJNA268086	SAMN03202694	SRR1658284			PAIRED	ChIP	ftp.sra.ebi.ac.uk/vol1/fastq/SRR165/004/SRR1658284/SRR1658284_1.fastq.gz;ftp.sra.ebi.ac.uk/vol1/fastq/SRR165/004/SRR1658284/SRR1658284_2.fastq.gz	fasp.sra.ebi.ac.uk:/vol1/fastq/SRR165/004/SRR1658284/SRR1658284_1.fastq.gz;fasp.sra.ebi.ac.uk:/vol1/fastq/SRR165/004/SRR1658284/SRR1658284_2.fastq.gz	GSM1550965	GM19138_H3K4ME3
PRJNA268086	SAMN03202787	SRR1658285			PAIRED	ChIP	ftp.sra.ebi.ac.uk/vol1/fastq/SRR165/005/SRR1658285/SRR1658285_1.fastq.gz;ftp.sra.ebi.ac.uk/vol1/fastq/SRR165/005/SRR1658285/SRR1658285_2.fastq.gz	fasp.sra.ebi.ac.uk:/vol1/fastq/SRR165/005/SRR1658285/SRR1658285_1.fastq.gz;fasp.sra.ebi.ac.uk:/vol1/fastq/SRR165/005/SRR1658285/SRR1658285_2.fastq.gz	GSM1550966	GM19108_H3K4ME3
PRJNA268086	SAMN03202690	SRR1658286			PAIRED	ChIP	ftp.sra.ebi.ac.uk/vol1/fastq/SRR165/006/SRR1658286/SRR1658286_1.fastq.gz;ftp.sra.ebi.ac.uk/vol1/fastq/SRR165/006/SRR1658286/SRR1658286_2.fastq.gz	fasp.sra.ebi.ac.uk:/vol1/fastq/SRR165/006/SRR1658286/SRR1658286_1.fastq.gz;fasp.sra.ebi.ac.uk:/vol1/fastq/SRR165/006/SRR1658286/SRR1658286_2.fastq.gz	GSM1550967	GM19147_H3K4ME1
PRJNA268086	SAMN03202726	SRR1658287			PAIRED	ChIP	ftp.sra.ebi.ac.uk/vol1/fastq/SRR165/007/SRR1658287/SRR1658287_1.fastq.gz;ftp.sra.ebi.ac.uk/vol1/fastq/SRR165/007/SRR1658287/SRR1658287_2.fastq.gz	fasp.sra.ebi.ac.uk:/vol1/fastq/SRR165/007/SRR1658287/SRR1658287_1.fastq.gz;fasp.sra.ebi.ac.uk:/vol1/fastq/SRR165/007/SRR1658287/SRR1658287_2.fastq.gz	GSM1550968	GM18505_H3K4ME3
PRJNA268086	SAMN03202797	SRR1658288			PAIRED	ChIP	ftp.sra.ebi.ac.uk/vol1/fastq/SRR165/008/SRR1658288/SRR1658288_1.fastq.gz;ftp.sra.ebi.ac.uk/vol1/fastq/SRR165/008/SRR1658288/SRR1658288_2.fastq.gz	fasp.sra.ebi.ac.uk:/vol1/fastq/SRR165/008/SRR1658288/SRR1658288_1.fastq.gz;fasp.sra.ebi.ac.uk:/vol1/fastq/SRR165/008/SRR1658288/SRR1658288_2.fastq.gz	GSM1550969	GM19138_H3K27AC
PRJNA268086	SAMN03202702	SRR1658289			PAIRED	ChIP	ftp.sra.ebi.ac.uk/vol1/fastq/SRR165/009/SRR1658289/SRR1658289_1.fastq.gz;ftp.sra.ebi.ac.uk/vol1/fastq/SRR165/009/SRR1658289/SRR1658289_2.fastq.gz	fasp.sra.ebi.ac.uk:/vol1/fastq/SRR165/009/SRR1658289/SRR1658289_1.fastq.gz;fasp.sra.ebi.ac.uk:/vol1/fastq/SRR165/009/SRR1658289/SRR1658289_2.fastq.gz	GSM1550970	GM18505_H3K4ME1
PRJNA268086	SAMN03202824	SRR1658290			PAIRED	ChIP	ftp.sra.ebi.ac.uk/vol1/fastq/SRR165/000/SRR1658290/SRR1658290_1.fastq.gz;ftp.sra.ebi.ac.uk/vol1/fastq/SRR165/000/SRR1658290/SRR1658290_2.fastq.gz	fasp.sra.ebi.ac.uk:/vol1/fastq/SRR165/000/SRR1658290/SRR1658290_1.fastq.gz;fasp.sra.ebi.ac.uk:/vol1/fastq/SRR165/000/SRR1658290/SRR1658290_2.fastq.gz	GSM1550971	GM19116_H3K4ME1
PRJNA268086	SAMN03202795	SRR1658291			PAIRED	ChIP	ftp.sra.ebi.ac.uk/vol1/fastq/SRR165/001/SRR1658291/SRR1658291_1.fastq.gz;ftp.sra.ebi.ac.uk/vol1/fastq/SRR165/001/SRR1658291/SRR1658291_2.fastq.gz	fasp.sra.ebi.ac.uk:/vol1/fastq/SRR165/001/SRR1658291/SRR1658291_1.fastq.gz;fasp.sra.ebi.ac.uk:/vol1/fastq/SRR165/001/SRR1658291/SRR1658291_2.fastq.gz	GSM1550972	GM19116_H3K4ME3
PRJNA268086	SAMN03202821	SRR1658292			PAIRED	ChIP	ftp.sra.ebi.ac.uk/vol1/fastq/SRR165/002/SRR1658292/SRR1658292_1.fastq.gz;ftp.sra.ebi.ac.uk/vol1/fastq/SRR165/002/SRR1658292/SRR1658292_2.fastq.gz	fasp.sra.ebi.ac.uk:/vol1/fastq/SRR165/002/SRR1658292/SRR1658292_1.fastq.gz;fasp.sra.ebi.ac.uk:/vol1/fastq/SRR165/002/SRR1658292/SRR1658292_2.fastq.gz	GSM1550973	GM18502-2_H3K4ME3
PRJNA268086	SAMN03202743	SRR1658293			PAIRED	ChIP	ftp.sra.ebi.ac.uk/vol1/fastq/SRR165/003/SRR1658293/SRR1658293_1.fastq.gz;ftp.sra.ebi.ac.uk/vol1/fastq/SRR165/003/SRR1658293/SRR1658293_2.fastq.gz	fasp.sra.ebi.ac.uk:/vol1/fastq/SRR165/003/SRR1658293/SRR1658293_1.fastq.gz;fasp.sra.ebi.ac.uk:/vol1/fastq/SRR165/003/SRR1658293/SRR1658293_2.fastq.gz	GSM1550974	GM19152_H3K4ME1
PRJNA268086	SAMN03202746	SRR1658294			PAIRED	ChIP	ftp.sra.ebi.ac.uk/vol1/fastq/SRR165/004/SRR1658294/SRR1658294_1.fastq.gz;ftp.sra.ebi.ac.uk/vol1/fastq/SRR165/004/SRR1658294/SRR1658294_2.fastq.gz	fasp.sra.ebi.ac.uk:/vol1/fastq/SRR165/004/SRR1658294/SRR1658294_1.fastq.gz;fasp.sra.ebi.ac.uk:/vol1/fastq/SRR165/004/SRR1658294/SRR1658294_2.fastq.gz	GSM1550975	GM19152_H3K4ME3
PRJNA268086	SAMN03202768	SRR1658295			PAIRED	ChIP	ftp.sra.ebi.ac.uk/vol1/fastq/SRR165/005/SRR1658295/SRR1658295_1.fastq.gz;ftp.sra.ebi.ac.uk/vol1/fastq/SRR165/005/SRR1658295/SRR1658295_2.fastq.gz	fasp.sra.ebi.ac.uk:/vol1/fastq/SRR165/005/SRR1658295/SRR1658295_1.fastq.gz;fasp.sra.ebi.ac.uk:/vol1/fastq/SRR165/005/SRR1658295/SRR1658295_2.fastq.gz	GSM1550976	GM18489_H3K27AC
PRJNA268086	SAMN03202715	SRR1658296			PAIRED	ChIP	ftp.sra.ebi.ac.uk/vol1/fastq/SRR165/006/SRR1658296/SRR1658296_1.fastq.gz;ftp.sra.ebi.ac.uk/vol1/fastq/SRR165/006/SRR1658296/SRR1658296_2.fastq.gz	fasp.sra.ebi.ac.uk:/vol1/fastq/SRR165/006/SRR1658296/SRR1658296_1.fastq.gz;fasp.sra.ebi.ac.uk:/vol1/fastq/SRR165/006/SRR1658296/SRR1658296_2.fastq.gz	GSM1550977	GM18510_H3K27AC
PRJNA268086	SAMN03202804	SRR1658297			PAIRED	ChIP	ftp.sra.ebi.ac.uk/vol1/fastq/SRR165/007/SRR1658297/SRR1658297_1.fastq.gz;ftp.sra.ebi.ac.uk/vol1/fastq/SRR165/007/SRR1658297/SRR1658297_2.fastq.gz	fasp.sra.ebi.ac.uk:/vol1/fastq/SRR165/007/SRR1658297/SRR1658297_1.fastq.gz;fasp.sra.ebi.ac.uk:/vol1/fastq/SRR165/007/SRR1658297/SRR1658297_2.fastq.gz	GSM1550978	GM18508_H3K4ME3
PRJNA268086	SAMN03202798	SRR1658298			PAIRED	ChIP	ftp.sra.ebi.ac.uk/vol1/fastq/SRR165/008/SRR1658298/SRR1658298_1.fastq.gz;ftp.sra.ebi.ac.uk/vol1/fastq/SRR165/008/SRR1658298/SRR1658298_2.fastq.gz	fasp.sra.ebi.ac.uk:/vol1/fastq/SRR165/008/SRR1658298/SRR1658298_1.fastq.gz;fasp.sra.ebi.ac.uk:/vol1/fastq/SRR165/008/SRR1658298/SRR1658298_2.fastq.gz	GSM1550979	GM18508_H3K4ME1
PRJNA268086	SAMN03202777	SRR1658299			PAIRED	ChIP	ftp.sra.ebi.ac.uk/vol1/fastq/SRR165/009/SRR1658299/SRR1658299_1.fastq.gz;ftp.sra.ebi.ac.uk/vol1/fastq/SRR165/009/SRR1658299/SRR1658299_2.fastq.gz	fasp.sra.ebi.ac.uk:/vol1/fastq/SRR165/009/SRR1658299/SRR1658299_1.fastq.gz;fasp.sra.ebi.ac.uk:/vol1/fastq/SRR165/009/SRR1658299/SRR1658299_2.fastq.gz	GSM1550980	GM19223_H3K4ME3
PRJNA268086	SAMN03202788	SRR1658300			PAIRED	ChIP	ftp.sra.ebi.ac.uk/vol1/fastq/SRR165/000/SRR1658300/SRR1658300_1.fastq.gz;ftp.sra.ebi.ac.uk/vol1/fastq/SRR165/000/SRR1658300/SRR1658300_2.fastq.gz	fasp.sra.ebi.ac.uk:/vol1/fastq/SRR165/000/SRR1658300/SRR1658300_1.fastq.gz;fasp.sra.ebi.ac.uk:/vol1/fastq/SRR165/000/SRR1658300/SRR1658300_2.fastq.gz	GSM1550981	GM19207_H3K4ME1
PRJNA268086	SAMN03202703	SRR1658301			PAIRED	ChIP	ftp.sra.ebi.ac.uk/vol1/fastq/SRR165/001/SRR1658301/SRR1658301_1.fastq.gz;ftp.sra.ebi.ac.uk/vol1/fastq/SRR165/001/SRR1658301/SRR1658301_2.fastq.gz	fasp.sra.ebi.ac.uk:/vol1/fastq/SRR165/001/SRR1658301/SRR1658301_1.fastq.gz;fasp.sra.ebi.ac.uk:/vol1/fastq/SRR165/001/SRR1658301/SRR1658301_2.fastq.gz	GSM1550982	GM19207_H3K4ME3
PRJNA268086	SAMN03202753	SRR1658302			PAIRED	ChIP	ftp.sra.ebi.ac.uk/vol1/fastq/SRR165/002/SRR1658302/SRR1658302_1.fastq.gz;ftp.sra.ebi.ac.uk/vol1/fastq/SRR165/002/SRR1658302/SRR1658302_2.fastq.gz	fasp.sra.ebi.ac.uk:/vol1/fastq/SRR165/002/SRR1658302/SRR1658302_1.fastq.gz;fasp.sra.ebi.ac.uk:/vol1/fastq/SRR165/002/SRR1658302/SRR1658302_2.fastq.gz	GSM1550983	GM18522_H3K4ME3
PRJNA268086	SAMN03202679	SRR1658303			PAIRED	ChIP	ftp.sra.ebi.ac.uk/vol1/fastq/SRR165/003/SRR1658303/SRR1658303_1.fastq.gz;ftp.sra.ebi.ac.uk/vol1/fastq/SRR165/003/SRR1658303/SRR1658303_2.fastq.gz	fasp.sra.ebi.ac.uk:/vol1/fastq/SRR165/003/SRR1658303/SRR1658303_1.fastq.gz;fasp.sra.ebi.ac.uk:/vol1/fastq/SRR165/003/SRR1658303/SRR1658303_2.fastq.gz	GSM1550984	GM18916_H3K27AC
PRJNA268086	SAMN03202719	SRR1658304			PAIRED	ChIP	ftp.sra.ebi.ac.uk/vol1/fastq/SRR165/004/SRR1658304/SRR1658304_1.fastq.gz;ftp.sra.ebi.ac.uk/vol1/fastq/SRR165/004/SRR1658304/SRR1658304_2.fastq.gz	fasp.sra.ebi.ac.uk:/vol1/fastq/SRR165/004/SRR1658304/SRR1658304_1.fastq.gz;fasp.sra.ebi.ac.uk:/vol1/fastq/SRR165/004/SRR1658304/SRR1658304_2.fastq.gz	GSM1550985	GM18522_H3K4ME1
PRJNA268086	SAMN03202781	SRR1658305			PAIRED	ChIP	ftp.sra.ebi.ac.uk/vol1/fastq/SRR165/005/SRR1658305/SRR1658305_1.fastq.gz;ftp.sra.ebi.ac.uk/vol1/fastq/SRR165/005/SRR1658305/SRR1658305_2.fastq.gz	fasp.sra.ebi.ac.uk:/vol1/fastq/SRR165/005/SRR1658305/SRR1658305_1.fastq.gz;fasp.sra.ebi.ac.uk:/vol1/fastq/SRR165/005/SRR1658305/SRR1658305_2.fastq.gz	GSM1550986	GM19223_H3K4ME1
PRJNA268086	SAMN03202707	SRR1658306			PAIRED	ChIP	ftp.sra.ebi.ac.uk/vol1/fastq/SRR165/006/SRR1658306/SRR1658306_1.fastq.gz;ftp.sra.ebi.ac.uk/vol1/fastq/SRR165/006/SRR1658306/SRR1658306_2.fastq.gz	fasp.sra.ebi.ac.uk:/vol1/fastq/SRR165/006/SRR1658306/SRR1658306_1.fastq.gz;fasp.sra.ebi.ac.uk:/vol1/fastq/SRR165/006/SRR1658306/SRR1658306_2.fastq.gz	GSM1550987	GM18498_H3K27AC
PRJNA268086	SAMN03202802	SRR1658307			PAIRED	ChIP	ftp.sra.ebi.ac.uk/vol1/fastq/SRR165/007/SRR1658307/SRR1658307_1.fastq.gz;ftp.sra.ebi.ac.uk/vol1/fastq/SRR165/007/SRR1658307/SRR1658307_2.fastq.gz	fasp.sra.ebi.ac.uk:/vol1/fastq/SRR165/007/SRR1658307/SRR1658307_1.fastq.gz;fasp.sra.ebi.ac.uk:/vol1/fastq/SRR165/007/SRR1658307/SRR1658307_2.fastq.gz	GSM1550988	GM19172_H3K4ME3
PRJNA268086	SAMN03202752	SRR1658308			PAIRED	ChIP	ftp.sra.ebi.ac.uk/vol1/fastq/SRR165/008/SRR1658308/SRR1658308_1.fastq.gz;ftp.sra.ebi.ac.uk/vol1/fastq/SRR165/008/SRR1658308/SRR1658308_2.fastq.gz	fasp.sra.ebi.ac.uk:/vol1/fastq/SRR165/008/SRR1658308/SRR1658308_1.fastq.gz;fasp.sra.ebi.ac.uk:/vol1/fastq/SRR165/008/SRR1658308/SRR1658308_2.fastq.gz	GSM1550989	GM19172_H3K4ME1
PRJNA268086	SAMN03202792	SRR1658309			PAIRED	ChIP	ftp.sra.ebi.ac.uk/vol1/fastq/SRR165/009/SRR1658309/SRR1658309_1.fastq.gz;ftp.sra.ebi.ac.uk/vol1/fastq/SRR165/009/SRR1658309/SRR1658309_2.fastq.gz	fasp.sra.ebi.ac.uk:/vol1/fastq/SRR165/009/SRR1658309/SRR1658309_1.fastq.gz;fasp.sra.ebi.ac.uk:/vol1/fastq/SRR165/009/SRR1658309/SRR1658309_2.fastq.gz	GSM1550990	GM18498-2_H3K27AC
PRJNA268086	SAMN03202779	SRR1658310			PAIRED	ChIP	ftp.sra.ebi.ac.uk/vol1/fastq/SRR165/000/SRR1658310/SRR1658310_1.fastq.gz;ftp.sra.ebi.ac.uk/vol1/fastq/SRR165/000/SRR1658310/SRR1658310_2.fastq.gz	fasp.sra.ebi.ac.uk:/vol1/fastq/SRR165/000/SRR1658310/SRR1658310_1.fastq.gz;fasp.sra.ebi.ac.uk:/vol1/fastq/SRR165/000/SRR1658310/SRR1658310_2.fastq.gz	GSM1550991	GM18502-2_H3K27AC
PRJNA268086	SAMN03202721	SRR1658311			PAIRED	ChIP	ftp.sra.ebi.ac.uk/vol1/fastq/SRR165/001/SRR1658311/SRR1658311_1.fastq.gz;ftp.sra.ebi.ac.uk/vol1/fastq/SRR165/001/SRR1658311/SRR1658311_2.fastq.gz	fasp.sra.ebi.ac.uk:/vol1/fastq/SRR165/001/SRR1658311/SRR1658311_1.fastq.gz;fasp.sra.ebi.ac.uk:/vol1/fastq/SRR165/001/SRR1658311/SRR1658311_2.fastq.gz	GSM1550992	GM19093_H3K27AC
PRJNA268086	SAMN03202718	SRR1658312			PAIRED	ChIP	ftp.sra.ebi.ac.uk/vol1/fastq/SRR165/002/SRR1658312/SRR1658312_1.fastq.gz;ftp.sra.ebi.ac.uk/vol1/fastq/SRR165/002/SRR1658312/SRR1658312_2.fastq.gz	fasp.sra.ebi.ac.uk:/vol1/fastq/SRR165/002/SRR1658312/SRR1658312_1.fastq.gz;fasp.sra.ebi.ac.uk:/vol1/fastq/SRR165/002/SRR1658312/SRR1658312_2.fastq.gz	GSM1550993	GM18856_H3K27AC
PRJNA268086	SAMN03202806	SRR1658313			PAIRED	ChIP	ftp.sra.ebi.ac.uk/vol1/fastq/SRR165/003/SRR1658313/SRR1658313_1.fastq.gz;ftp.sra.ebi.ac.uk/vol1/fastq/SRR165/003/SRR1658313/SRR1658313_2.fastq.gz	fasp.sra.ebi.ac.uk:/vol1/fastq/SRR165/003/SRR1658313/SRR1658313_1.fastq.gz;fasp.sra.ebi.ac.uk:/vol1/fastq/SRR165/003/SRR1658313/SRR1658313_2.fastq.gz	GSM1550994	GM18858_H3K4ME1
PRJNA268086	SAMN03202701	SRR1658314			PAIRED	ChIP	ftp.sra.ebi.ac.uk/vol1/fastq/SRR165/004/SRR1658314/SRR1658314_1.fastq.gz;ftp.sra.ebi.ac.uk/vol1/fastq/SRR165/004/SRR1658314/SRR1658314_2.fastq.gz	fasp.sra.ebi.ac.uk:/vol1/fastq/SRR165/004/SRR1658314/SRR1658314_1.fastq.gz;fasp.sra.ebi.ac.uk:/vol1/fastq/SRR165/004/SRR1658314/SRR1658314_2.fastq.gz	GSM1550995	GM18501_H3K4ME3
PRJNA268086	SAMN03202735	SRR1658315			PAIRED	ChIP	ftp.sra.ebi.ac.uk/vol1/fastq/SRR165/005/SRR1658315/SRR1658315_1.fastq.gz;ftp.sra.ebi.ac.uk/vol1/fastq/SRR165/005/SRR1658315/SRR1658315_2.fastq.gz	fasp.sra.ebi.ac.uk:/vol1/fastq/SRR165/005/SRR1658315/SRR1658315_1.fastq.gz;fasp.sra.ebi.ac.uk:/vol1/fastq/SRR165/005/SRR1658315/SRR1658315_2.fastq.gz	GSM1550996	GM18858_H3K4ME3
PRJNA268086	SAMN03202683	SRR1658316			PAIRED	ChIP	ftp.sra.ebi.ac.uk/vol1/fastq/SRR165/006/SRR1658316/SRR1658316_1.fastq.gz;ftp.sra.ebi.ac.uk/vol1/fastq/SRR165/006/SRR1658316/SRR1658316_2.fastq.gz	fasp.sra.ebi.ac.uk:/vol1/fastq/SRR165/006/SRR1658316/SRR1658316_1.fastq.gz;fasp.sra.ebi.ac.uk:/vol1/fastq/SRR165/006/SRR1658316/SRR1658316_2.fastq.gz	GSM1550997	GM18501_H3K4ME1
PRJNA268086	SAMN03202837	SRR1658317			PAIRED	ChIP	ftp.sra.ebi.ac.uk/vol1/fastq/SRR165/007/SRR1658317/SRR1658317_1.fastq.gz;ftp.sra.ebi.ac.uk/vol1/fastq/SRR165/007/SRR1658317/SRR1658317_2.fastq.gz	fasp.sra.ebi.ac.uk:/vol1/fastq/SRR165/007/SRR1658317/SRR1658317_1.fastq.gz;fasp.sra.ebi.ac.uk:/vol1/fastq/SRR165/007/SRR1658317/SRR1658317_2.fastq.gz	GSM1550998	GM19099_H3K27AC
PRJNA268086	SAMN03202716	SRR1658318			PAIRED	ChIP	ftp.sra.ebi.ac.uk/vol1/fastq/SRR165/008/SRR1658318/SRR1658318_1.fastq.gz;ftp.sra.ebi.ac.uk/vol1/fastq/SRR165/008/SRR1658318/SRR1658318_2.fastq.gz	fasp.sra.ebi.ac.uk:/vol1/fastq/SRR165/008/SRR1658318/SRR1658318_1.fastq.gz;fasp.sra.ebi.ac.uk:/vol1/fastq/SRR165/008/SRR1658318/SRR1658318_2.fastq.gz	GSM1550999	GM18907_H3K27AC
PRJNA268086	SAMN03202669	SRR1658319			PAIRED	ChIP	ftp.sra.ebi.ac.uk/vol1/fastq/SRR165/009/SRR1658319/SRR1658319_1.fastq.gz;ftp.sra.ebi.ac.uk/vol1/fastq/SRR165/009/SRR1658319/SRR1658319_2.fastq.gz	fasp.sra.ebi.ac.uk:/vol1/fastq/SRR165/009/SRR1658319/SRR1658319_1.fastq.gz;fasp.sra.ebi.ac.uk:/vol1/fastq/SRR165/009/SRR1658319/SRR1658319_2.fastq.gz	GSM1551000	GM19131_H3K27AC
PRJNA268086	SAMN03202783	SRR1658320			PAIRED	ChIP	ftp.sra.ebi.ac.uk/vol1/fastq/SRR165/000/SRR1658320/SRR1658320_1.fastq.gz;ftp.sra.ebi.ac.uk/vol1/fastq/SRR165/000/SRR1658320/SRR1658320_2.fastq.gz	fasp.sra.ebi.ac.uk:/vol1/fastq/SRR165/000/SRR1658320/SRR1658320_1.fastq.gz;fasp.sra.ebi.ac.uk:/vol1/fastq/SRR165/000/SRR1658320/SRR1658320_2.fastq.gz	GSM1551001	GM18858_H3K27AC
PRJNA268086	SAMN03202667	SRR1658321			PAIRED	ChIP	ftp.sra.ebi.ac.uk/vol1/fastq/SRR165/001/SRR1658321/SRR1658321_1.fastq.gz;ftp.sra.ebi.ac.uk/vol1/fastq/SRR165/001/SRR1658321/SRR1658321_2.fastq.gz	fasp.sra.ebi.ac.uk:/vol1/fastq/SRR165/001/SRR1658321/SRR1658321_1.fastq.gz;fasp.sra.ebi.ac.uk:/vol1/fastq/SRR165/001/SRR1658321/SRR1658321_2.fastq.gz	GSM1551002	GM18871_H3K4ME3
PRJNA268086	SAMN03202668	SRR1658322			PAIRED	ChIP	ftp.sra.ebi.ac.uk/vol1/fastq/SRR165/002/SRR1658322/SRR1658322_1.fastq.gz;ftp.sra.ebi.ac.uk/vol1/fastq/SRR165/002/SRR1658322/SRR1658322_2.fastq.gz	fasp.sra.ebi.ac.uk:/vol1/fastq/SRR165/002/SRR1658322/SRR1658322_1.fastq.gz;fasp.sra.ebi.ac.uk:/vol1/fastq/SRR165/002/SRR1658322/SRR1658322_2.fastq.gz	GSM1551003	GM18871_H3K4ME1
PRJNA268086	SAMN03202805	SRR1658323			PAIRED	ChIP	ftp.sra.ebi.ac.uk/vol1/fastq/SRR165/003/SRR1658323/SRR1658323_1.fastq.gz;ftp.sra.ebi.ac.uk/vol1/fastq/SRR165/003/SRR1658323/SRR1658323_2.fastq.gz	fasp.sra.ebi.ac.uk:/vol1/fastq/SRR165/003/SRR1658323/SRR1658323_1.fastq.gz;fasp.sra.ebi.ac.uk:/vol1/fastq/SRR165/003/SRR1658323/SRR1658323_2.fastq.gz	GSM1551004	GM19223_H3K27AC
PRJNA268086	SAMN03202704	SRR1658324			PAIRED	ChIP	ftp.sra.ebi.ac.uk/vol1/fastq/SRR165/004/SRR1658324/SRR1658324_1.fastq.gz;ftp.sra.ebi.ac.uk/vol1/fastq/SRR165/004/SRR1658324/SRR1658324_2.fastq.gz	fasp.sra.ebi.ac.uk:/vol1/fastq/SRR165/004/SRR1658324/SRR1658324_1.fastq.gz;fasp.sra.ebi.ac.uk:/vol1/fastq/SRR165/004/SRR1658324/SRR1658324_2.fastq.gz	GSM1551005	GM18871_H3K27AC
PRJNA268086	SAMN03202740	SRR1658325			PAIRED	ChIP	ftp.sra.ebi.ac.uk/vol1/fastq/SRR165/005/SRR1658325/SRR1658325_1.fastq.gz;ftp.sra.ebi.ac.uk/vol1/fastq/SRR165/005/SRR1658325/SRR1658325_2.fastq.gz	fasp.sra.ebi.ac.uk:/vol1/fastq/SRR165/005/SRR1658325/SRR1658325_1.fastq.gz;fasp.sra.ebi.ac.uk:/vol1/fastq/SRR165/005/SRR1658325/SRR1658325_2.fastq.gz	GSM1551006	GM19201_H3K27AC
PRJNA268086	SAMN03202749	SRR1658326			PAIRED	ChIP	ftp.sra.ebi.ac.uk/vol1/fastq/SRR165/006/SRR1658326/SRR1658326_1.fastq.gz;ftp.sra.ebi.ac.uk/vol1/fastq/SRR165/006/SRR1658326/SRR1658326_2.fastq.gz	fasp.sra.ebi.ac.uk:/vol1/fastq/SRR165/006/SRR1658326/SRR1658326_1.fastq.gz;fasp.sra.ebi.ac.uk:/vol1/fastq/SRR165/006/SRR1658326/SRR1658326_2.fastq.gz	GSM1551007	GM19201_H3K4ME3
PRJNA268086	SAMN03202893	SRR1658327			PAIRED	ChIP	ftp.sra.ebi.ac.uk/vol1/fastq/SRR165/007/SRR1658327/SRR1658327_1.fastq.gz;ftp.sra.ebi.ac.uk/vol1/fastq/SRR165/007/SRR1658327/SRR1658327_2.fastq.gz	fasp.sra.ebi.ac.uk:/vol1/fastq/SRR165/007/SRR1658327/SRR1658327_1.fastq.gz;fasp.sra.ebi.ac.uk:/vol1/fastq/SRR165/007/SRR1658327/SRR1658327_2.fastq.gz	GSM1551008	GM19201_H3K4ME1
PRJNA268086	SAMN03202843	SRR1658328			PAIRED	ChIP	ftp.sra.ebi.ac.uk/vol1/fastq/SRR165/008/SRR1658328/SRR1658328_1.fastq.gz;ftp.sra.ebi.ac.uk/vol1/fastq/SRR165/008/SRR1658328/SRR1658328_2.fastq.gz	fasp.sra.ebi.ac.uk:/vol1/fastq/SRR165/008/SRR1658328/SRR1658328_1.fastq.gz;fasp.sra.ebi.ac.uk:/vol1/fastq/SRR165/008/SRR1658328/SRR1658328_2.fastq.gz	GSM1551009	GM19153_H3K27AC
PRJNA268086	SAMN03202888	SRR1658329			PAIRED	ChIP	ftp.sra.ebi.ac.uk/vol1/fastq/SRR165/009/SRR1658329/SRR1658329_1.fastq.gz;ftp.sra.ebi.ac.uk/vol1/fastq/SRR165/009/SRR1658329/SRR1658329_2.fastq.gz	fasp.sra.ebi.ac.uk:/vol1/fastq/SRR165/009/SRR1658329/SRR1658329_1.fastq.gz;fasp.sra.ebi.ac.uk:/vol1/fastq/SRR165/009/SRR1658329/SRR1658329_2.fastq.gz	GSM1551010	GM19144_H3K4ME3
PRJNA268086	SAMN03202848	SRR1658330			PAIRED	ChIP	ftp.sra.ebi.ac.uk/vol1/fastq/SRR165/000/SRR1658330/SRR1658330_1.fastq.gz;ftp.sra.ebi.ac.uk/vol1/fastq/SRR165/000/SRR1658330/SRR1658330_2.fastq.gz	fasp.sra.ebi.ac.uk:/vol1/fastq/SRR165/000/SRR1658330/SRR1658330_1.fastq.gz;fasp.sra.ebi.ac.uk:/vol1/fastq/SRR165/000/SRR1658330/SRR1658330_2.fastq.gz	GSM1551011	GM19143_H3K4ME3
PRJNA268086	SAMN03202891	SRR1658331			PAIRED	ChIP	ftp.sra.ebi.ac.uk/vol1/fastq/SRR165/001/SRR1658331/SRR1658331_1.fastq.gz;ftp.sra.ebi.ac.uk/vol1/fastq/SRR165/001/SRR1658331/SRR1658331_2.fastq.gz	fasp.sra.ebi.ac.uk:/vol1/fastq/SRR165/001/SRR1658331/SRR1658331_1.fastq.gz;fasp.sra.ebi.ac.uk:/vol1/fastq/SRR165/001/SRR1658331/SRR1658331_2.fastq.gz	GSM1551012	GM19143_H3K4ME1
PRJNA268086	SAMN03202847	SRR1658332			PAIRED	ChIP	ftp.sra.ebi.ac.uk/vol1/fastq/SRR165/002/SRR1658332/SRR1658332_1.fastq.gz;ftp.sra.ebi.ac.uk/vol1/fastq/SRR165/002/SRR1658332/SRR1658332_2.fastq.gz	fasp.sra.ebi.ac.uk:/vol1/fastq/SRR165/002/SRR1658332/SRR1658332_1.fastq.gz;fasp.sra.ebi.ac.uk:/vol1/fastq/SRR165/002/SRR1658332/SRR1658332_2.fastq.gz	GSM1551013	GM19153_H3K4ME1
PRJNA268086	SAMN03202853	SRR1658333			PAIRED	ChIP	ftp.sra.ebi.ac.uk/vol1/fastq/SRR165/003/SRR1658333/SRR1658333_1.fastq.gz;ftp.sra.ebi.ac.uk/vol1/fastq/SRR165/003/SRR1658333/SRR1658333_2.fastq.gz	fasp.sra.ebi.ac.uk:/vol1/fastq/SRR165/003/SRR1658333/SRR1658333_1.fastq.gz;fasp.sra.ebi.ac.uk:/vol1/fastq/SRR165/003/SRR1658333/SRR1658333_2.fastq.gz	GSM1551014	GM19153_H3K4ME3
PRJNA268086	SAMN03202879	SRR1658334			PAIRED	ChIP	ftp.sra.ebi.ac.uk/vol1/fastq/SRR165/004/SRR1658334/SRR1658334_1.fastq.gz;ftp.sra.ebi.ac.uk/vol1/fastq/SRR165/004/SRR1658334/SRR1658334_2.fastq.gz	fasp.sra.ebi.ac.uk:/vol1/fastq/SRR165/004/SRR1658334/SRR1658334_1.fastq.gz;fasp.sra.ebi.ac.uk:/vol1/fastq/SRR165/004/SRR1658334/SRR1658334_2.fastq.gz	GSM1551015	GM19210_H3K4ME1
PRJNA268086	SAMN03202878	SRR1658335			PAIRED	ChIP	ftp.sra.ebi.ac.uk/vol1/fastq/SRR165/005/SRR1658335/SRR1658335_1.fastq.gz;ftp.sra.ebi.ac.uk/vol1/fastq/SRR165/005/SRR1658335/SRR1658335_2.fastq.gz	fasp.sra.ebi.ac.uk:/vol1/fastq/SRR165/005/SRR1658335/SRR1658335_1.fastq.gz;fasp.sra.ebi.ac.uk:/vol1/fastq/SRR165/005/SRR1658335/SRR1658335_2.fastq.gz	GSM1551016	GM19210_H3K4ME3
PRJNA268086	SAMN03202875	SRR1658336			PAIRED	ChIP	ftp.sra.ebi.ac.uk/vol1/fastq/SRR165/006/SRR1658336/SRR1658336_1.fastq.gz;ftp.sra.ebi.ac.uk/vol1/fastq/SRR165/006/SRR1658336/SRR1658336_2.fastq.gz	fasp.sra.ebi.ac.uk:/vol1/fastq/SRR165/006/SRR1658336/SRR1658336_1.fastq.gz;fasp.sra.ebi.ac.uk:/vol1/fastq/SRR165/006/SRR1658336/SRR1658336_2.fastq.gz	GSM1551017	GM19144_H3K4ME1
PRJNA268086	SAMN03202865	SRR1658337			PAIRED	ChIP	ftp.sra.ebi.ac.uk/vol1/fastq/SRR165/007/SRR1658337/SRR1658337_1.fastq.gz;ftp.sra.ebi.ac.uk/vol1/fastq/SRR165/007/SRR1658337/SRR1658337_2.fastq.gz	fasp.sra.ebi.ac.uk:/vol1/fastq/SRR165/007/SRR1658337/SRR1658337_1.fastq.gz;fasp.sra.ebi.ac.uk:/vol1/fastq/SRR165/007/SRR1658337/SRR1658337_2.fastq.gz	GSM1551018	GM19159_H3K4ME3
PRJNA268086	SAMN03202840	SRR1658338			PAIRED	ChIP	ftp.sra.ebi.ac.uk/vol1/fastq/SRR165/008/SRR1658338/SRR1658338_1.fastq.gz;ftp.sra.ebi.ac.uk/vol1/fastq/SRR165/008/SRR1658338/SRR1658338_2.fastq.gz	fasp.sra.ebi.ac.uk:/vol1/fastq/SRR165/008/SRR1658338/SRR1658338_1.fastq.gz;fasp.sra.ebi.ac.uk:/vol1/fastq/SRR165/008/SRR1658338/SRR1658338_2.fastq.gz	GSM1551019	GM19159_H3K4ME1
PRJNA268086	SAMN03202856	SRR1658339			PAIRED	ChIP	ftp.sra.ebi.ac.uk/vol1/fastq/SRR165/009/SRR1658339/SRR1658339_1.fastq.gz;ftp.sra.ebi.ac.uk/vol1/fastq/SRR165/009/SRR1658339/SRR1658339_2.fastq.gz	fasp.sra.ebi.ac.uk:/vol1/fastq/SRR165/009/SRR1658339/SRR1658339_1.fastq.gz;fasp.sra.ebi.ac.uk:/vol1/fastq/SRR165/009/SRR1658339/SRR1658339_2.fastq.gz	GSM1551020	GM19159_H3K27AC
PRJNA268086	SAMN03202868	SRR1658340			PAIRED	ChIP	ftp.sra.ebi.ac.uk/vol1/fastq/SRR165/000/SRR1658340/SRR1658340_1.fastq.gz;ftp.sra.ebi.ac.uk/vol1/fastq/SRR165/000/SRR1658340/SRR1658340_2.fastq.gz	fasp.sra.ebi.ac.uk:/vol1/fastq/SRR165/000/SRR1658340/SRR1658340_1.fastq.gz;fasp.sra.ebi.ac.uk:/vol1/fastq/SRR165/000/SRR1658340/SRR1658340_2.fastq.gz	GSM1551021	GM19144_H3K27AC
PRJNA268086	SAMN03202892	SRR1658341			PAIRED	ChIP	ftp.sra.ebi.ac.uk/vol1/fastq/SRR165/001/SRR1658341/SRR1658341_1.fastq.gz;ftp.sra.ebi.ac.uk/vol1/fastq/SRR165/001/SRR1658341/SRR1658341_2.fastq.gz	fasp.sra.ebi.ac.uk:/vol1/fastq/SRR165/001/SRR1658341/SRR1658341_1.fastq.gz;fasp.sra.ebi.ac.uk:/vol1/fastq/SRR165/001/SRR1658341/SRR1658341_2.fastq.gz	GSM1551022	GM19143_H3K27AC
PRJNA268086	SAMN03202877	SRR1658342			PAIRED	ChIP	ftp.sra.ebi.ac.uk/vol1/fastq/SRR165/002/SRR1658342/SRR1658342_1.fastq.gz;ftp.sra.ebi.ac.uk/vol1/fastq/SRR165/002/SRR1658342/SRR1658342_2.fastq.gz	fasp.sra.ebi.ac.uk:/vol1/fastq/SRR165/002/SRR1658342/SRR1658342_1.fastq.gz;fasp.sra.ebi.ac.uk:/vol1/fastq/SRR165/002/SRR1658342/SRR1658342_2.fastq.gz	GSM1551023	GM19210_H3K27AC
PRJNA268086	SAMN03342393	SRR1802420			PAIRED	other	ftp.sra.ebi.ac.uk/vol1/fastq/SRR180/000/SRR1802420/SRR1802420_1.fastq.gz;ftp.sra.ebi.ac.uk/vol1/fastq/SRR180/000/SRR1802420/SRR1802420_2.fastq.gz	fasp.sra.ebi.ac.uk:/vol1/fastq/SRR180/000/SRR1802420/SRR1802420_1.fastq.gz;fasp.sra.ebi.ac.uk:/vol1/fastq/SRR180/000/SRR1802420/SRR1802420_2.fastq.gz	GSM1608505	GM12878_HIC_1
PRJNA268086	SAMN03342394	SRR1802421			PAIRED	other	ftp.sra.ebi.ac.uk/vol1/fastq/SRR180/001/SRR1802421/SRR1802421_1.fastq.gz;ftp.sra.ebi.ac.uk/vol1/fastq/SRR180/001/SRR1802421/SRR1802421_2.fastq.gz	fasp.sra.ebi.ac.uk:/vol1/fastq/SRR180/001/SRR1802421/SRR1802421_1.fastq.gz;fasp.sra.ebi.ac.uk:/vol1/fastq/SRR180/001/SRR1802421/SRR1802421_2.fastq.gz	GSM1608506	GM12878_HIC_2
PRJNA268086	SAMN03342391	SRR1802422			PAIRED	other	ftp.sra.ebi.ac.uk/vol1/fastq/SRR180/002/SRR1802422/SRR1802422_1.fastq.gz;ftp.sra.ebi.ac.uk/vol1/fastq/SRR180/002/SRR1802422/SRR1802422_2.fastq.gz	fasp.sra.ebi.ac.uk:/vol1/fastq/SRR180/002/SRR1802422/SRR1802422_1.fastq.gz;fasp.sra.ebi.ac.uk:/vol1/fastq/SRR180/002/SRR1802422/SRR1802422_2.fastq.gz	GSM1608507	GM12878_HIC_3
PRJNA268086	SAMN03342392	SRR1802423			PAIRED	other	ftp.sra.ebi.ac.uk/vol1/fastq/SRR180/003/SRR1802423/SRR1802423_1.fastq.gz;ftp.sra.ebi.ac.uk/vol1/fastq/SRR180/003/SRR1802423/SRR1802423_2.fastq.gz	fasp.sra.ebi.ac.uk:/vol1/fastq/SRR180/003/SRR1802423/SRR1802423_1.fastq.gz;fasp.sra.ebi.ac.uk:/vol1/fastq/SRR180/003/SRR1802423/SRR1802423_2.fastq.gz	GSM1608508	GM12878_HIC_4
PRJNA268086	SAMN03342390	SRR1802424			PAIRED	other	ftp.sra.ebi.ac.uk/vol1/fastq/SRR180/004/SRR1802424/SRR1802424_1.fastq.gz;ftp.sra.ebi.ac.uk/vol1/fastq/SRR180/004/SRR1802424/SRR1802424_2.fastq.gz	fasp.sra.ebi.ac.uk:/vol1/fastq/SRR180/004/SRR1802424/SRR1802424_1.fastq.gz;fasp.sra.ebi.ac.uk:/vol1/fastq/SRR180/004/SRR1802424/SRR1802424_2.fastq.gz	GSM1608509	GM12878_HIC_5
PRJNA268086	SAMN03342402	SRR1802425			PAIRED	other	ftp.sra.ebi.ac.uk/vol1/fastq/SRR180/005/SRR1802425/SRR1802425_1.fastq.gz;ftp.sra.ebi.ac.uk/vol1/fastq/SRR180/005/SRR1802425/SRR1802425_2.fastq.gz	fasp.sra.ebi.ac.uk:/vol1/fastq/SRR180/005/SRR1802425/SRR1802425_1.fastq.gz;fasp.sra.ebi.ac.uk:/vol1/fastq/SRR180/005/SRR1802425/SRR1802425_2.fastq.gz	GSM1608510	GM12878_HIC_6
PRJNA268086	SAMN03342398	SRR1802426			PAIRED	other	ftp.sra.ebi.ac.uk/vol1/fastq/SRR180/006/SRR1802426/SRR1802426_1.fastq.gz;ftp.sra.ebi.ac.uk/vol1/fastq/SRR180/006/SRR1802426/SRR1802426_2.fastq.gz	fasp.sra.ebi.ac.uk:/vol1/fastq/SRR180/006/SRR1802426/SRR1802426_1.fastq.gz;fasp.sra.ebi.ac.uk:/vol1/fastq/SRR180/006/SRR1802426/SRR1802426_2.fastq.gz	GSM1608511	GM12878_HIC_7
PRJNA268086	SAMN03342401	SRR1802427			PAIRED	ChIP	ftp.sra.ebi.ac.uk/vol1/fastq/SRR180/007/SRR1802427/SRR1802427_1.fastq.gz;ftp.sra.ebi.ac.uk/vol1/fastq/SRR180/007/SRR1802427/SRR1802427_2.fastq.gz	fasp.sra.ebi.ac.uk:/vol1/fastq/SRR180/007/SRR1802427/SRR1802427_1.fastq.gz;fasp.sra.ebi.ac.uk:/vol1/fastq/SRR180/007/SRR1802427/SRR1802427_2.fastq.gz	GSM1608512	GM12878_Rad21_1.1
PRJNA268086	SAMN03342400	SRR1802428			PAIRED	ChIP	ftp.sra.ebi.ac.uk/vol1/fastq/SRR180/008/SRR1802428/SRR1802428_1.fastq.gz;ftp.sra.ebi.ac.uk/vol1/fastq/SRR180/008/SRR1802428/SRR1802428_2.fastq.gz	fasp.sra.ebi.ac.uk:/vol1/fastq/SRR180/008/SRR1802428/SRR1802428_1.fastq.gz;fasp.sra.ebi.ac.uk:/vol1/fastq/SRR180/008/SRR1802428/SRR1802428_2.fastq.gz	GSM1608513	GM12878_Rad21_1.2
PRJNA268086	SAMN03342395	SRR1802429			PAIRED	ChIP	ftp.sra.ebi.ac.uk/vol1/fastq/SRR180/009/SRR1802429/SRR1802429_1.fastq.gz;ftp.sra.ebi.ac.uk/vol1/fastq/SRR180/009/SRR1802429/SRR1802429_2.fastq.gz	fasp.sra.ebi.ac.uk:/vol1/fastq/SRR180/009/SRR1802429/SRR1802429_1.fastq.gz;fasp.sra.ebi.ac.uk:/vol1/fastq/SRR180/009/SRR1802429/SRR1802429_2.fastq.gz	GSM1608514	GM12878_Rad21_2.1
PRJNA268086	SAMN03342405	SRR1802430			PAIRED	ChIP	ftp.sra.ebi.ac.uk/vol1/fastq/SRR180/000/SRR1802430/SRR1802430_1.fastq.gz;ftp.sra.ebi.ac.uk/vol1/fastq/SRR180/000/SRR1802430/SRR1802430_2.fastq.gz	fasp.sra.ebi.ac.uk:/vol1/fastq/SRR180/000/SRR1802430/SRR1802430_1.fastq.gz;fasp.sra.ebi.ac.uk:/vol1/fastq/SRR180/000/SRR1802430/SRR1802430_2.fastq.gz	GSM1608515	GM12878_Rad21_2.2
PRJNA268086	SAMN03342404	SRR1802431			PAIRED	ChIP	ftp.sra.ebi.ac.uk/vol1/fastq/SRR180/001/SRR1802431/SRR1802431_1.fastq.gz;ftp.sra.ebi.ac.uk/vol1/fastq/SRR180/001/SRR1802431/SRR1802431_2.fastq.gz	fasp.sra.ebi.ac.uk:/vol1/fastq/SRR180/001/SRR1802431/SRR1802431_1.fastq.gz;fasp.sra.ebi.ac.uk:/vol1/fastq/SRR180/001/SRR1802431/SRR1802431_2.fastq.gz	GSM1608516	GM12878_H3K4me3_1.1
PRJNA268086	SAMN03342397	SRR1802432			PAIRED	ChIP	ftp.sra.ebi.ac.uk/vol1/fastq/SRR180/002/SRR1802432/SRR1802432_1.fastq.gz;ftp.sra.ebi.ac.uk/vol1/fastq/SRR180/002/SRR1802432/SRR1802432_2.fastq.gz	fasp.sra.ebi.ac.uk:/vol1/fastq/SRR180/002/SRR1802432/SRR1802432_1.fastq.gz;fasp.sra.ebi.ac.uk:/vol1/fastq/SRR180/002/SRR1802432/SRR1802432_2.fastq.gz	GSM1608517	GM12878_H3K4me3_1.2
PRJNA268086	SAMN03342399	SRR1802433			PAIRED	ChIP	ftp.sra.ebi.ac.uk/vol1/fastq/SRR180/003/SRR1802433/SRR1802433_1.fastq.gz;ftp.sra.ebi.ac.uk/vol1/fastq/SRR180/003/SRR1802433/SRR1802433_2.fastq.gz	fasp.sra.ebi.ac.uk:/vol1/fastq/SRR180/003/SRR1802433/SRR1802433_1.fastq.gz;fasp.sra.ebi.ac.uk:/vol1/fastq/SRR180/003/SRR1802433/SRR1802433_2.fastq.gz	GSM1608518	GM12878_H3K4me3_1.3
PRJNA268086	SAMN03342396	SRR1802434			PAIRED	ChIP	ftp.sra.ebi.ac.uk/vol1/fastq/SRR180/004/SRR1802434/SRR1802434_1.fastq.gz;ftp.sra.ebi.ac.uk/vol1/fastq/SRR180/004/SRR1802434/SRR1802434_2.fastq.gz	fasp.sra.ebi.ac.uk:/vol1/fastq/SRR180/004/SRR1802434/SRR1802434_1.fastq.gz;fasp.sra.ebi.ac.uk:/vol1/fastq/SRR180/004/SRR1802434/SRR1802434_2.fastq.gz	GSM1608519	GM12878_H3K4me3_2.1
PRJNA268086	SAMN03342403	SRR1802435			PAIRED	ChIP	ftp.sra.ebi.ac.uk/vol1/fastq/SRR180/005/SRR1802435/SRR1802435_1.fastq.gz;ftp.sra.ebi.ac.uk/vol1/fastq/SRR180/005/SRR1802435/SRR1802435_2.fastq.gz	fasp.sra.ebi.ac.uk:/vol1/fastq/SRR180/005/SRR1802435/SRR1802435_1.fastq.gz;fasp.sra.ebi.ac.uk:/vol1/fastq/SRR180/005/SRR1802435/SRR1802435_2.fastq.gz	GSM1608520	GM12878_H3K4me3_2.2
