Alignments/Hisat2_Align/H3K27AC/NA19206.1.wasp_filterd.markdup.sorted.bam	31369399
Alignments/Hisat2_Align/H3K27AC/NA19140.1.wasp_filterd.markdup.sorted.bam	31487845
Alignments/Hisat2_Align/H3K4ME3/NA19092.1.wasp_filterd.markdup.sorted.bam	29338800
Alignments/Hisat2_Align/H3K4ME3/NA19128.1.wasp_filterd.markdup.sorted.bam	36126442
Alignments/Hisat2_Align/H3K27AC/NA19101.1.wasp_filterd.markdup.sorted.bam	35168773
Alignments/Hisat2_Align/H3K4ME1/NA19140.1.wasp_filterd.markdup.sorted.bam	15778
Alignments/Hisat2_Align/H3K4ME1/NA19092.1.wasp_filterd.markdup.sorted.bam	22910934
Alignments/Hisat2_Align/H3K4ME3/NA19140.1.wasp_filterd.markdup.sorted.bam	27543974
Alignments/Hisat2_Align/H3K4ME1/NA19128.1.wasp_filterd.markdup.sorted.bam	30938124
Alignments/Hisat2_Align/H3K4ME3/NA18913.1.wasp_filterd.markdup.sorted.bam	30488251
Alignments/Hisat2_Align/H3K4ME1/NA18859.1.wasp_filterd.markdup.sorted.bam	31110108
Alignments/Hisat2_Align/H3K4ME3/NA18859.1.wasp_filterd.markdup.sorted.bam	31767125
Alignments/Hisat2_Align/H3K27AC/NA18852.1.wasp_filterd.markdup.sorted.bam	32187853
Alignments/Hisat2_Align/H3K4ME3/NA19127.1.wasp_filterd.markdup.sorted.bam	37242837
Alignments/Hisat2_Align/H3K4ME3/NA19101.1.wasp_filterd.markdup.sorted.bam	35252758
Alignments/Hisat2_Align/H3K4ME1/NA19101.1.wasp_filterd.markdup.sorted.bam	25065
Alignments/Hisat2_Align/H3K27AC/NA18859.1.wasp_filterd.markdup.sorted.bam	31718184
Alignments/Hisat2_Align/H3K27AC/NA19092.1.wasp_filterd.markdup.sorted.bam	28775371
Alignments/Hisat2_Align/H3K27AC/NA19128.1.wasp_filterd.markdup.sorted.bam	37326575
Alignments/Hisat2_Align/H3K4ME1/NA18913.1.wasp_filterd.markdup.sorted.bam	30825775
Alignments/Hisat2_Align/H3K27AC/NA18913.1.wasp_filterd.markdup.sorted.bam	30187481
Alignments/Hisat2_Align/H3K27AC/NA18855.1.wasp_filterd.markdup.sorted.bam	33720328
Alignments/Hisat2_Align/H3K4ME1/NA18855.1.wasp_filterd.markdup.sorted.bam	32588519
Alignments/Hisat2_Align/H3K27AC/NA19127.1.wasp_filterd.markdup.sorted.bam	35089329
Alignments/Hisat2_Align/H3K4ME3/NA18855.1.wasp_filterd.markdup.sorted.bam	35909914
Alignments/Hisat2_Align/H3K4ME1/NA19141.1.wasp_filterd.markdup.sorted.bam	16765
Alignments/Hisat2_Align/H3K4ME3/NA19141.1.wasp_filterd.markdup.sorted.bam	28851659
Alignments/Hisat2_Align/H3K4ME3/NA18852.1.wasp_filterd.markdup.sorted.bam	35718898
Alignments/Hisat2_Align/H3K4ME1/NA18852.1.wasp_filterd.markdup.sorted.bam	29321724
Alignments/Hisat2_Align/H3K4ME1/NA19127.1.wasp_filterd.markdup.sorted.bam	31237566
Alignments/Hisat2_Align/H3K27AC/NA19141.1.wasp_filterd.markdup.sorted.bam	34098657
Alignments/Hisat2_Align/H3K27AC/NA19203.1.wasp_filterd.markdup.sorted.bam	38477249
Alignments/Hisat2_Align/H3K27AC/NA18862.1.wasp_filterd.markdup.sorted.bam	30838254
Alignments/Hisat2_Align/H3K4ME1/NA19206.1.wasp_filterd.markdup.sorted.bam	31677341
Alignments/Hisat2_Align/H3K4ME3/NA19206.1.wasp_filterd.markdup.sorted.bam	30704182
Alignments/Hisat2_Align/H3K4ME3/NA18862.1.wasp_filterd.markdup.sorted.bam	36407613
Alignments/Hisat2_Align/H3K4ME1/NA18862.1.wasp_filterd.markdup.sorted.bam	31587762
Alignments/Hisat2_Align/H3K4ME1/NA19203.1.wasp_filterd.markdup.sorted.bam	15398
Alignments/Hisat2_Align/H3K4ME3/NA19203.1.wasp_filterd.markdup.sorted.bam	32373322
Alignments/Hisat2_Align/H3K27AC/NA18505.1.wasp_filterd.markdup.sorted.bam	33542417
Alignments/Hisat2_Align/H3K4ME3/NA18870.1.wasp_filterd.markdup.sorted.bam	34064804
Alignments/Hisat2_Align/H3K4ME1/NA18870.1.wasp_filterd.markdup.sorted.bam	29702425
Alignments/Hisat2_Align/H3K27AC/NA18519.1.wasp_filterd.markdup.sorted.bam	21253685
Alignments/Hisat2_Align/H3K4ME1/NA18501.1.wasp_filterd.markdup.sorted.bam	33788354
Alignments/Hisat2_Align/H3K4ME3/NA18501.1.wasp_filterd.markdup.sorted.bam	33660587
Alignments/Hisat2_Align/H3K27AC/NA19225.1.wasp_filterd.markdup.sorted.bam	32218406
Alignments/Hisat2_Align/H3K4ME3/NA18516.1.wasp_filterd.markdup.sorted.bam	34683285
Alignments/Hisat2_Align/H3K4ME1/NA18516.1.wasp_filterd.markdup.sorted.bam	32885536
Alignments/Hisat2_Align/H3K4ME1/NA18511.1.wasp_filterd.markdup.sorted.bam	30258377
Alignments/Hisat2_Align/H3K4ME3/NA18511.1.wasp_filterd.markdup.sorted.bam	30046953
Alignments/Hisat2_Align/H3K4ME3/NA18504.1.wasp_filterd.markdup.sorted.bam	37006854
Alignments/Hisat2_Align/H3K27AC/NA18516.1.wasp_filterd.markdup.sorted.bam	34371875
Alignments/Hisat2_Align/H3K4ME1/NA18504.1.wasp_filterd.markdup.sorted.bam	29520707
Alignments/Hisat2_Align/H3K4ME3/NA19102.1.wasp_filterd.markdup.sorted.bam	29091564
Alignments/Hisat2_Align/H3K4ME1/NA19102.1.wasp_filterd.markdup.sorted.bam	34477050
Alignments/Hisat2_Align/H3K4ME3/NA18856.1.wasp_filterd.markdup.sorted.bam	29610762
Alignments/Hisat2_Align/H3K4ME1/NA18856.1.wasp_filterd.markdup.sorted.bam	32064121
Alignments/Hisat2_Align/H3K4ME3/NA18517.1.wasp_filterd.markdup.sorted.bam	29479515
Alignments/Hisat2_Align/H3K27AC/NA19102.1.wasp_filterd.markdup.sorted.bam	32167381
Alignments/Hisat2_Align/H3K4ME1/NA18517.1.wasp_filterd.markdup.sorted.bam	28107458
Alignments/Hisat2_Align/H3K27AC/NA19207.1.wasp_filterd.markdup.sorted.bam	27887988
Alignments/Hisat2_Align/H3K4ME1/NA18498.1.wasp_filterd.markdup.sorted.bam	31988896
Alignments/Hisat2_Align/H3K4ME3/NA18498.1.wasp_filterd.markdup.sorted.bam	25770969
Alignments/Hisat2_Align/H3K27AC/NA18853.1.wasp_filterd.markdup.sorted.bam	34617145
Alignments/Hisat2_Align/H3K4ME3/NA19190.1.wasp_filterd.markdup.sorted.bam	30945701
Alignments/Hisat2_Align/H3K4ME1/NA19190.1.wasp_filterd.markdup.sorted.bam	32243157
Alignments/Hisat2_Align/H3K27AC/NA18507.1.wasp_filterd.markdup.sorted.bam	35762735
Alignments/Hisat2_Align/H3K27AC/NA19137.1.wasp_filterd.markdup.sorted.bam	31893488
Alignments/Hisat2_Align/H3K4ME3/NA19147.1.wasp_filterd.markdup.sorted.bam	36625328
Alignments/Hisat2_Align/H3K4ME1/NA18520.1.wasp_filterd.markdup.sorted.bam	33047084
Alignments/Hisat2_Align/H3K4ME3/NA18520.1.wasp_filterd.markdup.sorted.bam	33539219
Alignments/Hisat2_Align/H3K27AC/NA19190.1.wasp_filterd.markdup.sorted.bam	33887134
Alignments/Hisat2_Align/H3K27AC/NA18501.1.wasp_filterd.markdup.sorted.bam	39111812
Alignments/Hisat2_Align/H3K27AC/NA18520.1.wasp_filterd.markdup.sorted.bam	32697177
Alignments/Hisat2_Align/H3K27AC/NA18499.1.wasp_filterd.markdup.sorted.bam	32406340
Alignments/Hisat2_Align/H3K4ME1/NA19171.1.wasp_filterd.markdup.sorted.bam	31032549
Alignments/Hisat2_Align/H3K4ME3/NA19171.1.wasp_filterd.markdup.sorted.bam	35292316
Alignments/Hisat2_Align/H3K4ME1/NA19131.1.wasp_filterd.markdup.sorted.bam	30709589
Alignments/Hisat2_Align/H3K4ME3/NA19131.1.wasp_filterd.markdup.sorted.bam	31562802
Alignments/Hisat2_Align/H3K4ME1/NA18907.1.wasp_filterd.markdup.sorted.bam	24868337
Alignments/Hisat2_Align/H3K4ME3/NA18907.1.wasp_filterd.markdup.sorted.bam	29815947
Alignments/Hisat2_Align/H3K27AC/NA18523.1.wasp_filterd.markdup.sorted.bam	30159502
Alignments/Hisat2_Align/H3K27AC/NA19160.1.wasp_filterd.markdup.sorted.bam	36255060
Alignments/Hisat2_Align/H3K4ME3/NA18523.1.wasp_filterd.markdup.sorted.bam	30894289
Alignments/Hisat2_Align/H3K4ME1/NA18523.1.wasp_filterd.markdup.sorted.bam	16954
Alignments/Hisat2_Align/H3K4ME3/NA19222.1.wasp_filterd.markdup.sorted.bam	34059763
Alignments/Hisat2_Align/H3K4ME3/NA18912.1.wasp_filterd.markdup.sorted.bam	33097617
Alignments/Hisat2_Align/H3K27AC/NA19152.1.wasp_filterd.markdup.sorted.bam	31428874
Alignments/Hisat2_Align/H3K4ME1/NA18912.1.wasp_filterd.markdup.sorted.bam	24795152
Alignments/Hisat2_Align/H3K4ME3/NA19098.1.wasp_filterd.markdup.sorted.bam	30478194
Alignments/Hisat2_Align/H3K4ME1/NA19098.1.wasp_filterd.markdup.sorted.bam	34120124
Alignments/Hisat2_Align/H3K27AC/NA18912.1.wasp_filterd.markdup.sorted.bam	26574444
Alignments/Hisat2_Align/H3K27AC/NA19116.1.wasp_filterd.markdup.sorted.bam	32150983
Alignments/Hisat2_Align/H3K4ME3/NA19119.1.wasp_filterd.markdup.sorted.bam	33710732
Alignments/Hisat2_Align/H3K4ME1/NA19119.1.wasp_filterd.markdup.sorted.bam	22602
Alignments/Hisat2_Align/H3K27AC/NA18517.1.wasp_filterd.markdup.sorted.bam	30552268
Alignments/Hisat2_Align/H3K4ME1/NA18502.1.wasp_filterd.markdup.sorted.bam	21951
Alignments/Hisat2_Align/H3K4ME3/NA19200.1.wasp_filterd.markdup.sorted.bam	33457304
Alignments/Hisat2_Align/H3K27AC/NA19119.1.wasp_filterd.markdup.sorted.bam	35715827
Alignments/Hisat2_Align/H3K4ME1/NA19200.1.wasp_filterd.markdup.sorted.bam	31524835
Alignments/Hisat2_Align/H3K27AC/NA19114.1.wasp_filterd.markdup.sorted.bam	37572707
Alignments/Hisat2_Align/H3K4ME3/NA19209.1.wasp_filterd.markdup.sorted.bam	30646626
Alignments/Hisat2_Align/H3K4ME1/NA19209.1.wasp_filterd.markdup.sorted.bam	28918491
Alignments/Hisat2_Align/H3K4ME3/NA19160.1.wasp_filterd.markdup.sorted.bam	34856936
Alignments/Hisat2_Align/H3K27AC/NA19209.1.wasp_filterd.markdup.sorted.bam	31485241
Alignments/Hisat2_Align/H3K27AC/NA19171.1.wasp_filterd.markdup.sorted.bam	32297623
Alignments/Hisat2_Align/H3K4ME1/NA18861.1.wasp_filterd.markdup.sorted.bam	17958
Alignments/Hisat2_Align/H3K4ME3/NA18916.1.wasp_filterd.markdup.sorted.bam	36083235
Alignments/Hisat2_Align/H3K4ME3/NA18861.1.wasp_filterd.markdup.sorted.bam	29929483
Alignments/Hisat2_Align/H3K4ME1/NA18916.1.wasp_filterd.markdup.sorted.bam	24595
Alignments/Hisat2_Align/H3K4ME1/NA18510.1.wasp_filterd.markdup.sorted.bam	31544666
Alignments/Hisat2_Align/H3K4ME3/NA18510.1.wasp_filterd.markdup.sorted.bam	37116223
Alignments/Hisat2_Align/H3K4ME3/NA19137.1.wasp_filterd.markdup.sorted.bam	29532586
Alignments/Hisat2_Align/H3K4ME1/NA19137.1.wasp_filterd.markdup.sorted.bam	16651
Alignments/Hisat2_Align/H3K27AC/NA18499.2.wasp_filterd.markdup.sorted.bam	41383808
Alignments/Hisat2_Align/H3K4ME3/NA18489.1.wasp_filterd.markdup.sorted.bam	37178549
Alignments/Hisat2_Align/H3K4ME1/NA18489.1.wasp_filterd.markdup.sorted.bam	35354595
Alignments/Hisat2_Align/H3K27AC/NA18504.1.wasp_filterd.markdup.sorted.bam	34639523
Alignments/Hisat2_Align/H3K27AC/NA18870.1.wasp_filterd.markdup.sorted.bam	34372825
Alignments/Hisat2_Align/H3K27AC/NA18501.2.wasp_filterd.markdup.sorted.bam	34397989
Alignments/Hisat2_Align/H3K4ME1/NA19093.1.wasp_filterd.markdup.sorted.bam	31632674
Alignments/Hisat2_Align/H3K4ME1/NA18502.2.wasp_filterd.markdup.sorted.bam	28098160
Alignments/Hisat2_Align/H3K27AC/NA18861.1.wasp_filterd.markdup.sorted.bam	34689153
Alignments/Hisat2_Align/H3K4ME3/NA18502.1.wasp_filterd.markdup.sorted.bam	34614245
Alignments/Hisat2_Align/H3K4ME3/NA19093.1.wasp_filterd.markdup.sorted.bam	33061950
Alignments/Hisat2_Align/H3K4ME1/NA18507.1.wasp_filterd.markdup.sorted.bam	30492784
Alignments/Hisat2_Align/H3K4ME1/NA18499.1.wasp_filterd.markdup.sorted.bam	28245401
Alignments/Hisat2_Align/H3K4ME3/NA18499.1.wasp_filterd.markdup.sorted.bam	33159860
Alignments/Hisat2_Align/H3K4ME3/NA19114.1.wasp_filterd.markdup.sorted.bam	29695350
Alignments/Hisat2_Align/H3K4ME1/NA19114.1.wasp_filterd.markdup.sorted.bam	32284368
Alignments/Hisat2_Align/H3K27AC/NA19147.1.wasp_filterd.markdup.sorted.bam	37515021
Alignments/Hisat2_Align/H3K4ME3/NA18507.1.wasp_filterd.markdup.sorted.bam	33787880
Alignments/Hisat2_Align/H3K27AC/NA18522.1.wasp_filterd.markdup.sorted.bam	22509957
Alignments/Hisat2_Align/H3K27AC/NA19098.1.wasp_filterd.markdup.sorted.bam	33485825
Alignments/Hisat2_Align/H3K27AC/NA18502.1.wasp_filterd.markdup.sorted.bam	34350426
Alignments/Hisat2_Align/H3K27AC/NA18489.1.wasp_filterd.markdup.sorted.bam	29616935
Alignments/Hisat2_Align/H3K27AC/NA19204.1.wasp_filterd.markdup.sorted.bam	30748475
Alignments/Hisat2_Align/H3K27AC/NA18511.1.wasp_filterd.markdup.sorted.bam	29453587
Alignments/Hisat2_Align/H3K4ME1/NA18519.1.wasp_filterd.markdup.sorted.bam	38143290
Alignments/Hisat2_Align/H3K4ME1/NA19225.1.wasp_filterd.markdup.sorted.bam	34796911
Alignments/Hisat2_Align/H3K4ME3/NA18519.1.wasp_filterd.markdup.sorted.bam	35087802
Alignments/Hisat2_Align/H3K4ME3/NA19225.1.wasp_filterd.markdup.sorted.bam	31410810
Alignments/Hisat2_Align/H3K4ME3/NA19099.1.wasp_filterd.markdup.sorted.bam	35549867
Alignments/Hisat2_Align/H3K4ME3/NA18853.1.wasp_filterd.markdup.sorted.bam	32229301
Alignments/Hisat2_Align/H3K4ME1/NA19099.1.wasp_filterd.markdup.sorted.bam	33762486
Alignments/Hisat2_Align/H3K4ME1/NA18853.1.wasp_filterd.markdup.sorted.bam	19960
Alignments/Hisat2_Align/H3K4ME1/NA18489.2.wasp_filterd.markdup.sorted.bam	19261
Alignments/Hisat2_Align/H3K4ME3/NA18489.2.wasp_filterd.markdup.sorted.bam	33241784
Alignments/Hisat2_Align/H3K4ME1/NA19130.1.wasp_filterd.markdup.sorted.bam	31331743
Alignments/Hisat2_Align/H3K4ME1/NA19222.1.wasp_filterd.markdup.sorted.bam	30154260
Alignments/Hisat2_Align/H3K4ME3/NA19130.1.wasp_filterd.markdup.sorted.bam	31225326
Alignments/Hisat2_Align/H3K4ME3/NA18499.2.wasp_filterd.markdup.sorted.bam	42170960
Alignments/Hisat2_Align/H3K4ME1/NA18499.2.wasp_filterd.markdup.sorted.bam	26389
Alignments/Hisat2_Align/H3K27AC/NA19257.1.wasp_filterd.markdup.sorted.bam	33803852
Alignments/Hisat2_Align/H3K27AC/NA19222.1.wasp_filterd.markdup.sorted.bam	38952270
Alignments/Hisat2_Align/H3K27AC/NA19147.2.wasp_filterd.markdup.sorted.bam	32885647
Alignments/Hisat2_Align/H3K4ME3/NA18498.2.wasp_filterd.markdup.sorted.bam	29941858
Alignments/Hisat2_Align/H3K27AC/NA19130.1.wasp_filterd.markdup.sorted.bam	33073239
Alignments/Hisat2_Align/H3K4ME1/NA18498.2.wasp_filterd.markdup.sorted.bam	18201
Alignments/Hisat2_Align/H3K27AC/NA19200.1.wasp_filterd.markdup.sorted.bam	33664900
Alignments/Hisat2_Align/H3K27AC/NA19108.1.wasp_filterd.markdup.sorted.bam	36314946
Alignments/Hisat2_Align/H3K4ME3/NA19257.1.wasp_filterd.markdup.sorted.bam	30750676
Alignments/Hisat2_Align/H3K4ME1/NA19257.1.wasp_filterd.markdup.sorted.bam	27412300
Alignments/Hisat2_Align/H3K4ME3/NA19147.2.wasp_filterd.markdup.sorted.bam	33139521
Alignments/Hisat2_Align/H3K4ME3/NA19204.1.wasp_filterd.markdup.sorted.bam	30523646
Alignments/Hisat2_Align/H3K4ME1/NA19204.1.wasp_filterd.markdup.sorted.bam	19019884
Alignments/Hisat2_Align/H3K27AC/NA18508.1.wasp_filterd.markdup.sorted.bam	27989710
Alignments/Hisat2_Align/H3K27AC/NA19172.1.wasp_filterd.markdup.sorted.bam	31600309
Alignments/Hisat2_Align/H3K27AC/NA18909.1.wasp_filterd.markdup.sorted.bam	34024424
Alignments/Hisat2_Align/H3K4ME1/NA19160.1.wasp_filterd.markdup.sorted.bam	22085
Alignments/Hisat2_Align/H3K4ME3/NA18909.1.wasp_filterd.markdup.sorted.bam	32195434
Alignments/Hisat2_Align/H3K4ME1/NA18909.1.wasp_filterd.markdup.sorted.bam	32833833
Alignments/Hisat2_Align/H3K4ME1/NA19138.1.wasp_filterd.markdup.sorted.bam	30475795
Alignments/Hisat2_Align/H3K4ME1/NA19108.1.wasp_filterd.markdup.sorted.bam	15157
Alignments/Hisat2_Align/H3K4ME3/NA19138.1.wasp_filterd.markdup.sorted.bam	32357062
Alignments/Hisat2_Align/H3K4ME3/NA19108.1.wasp_filterd.markdup.sorted.bam	27582643
Alignments/Hisat2_Align/H3K4ME1/NA19147.1.wasp_filterd.markdup.sorted.bam	23386
Alignments/Hisat2_Align/H3K4ME3/NA18505.1.wasp_filterd.markdup.sorted.bam	35747923
Alignments/Hisat2_Align/H3K27AC/NA19138.1.wasp_filterd.markdup.sorted.bam	30207194
Alignments/Hisat2_Align/H3K4ME1/NA18505.1.wasp_filterd.markdup.sorted.bam	31965464
Alignments/Hisat2_Align/H3K4ME1/NA19116.1.wasp_filterd.markdup.sorted.bam	28659397
Alignments/Hisat2_Align/H3K4ME3/NA19116.1.wasp_filterd.markdup.sorted.bam	30840899
Alignments/Hisat2_Align/H3K4ME3/NA18502.2.wasp_filterd.markdup.sorted.bam	37997999
Alignments/Hisat2_Align/H3K4ME1/NA19152.1.wasp_filterd.markdup.sorted.bam	32876453
Alignments/Hisat2_Align/H3K4ME3/NA19152.1.wasp_filterd.markdup.sorted.bam	34735841
Alignments/Hisat2_Align/H3K27AC/NA18489.2.wasp_filterd.markdup.sorted.bam	26571781
Alignments/Hisat2_Align/H3K27AC/NA18510.1.wasp_filterd.markdup.sorted.bam	39014577
Alignments/Hisat2_Align/H3K4ME3/NA18508.1.wasp_filterd.markdup.sorted.bam	34797068
Alignments/Hisat2_Align/H3K4ME1/NA18508.1.wasp_filterd.markdup.sorted.bam	29992157
Alignments/Hisat2_Align/H3K4ME3/NA19223.1.wasp_filterd.markdup.sorted.bam	32371872
Alignments/Hisat2_Align/H3K4ME1/NA19207.1.wasp_filterd.markdup.sorted.bam	21890719
Alignments/Hisat2_Align/H3K4ME3/NA19207.1.wasp_filterd.markdup.sorted.bam	27211472
Alignments/Hisat2_Align/H3K4ME3/NA18522.1.wasp_filterd.markdup.sorted.bam	31849258
Alignments/Hisat2_Align/H3K27AC/NA18916.1.wasp_filterd.markdup.sorted.bam	23226594
Alignments/Hisat2_Align/H3K4ME1/NA18522.1.wasp_filterd.markdup.sorted.bam	34386188
Alignments/Hisat2_Align/H3K4ME1/NA19223.1.wasp_filterd.markdup.sorted.bam	31409093
Alignments/Hisat2_Align/H3K27AC/NA18498.1.wasp_filterd.markdup.sorted.bam	35444783
Alignments/Hisat2_Align/H3K4ME3/NA19172.1.wasp_filterd.markdup.sorted.bam	35277912
Alignments/Hisat2_Align/H3K4ME1/NA19172.1.wasp_filterd.markdup.sorted.bam	32234494
Alignments/Hisat2_Align/H3K27AC/NA18498.2.wasp_filterd.markdup.sorted.bam	34590000
Alignments/Hisat2_Align/H3K27AC/NA18502.2.wasp_filterd.markdup.sorted.bam	32581799
Alignments/Hisat2_Align/H3K27AC/NA19093.1.wasp_filterd.markdup.sorted.bam	33887360
Alignments/Hisat2_Align/H3K27AC/NA18856.1.wasp_filterd.markdup.sorted.bam	35557499
Alignments/Hisat2_Align/H3K4ME1/NA18858.1.wasp_filterd.markdup.sorted.bam	28235422
Alignments/Hisat2_Align/H3K4ME3/NA18501.2.wasp_filterd.markdup.sorted.bam	28013376
Alignments/Hisat2_Align/H3K4ME3/NA18858.1.wasp_filterd.markdup.sorted.bam	32123874
Alignments/Hisat2_Align/H3K4ME1/NA18501.2.wasp_filterd.markdup.sorted.bam	32680457
Alignments/Hisat2_Align/H3K27AC/NA19099.1.wasp_filterd.markdup.sorted.bam	31151251
Alignments/Hisat2_Align/H3K27AC/NA18907.1.wasp_filterd.markdup.sorted.bam	33966323
Alignments/Hisat2_Align/H3K27AC/NA19131.1.wasp_filterd.markdup.sorted.bam	35469668
Alignments/Hisat2_Align/H3K27AC/NA18858.1.wasp_filterd.markdup.sorted.bam	32378992
Alignments/Hisat2_Align/H3K4ME3/NA18871.1.wasp_filterd.markdup.sorted.bam	29228533
Alignments/Hisat2_Align/H3K4ME1/NA18871.1.wasp_filterd.markdup.sorted.bam	19314
Alignments/Hisat2_Align/H3K27AC/NA19223.1.wasp_filterd.markdup.sorted.bam	27361350
Alignments/Hisat2_Align/H3K27AC/NA18871.1.wasp_filterd.markdup.sorted.bam	31277260
Alignments/Hisat2_Align/H3K27AC/NA19201.1.wasp_filterd.markdup.sorted.bam	33151401
Alignments/Hisat2_Align/H3K4ME3/NA19201.1.wasp_filterd.markdup.sorted.bam	29415420
Alignments/Hisat2_Align/H3K4ME1/NA19201.1.wasp_filterd.markdup.sorted.bam	23331929
Alignments/Hisat2_Align/H3K27AC/NA19153.1.wasp_filterd.markdup.sorted.bam	30413972
Alignments/Hisat2_Align/H3K4ME3/NA19144.1.wasp_filterd.markdup.sorted.bam	37370048
Alignments/Hisat2_Align/H3K4ME3/NA19143.1.wasp_filterd.markdup.sorted.bam	35397449
Alignments/Hisat2_Align/H3K4ME1/NA19143.1.wasp_filterd.markdup.sorted.bam	32817306
Alignments/Hisat2_Align/H3K4ME1/NA19153.1.wasp_filterd.markdup.sorted.bam	29016441
Alignments/Hisat2_Align/H3K4ME3/NA19153.1.wasp_filterd.markdup.sorted.bam	32892558
Alignments/Hisat2_Align/H3K4ME1/NA19210.1.wasp_filterd.markdup.sorted.bam	32962407
Alignments/Hisat2_Align/H3K4ME3/NA19210.1.wasp_filterd.markdup.sorted.bam	29832344
Alignments/Hisat2_Align/H3K4ME1/NA19144.1.wasp_filterd.markdup.sorted.bam	30512678
Alignments/Hisat2_Align/H3K4ME3/NA19159.1.wasp_filterd.markdup.sorted.bam	28865683
Alignments/Hisat2_Align/H3K4ME1/NA19159.1.wasp_filterd.markdup.sorted.bam	31774598
Alignments/Hisat2_Align/H3K27AC/NA19159.1.wasp_filterd.markdup.sorted.bam	32752080
Alignments/Hisat2_Align/H3K27AC/NA19144.1.wasp_filterd.markdup.sorted.bam	37320626
Alignments/Hisat2_Align/H3K27AC/NA19143.1.wasp_filterd.markdup.sorted.bam	30117702
Alignments/Hisat2_Align/H3K27AC/NA19210.1.wasp_filterd.markdup.sorted.bam	27548542
Alignments/Hisat2_Align/CTCF/NA12005.1.wasp_filterd.markdup.sorted.bam	76808177
Alignments/Hisat2_Align/CTCF/NA12006.1.wasp_filterd.markdup.sorted.bam	77985585
Alignments/Hisat2_Align/CTCF/NA11992.1.wasp_filterd.markdup.sorted.bam	76804809
Alignments/Hisat2_Align/CTCF/NA11994.1.wasp_filterd.markdup.sorted.bam	69307790
Alignments/Hisat2_Align/CTCF/NA11894.1.wasp_filterd.markdup.sorted.bam	64490119
Alignments/Hisat2_Align/CTCF/NA11918.1.wasp_filterd.markdup.sorted.bam	59115605
Alignments/Hisat2_Align/CTCF/NA11832.1.wasp_filterd.markdup.sorted.bam	59919205
Alignments/Hisat2_Align/CTCF/NA11881.1.wasp_filterd.markdup.sorted.bam	79588148
Alignments/Hisat2_Align/CTCF/NA11894.2.wasp_filterd.markdup.sorted.bam	59245780
Alignments/Hisat2_Align/CTCF/NA11918.2.wasp_filterd.markdup.sorted.bam	63293178
Alignments/Hisat2_Align/CTCF/NA11992.2.wasp_filterd.markdup.sorted.bam	65697402
Alignments/Hisat2_Align/CTCF/NA11994.2.wasp_filterd.markdup.sorted.bam	53487312
Alignments/Hisat2_Align/CTCF/NA12005.2.wasp_filterd.markdup.sorted.bam	45141322
Alignments/Hisat2_Align/CTCF/NA12006.2.wasp_filterd.markdup.sorted.bam	69418734
Alignments/Hisat2_Align/CTCF/NA12234.1.wasp_filterd.markdup.sorted.bam	61329266
Alignments/Hisat2_Align/CTCF/NA12249.1.wasp_filterd.markdup.sorted.bam	61862274
Alignments/Hisat2_Align/CTCF/NA12749.1.wasp_filterd.markdup.sorted.bam	66772399
Alignments/Hisat2_Align/CTCF/NA12812.1.wasp_filterd.markdup.sorted.bam	66324959
Alignments/Hisat2_Align/CTCF/NA12762.1.wasp_filterd.markdup.sorted.bam	63680085
Alignments/Hisat2_Align/CTCF/NA12763.1.wasp_filterd.markdup.sorted.bam	56798359
Alignments/Hisat2_Align/CTCF/NA12814.1.wasp_filterd.markdup.sorted.bam	48063879
Alignments/Hisat2_Align/CTCF/NA12815.1.wasp_filterd.markdup.sorted.bam	40910527
Alignments/Hisat2_Align/CTCF/NA12828.1.wasp_filterd.markdup.sorted.bam	110717673
Alignments/Hisat2_Align/CTCF/NA12872.1.wasp_filterd.markdup.sorted.bam	94875261
Alignments/Hisat2_Align/CTCF/NA11830.1.wasp_filterd.markdup.sorted.bam	44309589
Alignments/Hisat2_Align/CTCF/NA11840.1.wasp_filterd.markdup.sorted.bam	46255788
Alignments/Hisat2_Align/CTCF/NA11920.1.wasp_filterd.markdup.sorted.bam	95101995
Alignments/Hisat2_Align/CTCF/NA11993.1.wasp_filterd.markdup.sorted.bam	125985018
Alignments/Hisat2_Align/CTCF/NA11995.1.wasp_filterd.markdup.sorted.bam	107007212
Alignments/Hisat2_Align/CTCF/NA12043.1.wasp_filterd.markdup.sorted.bam	133135406
Alignments/Hisat2_Align/CTCF/NA12144.1.wasp_filterd.markdup.sorted.bam	119256214
Alignments/Hisat2_Align/CTCF/NA12750.1.wasp_filterd.markdup.sorted.bam	114149162
Alignments/Hisat2_Align/CTCF/NA12760.1.wasp_filterd.markdup.sorted.bam	97229258
Alignments/Hisat2_Align/CTCF/NA12874.1.wasp_filterd.markdup.sorted.bam	121714105
Alignments/Hisat2_Align/CTCF/NA12891.1.wasp_filterd.markdup.sorted.bam	91828302
Alignments/Hisat2_Align/CTCF/NA07051.1.wasp_filterd.markdup.sorted.bam	79688027
Alignments/Hisat2_Align/CTCF/NA11931.1.wasp_filterd.markdup.sorted.bam	82252814
Alignments/Hisat2_Align/CTCF/NA12003.1.wasp_filterd.markdup.sorted.bam	54895278
Alignments/Hisat2_Align/CTCF/NA12004.1.wasp_filterd.markdup.sorted.bam	71572638
Alignments/Hisat2_Align/CTCF/NA06986.1.wasp_filterd.markdup.sorted.bam	201460976
Alignments/Hisat2_Align/CTCF/NA07037.1.wasp_filterd.markdup.sorted.bam	73189579
Alignments/Hisat2_Align/CTCF/NA07346.1.wasp_filterd.markdup.sorted.bam	71204819
Alignments/Hisat2_Align/CTCF/NA12814.2.wasp_filterd.markdup.sorted.bam	155072026
Alignments/Hisat2_Align/CTCF/NA12815.2.wasp_filterd.markdup.sorted.bam	132236290
Alignments/Hisat2_Align/CTCF/NA11830.2.wasp_filterd.markdup.sorted.bam	149440368
Alignments/Hisat2_Align/CTCF/NA11840.2.wasp_filterd.markdup.sorted.bam	149213925
Alignments/Hisat2_Align/CTCF/NA07357.1.wasp_filterd.markdup.sorted.bam	74497916
Alignments/Hisat2_Align/CTCF/NA11831.1.wasp_filterd.markdup.sorted.bam	86930579
Alignments/Hisat2_Align/CTCF/NA12761.1.wasp_filterd.markdup.sorted.bam	110785288
Alignments/Hisat2_Align/CTCF/NA12892.1.wasp_filterd.markdup.sorted.bam	24620645
Alignments/Hisat2_Align/CTCF/NA11829.1.wasp_filterd.markdup.sorted.bam	51319486
Alignments/Hisat2_Align/CTCF/NA12891.2.wasp_filterd.markdup.sorted.bam	79058062
Alignments/Hisat2_Align/CTCF/NA12892.2.wasp_filterd.markdup.sorted.bam	106302901
Alignments/Hisat2_Align/CTCF/NA12892.3.wasp_filterd.markdup.sorted.bam	76705090
Alignments/Hisat2_Align/CTCF/NA12891.3.wasp_filterd.markdup.sorted.bam	72429727
Alignments/Hisat2_Align/CTCF/NA12892.4.wasp_filterd.markdup.sorted.bam	87731336
Alignments/Hisat2_Align/CTCF/NA12155.1.wasp_filterd.markdup.sorted.bam	86060219
Alignments/Hisat2_Align/CTCF/NA12872.2.wasp_filterd.markdup.sorted.bam	57396583
Alignments/Hisat2_Align/CTCF/NA11832.2.wasp_filterd.markdup.sorted.bam	53579581
Alignments/Hisat2_Align/CTCF/NA11881.2.wasp_filterd.markdup.sorted.bam	41149967
Alignments/Hisat2_Align/CTCF/NA12154.1.wasp_filterd.markdup.sorted.bam	45248225
Alignments/Hisat2_Align/CTCF/NA12155.2.wasp_filterd.markdup.sorted.bam	45753125
Alignments/Hisat2_Align/CTCF/NA12287.1.wasp_filterd.markdup.sorted.bam	19482551
Alignments/Hisat2_Align/CTCF/NA12489.1.wasp_filterd.markdup.sorted.bam	22338789
Alignments/Hisat2_Align/CTCF/NA12776.1.wasp_filterd.markdup.sorted.bam	59182946
Alignments/Hisat2_Align/CTCF/NA12813.1.wasp_filterd.markdup.sorted.bam	1083134
Alignments/Hisat2_Align/CTCF/NA11832.3.wasp_filterd.markdup.sorted.bam	87374746
Alignments/Hisat2_Align/CTCF/NA11881.3.wasp_filterd.markdup.sorted.bam	57847
Alignments/Hisat2_Align/CTCF/NA12154.2.wasp_filterd.markdup.sorted.bam	59295407
Alignments/Hisat2_Align/CTCF/NA12155.3.wasp_filterd.markdup.sorted.bam	62102835
Alignments/Hisat2_Align/CTCF/NA12287.2.wasp_filterd.markdup.sorted.bam	48959483
Alignments/Hisat2_Align/CTCF/NA12489.2.wasp_filterd.markdup.sorted.bam	55653575
Alignments/Hisat2_Align/CTCF/NA12045.1.wasp_filterd.markdup.sorted.bam	78417888
Alignments/Hisat2_Align/CTCF/NA12156.1.wasp_filterd.markdup.sorted.bam	60891964
Alignments/Hisat2_Align/CTCF/NA12751.1.wasp_filterd.markdup.sorted.bam	34563316
Alignments/Hisat2_Align/CTCF/NA12891.4.wasp_filterd.markdup.sorted.bam	44326763
Alignments/Hisat2_Align/CTCF/NA12891.5.wasp_filterd.markdup.sorted.bam	92716765
Alignments/Hisat2_Align/CTCF/NA12892.5.wasp_filterd.markdup.sorted.bam	71861090
Alignments/Hisat2_Align/CTCF/NA12751.2.wasp_filterd.markdup.sorted.bam	73763195
Alignments/Hisat2_Align/CTCF/NA12873.1.wasp_filterd.markdup.sorted.bam	27467213
Alignments/Hisat2_Align/CTCF/NA07357.2.wasp_filterd.markdup.sorted.bam	30208494
Alignments/STAR_Align/Expression.Splicing/HG00096/1/Filtered.bam	40804396
Alignments/STAR_Align/Expression.Splicing/HG00097/1/Filtered.bam	63173024
Alignments/STAR_Align/Expression.Splicing/HG00099/1/Filtered.bam	41265642
Alignments/STAR_Align/Expression.Splicing/HG00100/1/Filtered.bam	33825362
Alignments/STAR_Align/Expression.Splicing/HG00101/1/Filtered.bam	34916736
Alignments/STAR_Align/Expression.Splicing/HG00102/1/Filtered.bam	31624608
Alignments/STAR_Align/Expression.Splicing/HG00103/1/Filtered.bam	39305508
Alignments/STAR_Align/Expression.Splicing/HG00104/1/Filtered.bam	36177796
Alignments/STAR_Align/Expression.Splicing/HG00105/1/Filtered.bam	67434424
Alignments/STAR_Align/Expression.Splicing/HG00106/1/Filtered.bam	43006926
Alignments/STAR_Align/Expression.Splicing/HG00108/1/Filtered.bam	56564828
Alignments/STAR_Align/Expression.Splicing/HG00109/1/Filtered.bam	26209156
Alignments/STAR_Align/Expression.Splicing/HG00110/1/Filtered.bam	57804516
Alignments/STAR_Align/Expression.Splicing/HG00111/1/Filtered.bam	52222446
Alignments/STAR_Align/Expression.Splicing/HG00112/1/Filtered.bam	40544886
Alignments/STAR_Align/Expression.Splicing/HG00114/1/Filtered.bam	31451624
Alignments/STAR_Align/Expression.Splicing/HG00115/1/Filtered.bam	42159018
Alignments/STAR_Align/Expression.Splicing/HG00116/1/Filtered.bam	42034654
Alignments/STAR_Align/Expression.Splicing/HG00117/1/Filtered.bam	77243456
Alignments/STAR_Align/Expression.Splicing/HG00118/1/Filtered.bam	45533618
Alignments/STAR_Align/Expression.Splicing/HG00119/1/Filtered.bam	49437264
Alignments/STAR_Align/Expression.Splicing/HG00120/1/Filtered.bam	20696128
Alignments/STAR_Align/Expression.Splicing/HG00121/1/Filtered.bam	30639952
Alignments/STAR_Align/Expression.Splicing/HG00122/1/Filtered.bam	46468140
Alignments/STAR_Align/Expression.Splicing/HG00123/1/Filtered.bam	48548702
Alignments/STAR_Align/Expression.Splicing/HG00124/1/Filtered.bam	47073322
Alignments/STAR_Align/Expression.Splicing/HG00125/1/Filtered.bam	36061102
Alignments/STAR_Align/Expression.Splicing/HG00126/1/Filtered.bam	51067360
Alignments/STAR_Align/Expression.Splicing/HG00127/1/Filtered.bam	54434810
Alignments/STAR_Align/Expression.Splicing/HG00128/1/Filtered.bam	39025890
Alignments/STAR_Align/Expression.Splicing/HG00129/1/Filtered.bam	37149260
Alignments/STAR_Align/Expression.Splicing/HG00130/1/Filtered.bam	48063738
Alignments/STAR_Align/Expression.Splicing/HG00131/1/Filtered.bam	45853464
Alignments/STAR_Align/Expression.Splicing/HG00132/1/Filtered.bam	57154686
Alignments/STAR_Align/Expression.Splicing/HG00133/1/Filtered.bam	40805556
Alignments/STAR_Align/Expression.Splicing/HG00134/1/Filtered.bam	62697516
Alignments/STAR_Align/Expression.Splicing/HG00135/1/Filtered.bam	22493438
Alignments/STAR_Align/Expression.Splicing/HG00136/1/Filtered.bam	42584744
Alignments/STAR_Align/Expression.Splicing/HG00137/1/Filtered.bam	37086568
Alignments/STAR_Align/Expression.Splicing/HG00138/1/Filtered.bam	44265118
Alignments/STAR_Align/Expression.Splicing/HG00139/1/Filtered.bam	60965256
Alignments/STAR_Align/Expression.Splicing/HG00141/1/Filtered.bam	58803348
Alignments/STAR_Align/Expression.Splicing/HG00142/1/Filtered.bam	39642530
Alignments/STAR_Align/Expression.Splicing/HG00143/1/Filtered.bam	40845794
Alignments/STAR_Align/Expression.Splicing/HG00145/1/Filtered.bam	44261030
Alignments/STAR_Align/Expression.Splicing/HG00146/1/Filtered.bam	43489030
Alignments/STAR_Align/Expression.Splicing/HG00148/1/Filtered.bam	30759752
Alignments/STAR_Align/Expression.Splicing/HG00149/1/Filtered.bam	44899394
Alignments/STAR_Align/Expression.Splicing/HG00150/1/Filtered.bam	46170126
Alignments/STAR_Align/Expression.Splicing/HG00151/1/Filtered.bam	23554252
Alignments/STAR_Align/Expression.Splicing/HG00152/1/Filtered.bam	81958614
Alignments/STAR_Align/Expression.Splicing/HG00154/1/Filtered.bam	49828098
Alignments/STAR_Align/Expression.Splicing/HG00155/1/Filtered.bam	30559724
Alignments/STAR_Align/Expression.Splicing/HG00156/1/Filtered.bam	36941754
Alignments/STAR_Align/Expression.Splicing/HG00157/1/Filtered.bam	61766638
Alignments/STAR_Align/Expression.Splicing/HG00158/1/Filtered.bam	42867476
Alignments/STAR_Align/Expression.Splicing/HG00159/1/Filtered.bam	50480330
Alignments/STAR_Align/Expression.Splicing/HG00160/1/Filtered.bam	25271028
Alignments/STAR_Align/Expression.Splicing/HG00171/1/Filtered.bam	21660872
Alignments/STAR_Align/Expression.Splicing/HG00173/1/Filtered.bam	23674984
Alignments/STAR_Align/Expression.Splicing/HG00174/1/Filtered.bam	41201494
Alignments/STAR_Align/Expression.Splicing/HG00176/1/Filtered.bam	38056054
Alignments/STAR_Align/Expression.Splicing/HG00177/1/Filtered.bam	42428822
Alignments/STAR_Align/Expression.Splicing/HG00178/1/Filtered.bam	45155776
Alignments/STAR_Align/Expression.Splicing/HG00179/1/Filtered.bam	35666212
Alignments/STAR_Align/Expression.Splicing/HG00180/1/Filtered.bam	47657574
Alignments/STAR_Align/Expression.Splicing/HG00181/1/Filtered.bam	38743732
Alignments/STAR_Align/Expression.Splicing/HG00182/1/Filtered.bam	39349418
Alignments/STAR_Align/Expression.Splicing/HG00183/1/Filtered.bam	47673742
Alignments/STAR_Align/Expression.Splicing/HG00185/1/Filtered.bam	45275830
Alignments/STAR_Align/Expression.Splicing/HG00186/1/Filtered.bam	23606204
Alignments/STAR_Align/Expression.Splicing/HG00187/1/Filtered.bam	53802670
Alignments/STAR_Align/Expression.Splicing/HG00188/1/Filtered.bam	49949612
Alignments/STAR_Align/Expression.Splicing/HG00189/1/Filtered.bam	36731290
Alignments/STAR_Align/Expression.Splicing/HG00231/1/Filtered.bam	42640454
Alignments/STAR_Align/Expression.Splicing/HG00232/1/Filtered.bam	27426838
Alignments/STAR_Align/Expression.Splicing/HG00233/1/Filtered.bam	49508244
Alignments/STAR_Align/Expression.Splicing/HG00234/1/Filtered.bam	74752058
Alignments/STAR_Align/Expression.Splicing/HG00235/1/Filtered.bam	32818414
Alignments/STAR_Align/Expression.Splicing/HG00236/1/Filtered.bam	54890558
Alignments/STAR_Align/Expression.Splicing/HG00238/1/Filtered.bam	47599100
Alignments/STAR_Align/Expression.Splicing/HG00239/1/Filtered.bam	57807854
Alignments/STAR_Align/Expression.Splicing/HG00240/1/Filtered.bam	56453832
Alignments/STAR_Align/Expression.Splicing/HG00242/1/Filtered.bam	35859056
Alignments/STAR_Align/Expression.Splicing/HG00243/1/Filtered.bam	42698074
Alignments/STAR_Align/Expression.Splicing/HG00244/1/Filtered.bam	52483956
Alignments/STAR_Align/Expression.Splicing/HG00245/1/Filtered.bam	45389484
Alignments/STAR_Align/Expression.Splicing/HG00246/1/Filtered.bam	49941510
Alignments/STAR_Align/Expression.Splicing/HG00247/1/Filtered.bam	40099470
Alignments/STAR_Align/Expression.Splicing/HG00249/1/Filtered.bam	24259284
Alignments/STAR_Align/Expression.Splicing/HG00250/1/Filtered.bam	33117076
Alignments/STAR_Align/Expression.Splicing/HG00251/1/Filtered.bam	48516146
Alignments/STAR_Align/Expression.Splicing/HG00252/1/Filtered.bam	38550990
Alignments/STAR_Align/Expression.Splicing/HG00253/1/Filtered.bam	52004694
Alignments/STAR_Align/Expression.Splicing/HG00255/1/Filtered.bam	46217264
Alignments/STAR_Align/Expression.Splicing/HG00256/1/Filtered.bam	51216114
Alignments/STAR_Align/Expression.Splicing/HG00257/1/Filtered.bam	37807920
Alignments/STAR_Align/Expression.Splicing/HG00258/1/Filtered.bam	41762918
Alignments/STAR_Align/Expression.Splicing/HG00259/1/Filtered.bam	83731622
Alignments/STAR_Align/Expression.Splicing/HG00260/1/Filtered.bam	50949976
Alignments/STAR_Align/Expression.Splicing/HG00261/1/Filtered.bam	45710182
Alignments/STAR_Align/Expression.Splicing/HG00262/1/Filtered.bam	56998168
Alignments/STAR_Align/Expression.Splicing/HG00263/1/Filtered.bam	47058940
Alignments/STAR_Align/Expression.Splicing/HG00264/1/Filtered.bam	33474938
Alignments/STAR_Align/Expression.Splicing/HG00265/1/Filtered.bam	44752714
Alignments/STAR_Align/Expression.Splicing/HG00266/1/Filtered.bam	51818656
Alignments/STAR_Align/Expression.Splicing/HG00267/1/Filtered.bam	42460342
Alignments/STAR_Align/Expression.Splicing/HG00268/1/Filtered.bam	46090000
Alignments/STAR_Align/Expression.Splicing/HG00269/1/Filtered.bam	39274058
Alignments/STAR_Align/Expression.Splicing/HG00271/1/Filtered.bam	60274952
Alignments/STAR_Align/Expression.Splicing/HG00272/1/Filtered.bam	43030430
Alignments/STAR_Align/Expression.Splicing/HG00273/1/Filtered.bam	25282478
Alignments/STAR_Align/Expression.Splicing/HG00274/1/Filtered.bam	47902088
Alignments/STAR_Align/Expression.Splicing/HG00275/1/Filtered.bam	40165880
Alignments/STAR_Align/Expression.Splicing/HG00276/1/Filtered.bam	59173358
Alignments/STAR_Align/Expression.Splicing/HG00277/1/Filtered.bam	33805532
Alignments/STAR_Align/Expression.Splicing/HG00278/1/Filtered.bam	34015630
Alignments/STAR_Align/Expression.Splicing/HG00280/1/Filtered.bam	39772912
Alignments/STAR_Align/Expression.Splicing/HG00281/1/Filtered.bam	44101426
Alignments/STAR_Align/Expression.Splicing/HG00282/1/Filtered.bam	44843456
Alignments/STAR_Align/Expression.Splicing/HG00284/1/Filtered.bam	47803332
Alignments/STAR_Align/Expression.Splicing/HG00285/1/Filtered.bam	39681878
Alignments/STAR_Align/Expression.Splicing/HG00306/1/Filtered.bam	34349872
Alignments/STAR_Align/Expression.Splicing/HG00308/1/Filtered.bam	26211844
Alignments/STAR_Align/Expression.Splicing/HG00309/1/Filtered.bam	85129376
Alignments/STAR_Align/Expression.Splicing/HG00310/1/Filtered.bam	47742666
Alignments/STAR_Align/Expression.Splicing/HG00311/1/Filtered.bam	40099566
Alignments/STAR_Align/Expression.Splicing/HG00312/1/Filtered.bam	75353024
Alignments/STAR_Align/Expression.Splicing/HG00313/1/Filtered.bam	40448288
Alignments/STAR_Align/Expression.Splicing/HG00315/1/Filtered.bam	54467188
Alignments/STAR_Align/Expression.Splicing/HG00319/1/Filtered.bam	40334902
Alignments/STAR_Align/Expression.Splicing/HG00320/1/Filtered.bam	44531602
Alignments/STAR_Align/Expression.Splicing/HG00321/1/Filtered.bam	48885158
Alignments/STAR_Align/Expression.Splicing/HG00323/1/Filtered.bam	32614434
Alignments/STAR_Align/Expression.Splicing/HG00324/1/Filtered.bam	47032156
Alignments/STAR_Align/Expression.Splicing/HG00325/1/Filtered.bam	54852466
Alignments/STAR_Align/Expression.Splicing/HG00326/1/Filtered.bam	47149374
Alignments/STAR_Align/Expression.Splicing/HG00327/1/Filtered.bam	30206914
Alignments/STAR_Align/Expression.Splicing/HG00328/1/Filtered.bam	56280670
Alignments/STAR_Align/Expression.Splicing/HG00329/1/Filtered.bam	24195454
Alignments/STAR_Align/Expression.Splicing/HG00330/1/Filtered.bam	42550616
Alignments/STAR_Align/Expression.Splicing/HG00331/1/Filtered.bam	51574774
Alignments/STAR_Align/Expression.Splicing/HG00332/1/Filtered.bam	41264134
Alignments/STAR_Align/Expression.Splicing/HG00334/1/Filtered.bam	39998144
Alignments/STAR_Align/Expression.Splicing/HG00335/1/Filtered.bam	45621372
Alignments/STAR_Align/Expression.Splicing/HG00336/1/Filtered.bam	38918590
Alignments/STAR_Align/Expression.Splicing/HG00337/1/Filtered.bam	37965070
Alignments/STAR_Align/Expression.Splicing/HG00338/1/Filtered.bam	70542346
Alignments/STAR_Align/Expression.Splicing/HG00339/1/Filtered.bam	40975262
Alignments/STAR_Align/Expression.Splicing/HG00341/1/Filtered.bam	43254668
Alignments/STAR_Align/Expression.Splicing/HG00342/1/Filtered.bam	50314806
Alignments/STAR_Align/Expression.Splicing/HG00343/1/Filtered.bam	54583504
Alignments/STAR_Align/Expression.Splicing/HG00344/1/Filtered.bam	41499392
Alignments/STAR_Align/Expression.Splicing/HG00345/1/Filtered.bam	36290188
Alignments/STAR_Align/Expression.Splicing/HG00346/1/Filtered.bam	53445820
Alignments/STAR_Align/Expression.Splicing/HG00349/1/Filtered.bam	40008016
Alignments/STAR_Align/Expression.Splicing/HG00350/1/Filtered.bam	23441168
Alignments/STAR_Align/Expression.Splicing/HG00351/1/Filtered.bam	29780460
Alignments/STAR_Align/Expression.Splicing/HG00353/1/Filtered.bam	38788946
Alignments/STAR_Align/Expression.Splicing/HG00355/1/Filtered.bam	62483504
Alignments/STAR_Align/Expression.Splicing/HG00356/1/Filtered.bam	57313200
Alignments/STAR_Align/Expression.Splicing/HG00358/1/Filtered.bam	41148824
Alignments/STAR_Align/Expression.Splicing/HG00359/1/Filtered.bam	44831100
Alignments/STAR_Align/Expression.Splicing/HG00360/1/Filtered.bam	34426968
Alignments/STAR_Align/Expression.Splicing/HG00361/1/Filtered.bam	52275316
Alignments/STAR_Align/Expression.Splicing/HG00362/1/Filtered.bam	37877028
Alignments/STAR_Align/Expression.Splicing/HG00364/1/Filtered.bam	51735844
Alignments/STAR_Align/Expression.Splicing/HG00365/1/Filtered.bam	87024698
Alignments/STAR_Align/Expression.Splicing/HG00366/1/Filtered.bam	46023228
Alignments/STAR_Align/Expression.Splicing/HG00367/1/Filtered.bam	52730152
Alignments/STAR_Align/Expression.Splicing/HG00369/1/Filtered.bam	51519288
Alignments/STAR_Align/Expression.Splicing/HG00371/1/Filtered.bam	38228398
Alignments/STAR_Align/Expression.Splicing/HG00372/1/Filtered.bam	42490746
Alignments/STAR_Align/Expression.Splicing/HG00373/1/Filtered.bam	59247398
Alignments/STAR_Align/Expression.Splicing/HG00375/1/Filtered.bam	46233504
Alignments/STAR_Align/Expression.Splicing/HG00376/1/Filtered.bam	47388072
Alignments/STAR_Align/Expression.Splicing/HG00377/1/Filtered.bam	51150916
Alignments/STAR_Align/Expression.Splicing/HG00378/1/Filtered.bam	53265952
Alignments/STAR_Align/Expression.Splicing/HG00379/1/Filtered.bam	562338
Alignments/STAR_Align/Expression.Splicing/HG00380/1/Filtered.bam	30744594
Alignments/STAR_Align/Expression.Splicing/HG00381/1/Filtered.bam	17854770
Alignments/STAR_Align/Expression.Splicing/HG00382/1/Filtered.bam	41572642
Alignments/STAR_Align/Expression.Splicing/HG00383/1/Filtered.bam	48423574
Alignments/STAR_Align/Expression.Splicing/HG00384/1/Filtered.bam	62931352
Alignments/STAR_Align/Expression.Splicing/HG01334/1/Filtered.bam	61585700
Alignments/STAR_Align/Expression.Splicing/HG01789/1/Filtered.bam	39805754
Alignments/STAR_Align/Expression.Splicing/HG01790/1/Filtered.bam	18843680
Alignments/STAR_Align/Expression.Splicing/HG01791/1/Filtered.bam	49329766
Alignments/STAR_Align/Expression.Splicing/HG02215/1/Filtered.bam	45226084
Alignments/STAR_Align/Expression.Splicing/NA06984/1/Filtered.bam	30935604
Alignments/STAR_Align/Expression.Splicing/NA06985/1/Filtered.bam	47332056
Alignments/STAR_Align/Expression.Splicing/NA06986/1/Filtered.bam	49938228
Alignments/STAR_Align/Expression.Splicing/NA06989/1/Filtered.bam	31891958
Alignments/STAR_Align/Expression.Splicing/NA06994/1/Filtered.bam	56126280
Alignments/STAR_Align/Expression.Splicing/NA07037/1/Filtered.bam	40556272
Alignments/STAR_Align/Expression.Splicing/NA07048/1/Filtered.bam	37058744
Alignments/STAR_Align/Expression.Splicing/NA07051/1/Filtered.bam	40197834
Alignments/STAR_Align/Expression.Splicing/NA07056/1/Filtered.bam	40006640
Alignments/STAR_Align/Expression.Splicing/NA07346/1/Filtered.bam	48967316
Alignments/STAR_Align/Expression.Splicing/NA07347/1/Filtered.bam	49345888
Alignments/STAR_Align/Expression.Splicing/NA07357/1/Filtered.bam	39709234
Alignments/STAR_Align/Expression.Splicing/NA10847/1/Filtered.bam	45962526
Alignments/STAR_Align/Expression.Splicing/NA10851/1/Filtered.bam	38477518
Alignments/STAR_Align/Expression.Splicing/NA11829/1/Filtered.bam	29491772
Alignments/STAR_Align/Expression.Splicing/NA11830/1/Filtered.bam	36902180
Alignments/STAR_Align/Expression.Splicing/NA11831/1/Filtered.bam	61985662
Alignments/STAR_Align/Expression.Splicing/NA11832/1/Filtered.bam	51654558
Alignments/STAR_Align/Expression.Splicing/NA11840/1/Filtered.bam	40520574
Alignments/STAR_Align/Expression.Splicing/NA11843/1/Filtered.bam	43940906
Alignments/STAR_Align/Expression.Splicing/NA11881/1/Filtered.bam	47577586
Alignments/STAR_Align/Expression.Splicing/NA11892/1/Filtered.bam	34118350
Alignments/STAR_Align/Expression.Splicing/NA11893/1/Filtered.bam	63010320
Alignments/STAR_Align/Expression.Splicing/NA11894/1/Filtered.bam	49895650
Alignments/STAR_Align/Expression.Splicing/NA11918/1/Filtered.bam	34941676
Alignments/STAR_Align/Expression.Splicing/NA11920/1/Filtered.bam	47087632
Alignments/STAR_Align/Expression.Splicing/NA11930/1/Filtered.bam	32364442
Alignments/STAR_Align/Expression.Splicing/NA11931/1/Filtered.bam	35400630
Alignments/STAR_Align/Expression.Splicing/NA11992/1/Filtered.bam	34876650
Alignments/STAR_Align/Expression.Splicing/NA11993/1/Filtered.bam	46839632
Alignments/STAR_Align/Expression.Splicing/NA11994/1/Filtered.bam	65009584
Alignments/STAR_Align/Expression.Splicing/NA11995/1/Filtered.bam	38892200
Alignments/STAR_Align/Expression.Splicing/NA12004/1/Filtered.bam	30547388
Alignments/STAR_Align/Expression.Splicing/NA12005/1/Filtered.bam	42991266
Alignments/STAR_Align/Expression.Splicing/NA12006/1/Filtered.bam	47332422
Alignments/STAR_Align/Expression.Splicing/NA12043/1/Filtered.bam	44673516
Alignments/STAR_Align/Expression.Splicing/NA12044/1/Filtered.bam	46226938
Alignments/STAR_Align/Expression.Splicing/NA12045/1/Filtered.bam	28593132
Alignments/STAR_Align/Expression.Splicing/NA12058/1/Filtered.bam	49412318
Alignments/STAR_Align/Expression.Splicing/NA12144/1/Filtered.bam	48429000
Alignments/STAR_Align/Expression.Splicing/NA12154/1/Filtered.bam	40276914
Alignments/STAR_Align/Expression.Splicing/NA12155/1/Filtered.bam	34583702
Alignments/STAR_Align/Expression.Splicing/NA12156/1/Filtered.bam	46028198
Alignments/STAR_Align/Expression.Splicing/NA12234/1/Filtered.bam	50168974
Alignments/STAR_Align/Expression.Splicing/NA12249/1/Filtered.bam	39438128
Alignments/STAR_Align/Expression.Splicing/NA12272/1/Filtered.bam	28290718
Alignments/STAR_Align/Expression.Splicing/NA12273/1/Filtered.bam	43900396
Alignments/STAR_Align/Expression.Splicing/NA12275/1/Filtered.bam	45071496
Alignments/STAR_Align/Expression.Splicing/NA12282/1/Filtered.bam	24574038
Alignments/STAR_Align/Expression.Splicing/NA12283/1/Filtered.bam	38740400
Alignments/STAR_Align/Expression.Splicing/NA12286/1/Filtered.bam	44479188
Alignments/STAR_Align/Expression.Splicing/NA12287/1/Filtered.bam	26564922
Alignments/STAR_Align/Expression.Splicing/NA12340/1/Filtered.bam	45995656
Alignments/STAR_Align/Expression.Splicing/NA12341/1/Filtered.bam	45104190
Alignments/STAR_Align/Expression.Splicing/NA12342/1/Filtered.bam	39256336
Alignments/STAR_Align/Expression.Splicing/NA12347/1/Filtered.bam	44470652
Alignments/STAR_Align/Expression.Splicing/NA12348/1/Filtered.bam	21323960
Alignments/STAR_Align/Expression.Splicing/NA12383/1/Filtered.bam	38935532
Alignments/STAR_Align/Expression.Splicing/NA12399/1/Filtered.bam	18642260
Alignments/STAR_Align/Expression.Splicing/NA12400/1/Filtered.bam	37774478
Alignments/STAR_Align/Expression.Splicing/NA12413/1/Filtered.bam	54824492
Alignments/STAR_Align/Expression.Splicing/NA12489/1/Filtered.bam	45008390
Alignments/STAR_Align/Expression.Splicing/NA12546/1/Filtered.bam	28216044
Alignments/STAR_Align/Expression.Splicing/NA12716/1/Filtered.bam	112462314
Alignments/STAR_Align/Expression.Splicing/NA12717/1/Filtered.bam	40536294
Alignments/STAR_Align/Expression.Splicing/NA12718/1/Filtered.bam	49773154
Alignments/STAR_Align/Expression.Splicing/NA12749/1/Filtered.bam	35354932
Alignments/STAR_Align/Expression.Splicing/NA12750/1/Filtered.bam	42137168
Alignments/STAR_Align/Expression.Splicing/NA12751/1/Filtered.bam	55692532
Alignments/STAR_Align/Expression.Splicing/NA12760/1/Filtered.bam	22966152
Alignments/STAR_Align/Expression.Splicing/NA12761/1/Filtered.bam	47090130
Alignments/STAR_Align/Expression.Splicing/NA12762/1/Filtered.bam	37143526
Alignments/STAR_Align/Expression.Splicing/NA12763/1/Filtered.bam	49844508
Alignments/STAR_Align/Expression.Splicing/NA12775/1/Filtered.bam	68568056
Alignments/STAR_Align/Expression.Splicing/NA12776/1/Filtered.bam	46491690
Alignments/STAR_Align/Expression.Splicing/NA12777/1/Filtered.bam	39214890
Alignments/STAR_Align/Expression.Splicing/NA12778/1/Filtered.bam	39991472
Alignments/STAR_Align/Expression.Splicing/NA12812/1/Filtered.bam	33033032
Alignments/STAR_Align/Expression.Splicing/NA12813/1/Filtered.bam	38876668
Alignments/STAR_Align/Expression.Splicing/NA12814/1/Filtered.bam	66534556
Alignments/STAR_Align/Expression.Splicing/NA12815/1/Filtered.bam	51741242
Alignments/STAR_Align/Expression.Splicing/NA12827/1/Filtered.bam	23518450
Alignments/STAR_Align/Expression.Splicing/NA12829/1/Filtered.bam	59919578
Alignments/STAR_Align/Expression.Splicing/NA12830/1/Filtered.bam	29316214
Alignments/STAR_Align/Expression.Splicing/NA12842/1/Filtered.bam	51117378
Alignments/STAR_Align/Expression.Splicing/NA12843/1/Filtered.bam	34076556
Alignments/STAR_Align/Expression.Splicing/NA12872/1/Filtered.bam	48979080
Alignments/STAR_Align/Expression.Splicing/NA12873/1/Filtered.bam	47164340
Alignments/STAR_Align/Expression.Splicing/NA12874/1/Filtered.bam	42060916
Alignments/STAR_Align/Expression.Splicing/NA12889/1/Filtered.bam	51785922
Alignments/STAR_Align/Expression.Splicing/NA12890/1/Filtered.bam	37057566
Alignments/STAR_Align/Expression.Splicing/NA18486/1/Filtered.bam	70654928
Alignments/STAR_Align/Expression.Splicing/NA18487/1/Filtered.bam	34700284
Alignments/STAR_Align/Expression.Splicing/NA18488/1/Filtered.bam	28048438
Alignments/STAR_Align/Expression.Splicing/NA18489/1/Filtered.bam	39967054
Alignments/STAR_Align/Expression.Splicing/NA18498/1/Filtered.bam	55436040
Alignments/STAR_Align/Expression.Splicing/NA18499/1/Filtered.bam	47408858
Alignments/STAR_Align/Expression.Splicing/NA18502/1/Filtered.bam	83139756
Alignments/STAR_Align/Expression.Splicing/NA18505/1/Filtered.bam	23172428
Alignments/STAR_Align/Expression.Splicing/NA18508/1/Filtered.bam	38323022
Alignments/STAR_Align/Expression.Splicing/NA18510/1/Filtered.bam	32485236
Alignments/STAR_Align/Expression.Splicing/NA18511/1/Filtered.bam	79644806
Alignments/STAR_Align/Expression.Splicing/NA18517/1/Filtered.bam	20722354
Alignments/STAR_Align/Expression.Splicing/NA18519/1/Filtered.bam	34613340
Alignments/STAR_Align/Expression.Splicing/NA18520/1/Filtered.bam	39616238
Alignments/STAR_Align/Expression.Splicing/NA18858/1/Filtered.bam	43591178
Alignments/STAR_Align/Expression.Splicing/NA18861/1/Filtered.bam	23405524
Alignments/STAR_Align/Expression.Splicing/NA18867/1/Filtered.bam	39878666
Alignments/STAR_Align/Expression.Splicing/NA18868/1/Filtered.bam	46400256
Alignments/STAR_Align/Expression.Splicing/NA18870/1/Filtered.bam	35311808
Alignments/STAR_Align/Expression.Splicing/NA18873/1/Filtered.bam	42161156
Alignments/STAR_Align/Expression.Splicing/NA18907/1/Filtered.bam	32344628
Alignments/STAR_Align/Expression.Splicing/NA18908/1/Filtered.bam	51404490
Alignments/STAR_Align/Expression.Splicing/NA18909/1/Filtered.bam	43041118
Alignments/STAR_Align/Expression.Splicing/NA18910/1/Filtered.bam	27068588
Alignments/STAR_Align/Expression.Splicing/NA18912/1/Filtered.bam	66780286
Alignments/STAR_Align/Expression.Splicing/NA18916/1/Filtered.bam	62847582
Alignments/STAR_Align/Expression.Splicing/NA18917/1/Filtered.bam	40444334
Alignments/STAR_Align/Expression.Splicing/NA18923/1/Filtered.bam	48336622
Alignments/STAR_Align/Expression.Splicing/NA18933/1/Filtered.bam	33707922
Alignments/STAR_Align/Expression.Splicing/NA18934/1/Filtered.bam	75865696
Alignments/STAR_Align/Expression.Splicing/NA19092/1/Filtered.bam	50254378
Alignments/STAR_Align/Expression.Splicing/NA19093/1/Filtered.bam	50369082
Alignments/STAR_Align/Expression.Splicing/NA19095/1/Filtered.bam	63397696
Alignments/STAR_Align/Expression.Splicing/NA19096/1/Filtered.bam	38368332
Alignments/STAR_Align/Expression.Splicing/NA19098/1/Filtered.bam	62921146
Alignments/STAR_Align/Expression.Splicing/NA19099/1/Filtered.bam	57482548
Alignments/STAR_Align/Expression.Splicing/NA19102/1/Filtered.bam	36616372
Alignments/STAR_Align/Expression.Splicing/NA19107/1/Filtered.bam	42230666
Alignments/STAR_Align/Expression.Splicing/NA19108/1/Filtered.bam	77595418
Alignments/STAR_Align/Expression.Splicing/NA19113/1/Filtered.bam	22783880
Alignments/STAR_Align/Expression.Splicing/NA19114/1/Filtered.bam	46561398
Alignments/STAR_Align/Expression.Splicing/NA19116/1/Filtered.bam	57872314
Alignments/STAR_Align/Expression.Splicing/NA19117/1/Filtered.bam	49570444
Alignments/STAR_Align/Expression.Splicing/NA19118/1/Filtered.bam	68340992
Alignments/STAR_Align/Expression.Splicing/NA19119/1/Filtered.bam	25967610
Alignments/STAR_Align/Expression.Splicing/NA19121/1/Filtered.bam	36927602
Alignments/STAR_Align/Expression.Splicing/NA19129/1/Filtered.bam	37246552
Alignments/STAR_Align/Expression.Splicing/NA19130/1/Filtered.bam	41774182
Alignments/STAR_Align/Expression.Splicing/NA19131/1/Filtered.bam	59442982
Alignments/STAR_Align/Expression.Splicing/NA19137/1/Filtered.bam	41561726
Alignments/STAR_Align/Expression.Splicing/NA19138/1/Filtered.bam	31206012
Alignments/STAR_Align/Expression.Splicing/NA19141/1/Filtered.bam	44301218
Alignments/STAR_Align/Expression.Splicing/NA19143/1/Filtered.bam	51081050
Alignments/STAR_Align/Expression.Splicing/NA19144/1/Filtered.bam	27696216
Alignments/STAR_Align/Expression.Splicing/NA19146/1/Filtered.bam	53784194
Alignments/STAR_Align/Expression.Splicing/NA19147/1/Filtered.bam	69707400
Alignments/STAR_Align/Expression.Splicing/NA19149/1/Filtered.bam	38485922
Alignments/STAR_Align/Expression.Splicing/NA19150/1/Filtered.bam	46789670
Alignments/STAR_Align/Expression.Splicing/NA19152/1/Filtered.bam	43813852
Alignments/STAR_Align/Expression.Splicing/NA19153/1/Filtered.bam	45088972
Alignments/STAR_Align/Expression.Splicing/NA19159/1/Filtered.bam	126155102
Alignments/STAR_Align/Expression.Splicing/NA19160/1/Filtered.bam	30030528
Alignments/STAR_Align/Expression.Splicing/NA19171/1/Filtered.bam	51957252
Alignments/STAR_Align/Expression.Splicing/NA19172/1/Filtered.bam	39721576
Alignments/STAR_Align/Expression.Splicing/NA19175/1/Filtered.bam	44549236
Alignments/STAR_Align/Expression.Splicing/NA19184/1/Filtered.bam	55501242
Alignments/STAR_Align/Expression.Splicing/NA19185/1/Filtered.bam	43783116
Alignments/STAR_Align/Expression.Splicing/NA19189/1/Filtered.bam	53107762
Alignments/STAR_Align/Expression.Splicing/NA19190/1/Filtered.bam	45139878
Alignments/STAR_Align/Expression.Splicing/NA19197/1/Filtered.bam	30159222
Alignments/STAR_Align/Expression.Splicing/NA19198/1/Filtered.bam	49856268
Alignments/STAR_Align/Expression.Splicing/NA19200/1/Filtered.bam	42824624
Alignments/STAR_Align/Expression.Splicing/NA19201/1/Filtered.bam	44078400
Alignments/STAR_Align/Expression.Splicing/NA19204/1/Filtered.bam	37078908
Alignments/STAR_Align/Expression.Splicing/NA19206/1/Filtered.bam	55743152
Alignments/STAR_Align/Expression.Splicing/NA19207/1/Filtered.bam	46246480
Alignments/STAR_Align/Expression.Splicing/NA19209/1/Filtered.bam	35383332
Alignments/STAR_Align/Expression.Splicing/NA19210/1/Filtered.bam	34165936
Alignments/STAR_Align/Expression.Splicing/NA19213/1/Filtered.bam	54391302
Alignments/STAR_Align/Expression.Splicing/NA19214/1/Filtered.bam	45731920
Alignments/STAR_Align/Expression.Splicing/NA19222/1/Filtered.bam	48069744
Alignments/STAR_Align/Expression.Splicing/NA19223/1/Filtered.bam	69040518
Alignments/STAR_Align/Expression.Splicing/NA19225/1/Filtered.bam	35126958
Alignments/STAR_Align/Expression.Splicing/NA19235/1/Filtered.bam	51417592
Alignments/STAR_Align/Expression.Splicing/NA19236/1/Filtered.bam	33315618
Alignments/STAR_Align/Expression.Splicing/NA19247/1/Filtered.bam	47739450
Alignments/STAR_Align/Expression.Splicing/NA19248/1/Filtered.bam	46264882
Alignments/STAR_Align/Expression.Splicing/NA19256/1/Filtered.bam	45766080
Alignments/STAR_Align/Expression.Splicing/NA19257/1/Filtered.bam	49205016
Alignments/STAR_Align/Expression.Splicing/NA20502/1/Filtered.bam	36066596
Alignments/STAR_Align/Expression.Splicing/NA20503/1/Filtered.bam	36844624
Alignments/STAR_Align/Expression.Splicing/NA20504/1/Filtered.bam	38524250
Alignments/STAR_Align/Expression.Splicing/NA20505/1/Filtered.bam	54785854
Alignments/STAR_Align/Expression.Splicing/NA20506/1/Filtered.bam	33046266
Alignments/STAR_Align/Expression.Splicing/NA20507/1/Filtered.bam	39061058
Alignments/STAR_Align/Expression.Splicing/NA20508/1/Filtered.bam	47094484
Alignments/STAR_Align/Expression.Splicing/NA20509/1/Filtered.bam	86137166
Alignments/STAR_Align/Expression.Splicing/NA20510/1/Filtered.bam	24047854
Alignments/STAR_Align/Expression.Splicing/NA20512/1/Filtered.bam	37458494
Alignments/STAR_Align/Expression.Splicing/NA20513/1/Filtered.bam	43196262
Alignments/STAR_Align/Expression.Splicing/NA20514/1/Filtered.bam	38316272
Alignments/STAR_Align/Expression.Splicing/NA20515/1/Filtered.bam	53869508
Alignments/STAR_Align/Expression.Splicing/NA20516/1/Filtered.bam	45177982
Alignments/STAR_Align/Expression.Splicing/NA20517/1/Filtered.bam	33229208
Alignments/STAR_Align/Expression.Splicing/NA20518/1/Filtered.bam	47369050
Alignments/STAR_Align/Expression.Splicing/NA20519/1/Filtered.bam	53428232
Alignments/STAR_Align/Expression.Splicing/NA20520/1/Filtered.bam	21057688
Alignments/STAR_Align/Expression.Splicing/NA20521/1/Filtered.bam	34502102
Alignments/STAR_Align/Expression.Splicing/NA20524/1/Filtered.bam	49045060
Alignments/STAR_Align/Expression.Splicing/NA20525/1/Filtered.bam	40253912
Alignments/STAR_Align/Expression.Splicing/NA20527/1/Filtered.bam	59509874
Alignments/STAR_Align/Expression.Splicing/NA20528/1/Filtered.bam	47871486
Alignments/STAR_Align/Expression.Splicing/NA20529/1/Filtered.bam	44758414
Alignments/STAR_Align/Expression.Splicing/NA20530/1/Filtered.bam	55144638
Alignments/STAR_Align/Expression.Splicing/NA20531/1/Filtered.bam	45198510
Alignments/STAR_Align/Expression.Splicing/NA20532/1/Filtered.bam	29615932
Alignments/STAR_Align/Expression.Splicing/NA20534/1/Filtered.bam	52378498
Alignments/STAR_Align/Expression.Splicing/NA20535/1/Filtered.bam	38701294
Alignments/STAR_Align/Expression.Splicing/NA20536/1/Filtered.bam	35532672
Alignments/STAR_Align/Expression.Splicing/NA20537/1/Filtered.bam	32057352
Alignments/STAR_Align/Expression.Splicing/NA20538/1/Filtered.bam	23413704
Alignments/STAR_Align/Expression.Splicing/NA20539/1/Filtered.bam	41848736
Alignments/STAR_Align/Expression.Splicing/NA20540/1/Filtered.bam	30281940
Alignments/STAR_Align/Expression.Splicing/NA20541/1/Filtered.bam	50632830
Alignments/STAR_Align/Expression.Splicing/NA20542/1/Filtered.bam	27342668
Alignments/STAR_Align/Expression.Splicing/NA20543/1/Filtered.bam	39743322
Alignments/STAR_Align/Expression.Splicing/NA20544/1/Filtered.bam	41258324
Alignments/STAR_Align/Expression.Splicing/NA20581/1/Filtered.bam	34455994
Alignments/STAR_Align/Expression.Splicing/NA20582/1/Filtered.bam	49748160
Alignments/STAR_Align/Expression.Splicing/NA20585/1/Filtered.bam	29799104
Alignments/STAR_Align/Expression.Splicing/NA20586/1/Filtered.bam	46700456
Alignments/STAR_Align/Expression.Splicing/NA20588/1/Filtered.bam	48186032
Alignments/STAR_Align/Expression.Splicing/NA20589/1/Filtered.bam	28147422
Alignments/STAR_Align/Expression.Splicing/NA20752/1/Filtered.bam	55857550
Alignments/STAR_Align/Expression.Splicing/NA20754/1/Filtered.bam	38816092
Alignments/STAR_Align/Expression.Splicing/NA20756/1/Filtered.bam	41801540
Alignments/STAR_Align/Expression.Splicing/NA20757/1/Filtered.bam	42812776
Alignments/STAR_Align/Expression.Splicing/NA20758/1/Filtered.bam	61010050
Alignments/STAR_Align/Expression.Splicing/NA20759/1/Filtered.bam	35942200
Alignments/STAR_Align/Expression.Splicing/NA20760/1/Filtered.bam	28375006
Alignments/STAR_Align/Expression.Splicing/NA20761/1/Filtered.bam	41433988
Alignments/STAR_Align/Expression.Splicing/NA20765/1/Filtered.bam	64535160
Alignments/STAR_Align/Expression.Splicing/NA20766/1/Filtered.bam	41356560
Alignments/STAR_Align/Expression.Splicing/NA20768/1/Filtered.bam	43001316
Alignments/STAR_Align/Expression.Splicing/NA20769/1/Filtered.bam	33313778
Alignments/STAR_Align/Expression.Splicing/NA20770/1/Filtered.bam	25320002
Alignments/STAR_Align/Expression.Splicing/NA20771/1/Filtered.bam	44367144
Alignments/STAR_Align/Expression.Splicing/NA20772/1/Filtered.bam	52113428
Alignments/STAR_Align/Expression.Splicing/NA20773/1/Filtered.bam	37499606
Alignments/STAR_Align/Expression.Splicing/NA20774/1/Filtered.bam	28356320
Alignments/STAR_Align/Expression.Splicing/NA20778/1/Filtered.bam	13600466
Alignments/STAR_Align/Expression.Splicing/NA20783/1/Filtered.bam	47468040
Alignments/STAR_Align/Expression.Splicing/NA20785/1/Filtered.bam	41283532
Alignments/STAR_Align/Expression.Splicing/NA20786/1/Filtered.bam	49446856
Alignments/STAR_Align/Expression.Splicing/NA20787/1/Filtered.bam	51703730
Alignments/STAR_Align/Expression.Splicing/NA20790/1/Filtered.bam	41019882
Alignments/STAR_Align/Expression.Splicing/NA20792/1/Filtered.bam	40948292
Alignments/STAR_Align/Expression.Splicing/NA20795/1/Filtered.bam	57085856
Alignments/STAR_Align/Expression.Splicing/NA20796/1/Filtered.bam	73947654
Alignments/STAR_Align/Expression.Splicing/NA20797/1/Filtered.bam	59680234
Alignments/STAR_Align/Expression.Splicing/NA20798/1/Filtered.bam	32187374
Alignments/STAR_Align/Expression.Splicing/NA20799/1/Filtered.bam	45510184
Alignments/STAR_Align/Expression.Splicing/NA20800/1/Filtered.bam	53336304
Alignments/STAR_Align/Expression.Splicing/NA20801/1/Filtered.bam	55284514
Alignments/STAR_Align/Expression.Splicing/NA20802/1/Filtered.bam	40771518
Alignments/STAR_Align/Expression.Splicing/NA20803/1/Filtered.bam	76990044
Alignments/STAR_Align/Expression.Splicing/NA20804/1/Filtered.bam	41517756
Alignments/STAR_Align/Expression.Splicing/NA20805/1/Filtered.bam	27555046
Alignments/STAR_Align/Expression.Splicing/NA20806/1/Filtered.bam	26441082
Alignments/STAR_Align/Expression.Splicing/NA20807/1/Filtered.bam	52384782
Alignments/STAR_Align/Expression.Splicing/NA20808/1/Filtered.bam	42471590
Alignments/STAR_Align/Expression.Splicing/NA20809/1/Filtered.bam	39496880
Alignments/STAR_Align/Expression.Splicing/NA20810/1/Filtered.bam	53126254
Alignments/STAR_Align/Expression.Splicing/NA20811/1/Filtered.bam	35808204
Alignments/STAR_Align/Expression.Splicing/NA20812/1/Filtered.bam	47302584
Alignments/STAR_Align/Expression.Splicing/NA20813/1/Filtered.bam	52463020
Alignments/STAR_Align/Expression.Splicing/NA20814/1/Filtered.bam	50079820
Alignments/STAR_Align/Expression.Splicing/NA20815/1/Filtered.bam	49501382
Alignments/STAR_Align/Expression.Splicing/NA20816/1/Filtered.bam	40555020
Alignments/STAR_Align/Expression.Splicing/NA20819/1/Filtered.bam	31904906
Alignments/STAR_Align/Expression.Splicing/NA20826/1/Filtered.bam	40902248
Alignments/STAR_Align/Expression.Splicing/NA20828/1/Filtered.bam	66683512
Alignments/STAR_Align/chRNA.Expression.Splicing/NA18486/1/Filtered.bam	576488
Alignments/STAR_Align/chRNA.Expression.Splicing/NA18497/1/Filtered.bam	75098083
Alignments/STAR_Align/chRNA.Expression.Splicing/NA18499/1/Filtered.bam	48023416
Alignments/STAR_Align/chRNA.Expression.Splicing/NA18505/1/Filtered.bam	324486583
Alignments/STAR_Align/chRNA.Expression.Splicing/NA18508/1/Filtered.bam	152503642
Alignments/STAR_Align/chRNA.Expression.Splicing/NA18511/1/Filtered.bam	68621237
Alignments/STAR_Align/chRNA.Expression.Splicing/NA18519/1/Filtered.bam	72804438
Alignments/STAR_Align/chRNA.Expression.Splicing/NA18520/1/Filtered.bam	30566
Alignments/STAR_Align/chRNA.Expression.Splicing/NA18522/1/Filtered.bam	115611000
Alignments/STAR_Align/chRNA.Expression.Splicing/NA18852/1/Filtered.bam	29375153
Alignments/STAR_Align/chRNA.Expression.Splicing/NA19093/1/Filtered.bam	72856872
Alignments/STAR_Align/chRNA.Expression.Splicing/NA19102/1/Filtered.bam	207944087
Alignments/STAR_Align/chRNA.Expression.Splicing/NA19114/1/Filtered.bam	5354
Alignments/STAR_Align/chRNA.Expression.Splicing/NA19128/1/Filtered.bam	113247245
Alignments/STAR_Align/chRNA.Expression.Splicing/NA19128/2/Filtered.bam	118990176
Alignments/STAR_Align/chRNA.Expression.Splicing/NA19131/1/Filtered.bam	58372283
Alignments/STAR_Align/chRNA.Expression.Splicing/NA19137/1/Filtered.bam	365529575
Alignments/STAR_Align/chRNA.Expression.Splicing/NA19140/1/Filtered.bam	133934280
Alignments/STAR_Align/chRNA.Expression.Splicing/NA19141/1/Filtered.bam	18574130
Alignments/STAR_Align/chRNA.Expression.Splicing/NA19153/1/Filtered.bam	221739654
Alignments/STAR_Align/chRNA.Expression.Splicing/NA19160/1/Filtered.bam	2371694
Alignments/STAR_Align/chRNA.Expression.Splicing/NA19171/1/Filtered.bam	26449273
Alignments/STAR_Align/chRNA.Expression.Splicing/NA19190/1/Filtered.bam	346578540
Alignments/STAR_Align/chRNA.Expression.Splicing/NA19200/1/Filtered.bam	48959090
Alignments/STAR_Align/chRNA.Expression.Splicing/NA19209/1/Filtered.bam	462867971
Alignments/STAR_Align/chRNA.Expression.Splicing/NA19210/1/Filtered.bam	28231762
Alignments/STAR_Align/chRNA.Expression.Splicing/NA19257/1/Filtered.bam	12767377
Alignments/STAR_Align/chRNA.Expression.Splicing/NA18858/1/Filtered.bam	103395327
Alignments/STAR_Align/chRNA.Expression.Splicing/NA18907/1/Filtered.bam	6725136
Alignments/STAR_Align/chRNA.Expression.Splicing/NA18909/1/Filtered.bam	83137807
Alignments/STAR_Align/chRNA.Expression.Splicing/NA18912/1/Filtered.bam	94192252
Alignments/STAR_Align/chRNA.Expression.Splicing/NA18913/1/Filtered.bam	91871540
Alignments/STAR_Align/chRNA.Expression.Splicing/NA19101/1/Filtered.bam	104611406
Alignments/STAR_Align/chRNA.Expression.Splicing/NA19119/1/Filtered.bam	7116045
Alignments/STAR_Align/chRNA.Expression.Splicing/NA19130/1/Filtered.bam	83971432
Alignments/STAR_Align/chRNA.Expression.Splicing/NA19138/1/Filtered.bam	88295780
Alignments/STAR_Align/chRNA.Expression.Splicing/NA19152/1/Filtered.bam	5989188
Alignments/STAR_Align/chRNA.Expression.Splicing/NA19201/1/Filtered.bam	151315905
Alignments/STAR_Align/chRNA.Expression.Splicing/NA19207/1/Filtered.bam	17633782
Alignments/STAR_Align/chRNA.Expression.Splicing/NA19223/1/Filtered.bam	5816134
Alignments/STAR_Align/chRNA.Expression.Splicing/NA19225/1/Filtered.bam	156155933
Alignments/STAR_Align/chRNA.Expression.Splicing/NA19238/1/Filtered.bam	36004
