WellID	TrueSampleID	WasAsExpected	R1	R2	R1_cds	R2_cds
A01	NA19137	TRUE	/project2/yangili1/bjf79/SequencingData/20220218_chRNAseq_NovaSeq/YLi-BF1-A01_S1_R1_001.fastq.gz	/project2/yangili1/bjf79/SequencingData/20220218_chRNAseq_NovaSeq/YLi-BF1-A01_S1_R2_001.fastq.gz	/cds/yangili1/bjf79/Fastq/20220218_chRNAseq_NovaSeq/YLi-BF1-A01_S1_R1_001.fastq.gz	/cds/yangili1/bjf79/Fastq/20220218_chRNAseq_NovaSeq/YLi-BF1-A01_S1_R2_001.fastq.gz
A02	NA19152	TRUE	/project2/yangili1/bjf79/SequencingData/20220218_chRNAseq_NovaSeq/YLi-BF1-A02_S2_R1_001.fastq.gz	/project2/yangili1/bjf79/SequencingData/20220218_chRNAseq_NovaSeq/YLi-BF1-A02_S2_R2_001.fastq.gz	/cds/yangili1/bjf79/Fastq/20220218_chRNAseq_NovaSeq/YLi-BF1-A02_S2_R1_001.fastq.gz	/cds/yangili1/bjf79/Fastq/20220218_chRNAseq_NovaSeq/YLi-BF1-A02_S2_R2_001.fastq.gz
A03	NA19153	TRUE	/project2/yangili1/bjf79/SequencingData/20220218_chRNAseq_NovaSeq/YLi-BF1-A03_S3_R1_001.fastq.gz	/project2/yangili1/bjf79/SequencingData/20220218_chRNAseq_NovaSeq/YLi-BF1-A03_S3_R2_001.fastq.gz	/cds/yangili1/bjf79/Fastq/20220218_chRNAseq_NovaSeq/YLi-BF1-A03_S3_R1_001.fastq.gz	/cds/yangili1/bjf79/Fastq/20220218_chRNAseq_NovaSeq/YLi-BF1-A03_S3_R2_001.fastq.gz
A04	NA19171	TRUE	/project2/yangili1/bjf79/SequencingData/20220218_chRNAseq_NovaSeq/YLi-BF1-A04_S4_R1_001.fastq.gz	/project2/yangili1/bjf79/SequencingData/20220218_chRNAseq_NovaSeq/YLi-BF1-A04_S4_R2_001.fastq.gz	/cds/yangili1/bjf79/Fastq/20220218_chRNAseq_NovaSeq/YLi-BF1-A04_S4_R1_001.fastq.gz	/cds/yangili1/bjf79/Fastq/20220218_chRNAseq_NovaSeq/YLi-BF1-A04_S4_R2_001.fastq.gz
A05	NA19200	TRUE	/project2/yangili1/bjf79/SequencingData/20220218_chRNAseq_NovaSeq/YLi-BF1-A05_S5_R1_001.fastq.gz	/project2/yangili1/bjf79/SequencingData/20220218_chRNAseq_NovaSeq/YLi-BF1-A05_S5_R2_001.fastq.gz	/cds/yangili1/bjf79/Fastq/20220218_chRNAseq_NovaSeq/YLi-BF1-A05_S5_R1_001.fastq.gz	/cds/yangili1/bjf79/Fastq/20220218_chRNAseq_NovaSeq/YLi-BF1-A05_S5_R2_001.fastq.gz
A06	NA19160	TRUE	/project2/yangili1/bjf79/SequencingData/20220218_chRNAseq_NovaSeq/YLi-BF1-A06_S6_R1_001.fastq.gz	/project2/yangili1/bjf79/SequencingData/20220218_chRNAseq_NovaSeq/YLi-BF1-A06_S6_R2_001.fastq.gz	/cds/yangili1/bjf79/Fastq/20220218_chRNAseq_NovaSeq/YLi-BF1-A06_S6_R1_001.fastq.gz	/cds/yangili1/bjf79/Fastq/20220218_chRNAseq_NovaSeq/YLi-BF1-A06_S6_R2_001.fastq.gz
A07	NA19092	TRUE	/project2/yangili1/bjf79/SequencingData/20220218_chRNAseq_NovaSeq/YLi-BF1-A07_S7_R1_001.fastq.gz	/project2/yangili1/bjf79/SequencingData/20220218_chRNAseq_NovaSeq/YLi-BF1-A07_S7_R2_001.fastq.gz	/cds/yangili1/bjf79/Fastq/20220218_chRNAseq_NovaSeq/YLi-BF1-A07_S7_R1_001.fastq.gz	/cds/yangili1/bjf79/Fastq/20220218_chRNAseq_NovaSeq/YLi-BF1-A07_S7_R2_001.fastq.gz
A08	NA19210	TRUE	/project2/yangili1/bjf79/SequencingData/20220218_chRNAseq_NovaSeq/YLi-BF1-A08_S8_R1_001.fastq.gz	/project2/yangili1/bjf79/SequencingData/20220218_chRNAseq_NovaSeq/YLi-BF1-A08_S8_R2_001.fastq.gz	/cds/yangili1/bjf79/Fastq/20220218_chRNAseq_NovaSeq/YLi-BF1-A08_S8_R1_001.fastq.gz	/cds/yangili1/bjf79/Fastq/20220218_chRNAseq_NovaSeq/YLi-BF1-A08_S8_R2_001.fastq.gz
A09	NA19119	TRUE	/project2/yangili1/bjf79/SequencingData/20220218_chRNAseq_NovaSeq/YLi-BF1-A09_S9_R1_001.fastq.gz	/project2/yangili1/bjf79/SequencingData/20220218_chRNAseq_NovaSeq/YLi-BF1-A09_S9_R2_001.fastq.gz	/cds/yangili1/bjf79/Fastq/20220218_chRNAseq_NovaSeq/YLi-BF1-A09_S9_R1_001.fastq.gz	/cds/yangili1/bjf79/Fastq/20220218_chRNAseq_NovaSeq/YLi-BF1-A09_S9_R2_001.fastq.gz
A10	NA18909	TRUE	/project2/yangili1/bjf79/SequencingData/20220218_chRNAseq_NovaSeq/YLi-BF1-A10_S10_R1_001.fastq.gz	/project2/yangili1/bjf79/SequencingData/20220218_chRNAseq_NovaSeq/YLi-BF1-A10_S10_R2_001.fastq.gz	/cds/yangili1/bjf79/Fastq/20220218_chRNAseq_NovaSeq/YLi-BF1-A10_S10_R1_001.fastq.gz	/cds/yangili1/bjf79/Fastq/20220218_chRNAseq_NovaSeq/YLi-BF1-A10_S10_R2_001.fastq.gz
A12	NA19131	TRUE	/project2/yangili1/bjf79/SequencingData/20220218_chRNAseq_NovaSeq/YLi-BF1-A12_S12_R1_001.fastq.gz	/project2/yangili1/bjf79/SequencingData/20220218_chRNAseq_NovaSeq/YLi-BF1-A12_S12_R2_001.fastq.gz	/cds/yangili1/bjf79/Fastq/20220218_chRNAseq_NovaSeq/YLi-BF1-A12_S12_R1_001.fastq.gz	/cds/yangili1/bjf79/Fastq/20220218_chRNAseq_NovaSeq/YLi-BF1-A12_S12_R2_001.fastq.gz
B01	NA19130	TRUE	/project2/yangili1/bjf79/SequencingData/20220218_chRNAseq_NovaSeq/YLi-BF1-B01_S13_R1_001.fastq.gz	/project2/yangili1/bjf79/SequencingData/20220218_chRNAseq_NovaSeq/YLi-BF1-B01_S13_R2_001.fastq.gz	/cds/yangili1/bjf79/Fastq/20220218_chRNAseq_NovaSeq/YLi-BF1-B01_S13_R1_001.fastq.gz	/cds/yangili1/bjf79/Fastq/20220218_chRNAseq_NovaSeq/YLi-BF1-B01_S13_R2_001.fastq.gz
B02	NA18519	TRUE	/project2/yangili1/bjf79/SequencingData/20220218_chRNAseq_NovaSeq/YLi-BF1-B02_S14_R1_001.fastq.gz	/project2/yangili1/bjf79/SequencingData/20220218_chRNAseq_NovaSeq/YLi-BF1-B02_S14_R2_001.fastq.gz	/cds/yangili1/bjf79/Fastq/20220218_chRNAseq_NovaSeq/YLi-BF1-B02_S14_R1_001.fastq.gz	/cds/yangili1/bjf79/Fastq/20220218_chRNAseq_NovaSeq/YLi-BF1-B02_S14_R2_001.fastq.gz
B03	NA19093	TRUE	/project2/yangili1/bjf79/SequencingData/20220218_chRNAseq_NovaSeq/YLi-BF1-B03_S15_R1_001.fastq.gz	/project2/yangili1/bjf79/SequencingData/20220218_chRNAseq_NovaSeq/YLi-BF1-B03_S15_R2_001.fastq.gz	/cds/yangili1/bjf79/Fastq/20220218_chRNAseq_NovaSeq/YLi-BF1-B03_S15_R1_001.fastq.gz	/cds/yangili1/bjf79/Fastq/20220218_chRNAseq_NovaSeq/YLi-BF1-B03_S15_R2_001.fastq.gz
B04	NA18511	TRUE	/project2/yangili1/bjf79/SequencingData/20220218_chRNAseq_NovaSeq/YLi-BF1-B04_S16_R1_001.fastq.gz	/project2/yangili1/bjf79/SequencingData/20220218_chRNAseq_NovaSeq/YLi-BF1-B04_S16_R2_001.fastq.gz	/cds/yangili1/bjf79/Fastq/20220218_chRNAseq_NovaSeq/YLi-BF1-B04_S16_R1_001.fastq.gz	/cds/yangili1/bjf79/Fastq/20220218_chRNAseq_NovaSeq/YLi-BF1-B04_S16_R2_001.fastq.gz
B05	NA18858	TRUE	/project2/yangili1/bjf79/SequencingData/20220218_chRNAseq_NovaSeq/YLi-BF1-B05_S17_R1_001.fastq.gz	/project2/yangili1/bjf79/SequencingData/20220218_chRNAseq_NovaSeq/YLi-BF1-B05_S17_R2_001.fastq.gz	/cds/yangili1/bjf79/Fastq/20220218_chRNAseq_NovaSeq/YLi-BF1-B05_S17_R1_001.fastq.gz	/cds/yangili1/bjf79/Fastq/20220218_chRNAseq_NovaSeq/YLi-BF1-B05_S17_R2_001.fastq.gz
B06	NA19138	TRUE	/project2/yangili1/bjf79/SequencingData/20220218_chRNAseq_NovaSeq/YLi-BF1-B06_S18_R1_001.fastq.gz	/project2/yangili1/bjf79/SequencingData/20220218_chRNAseq_NovaSeq/YLi-BF1-B06_S18_R2_001.fastq.gz	/cds/yangili1/bjf79/Fastq/20220218_chRNAseq_NovaSeq/YLi-BF1-B06_S18_R1_001.fastq.gz	/cds/yangili1/bjf79/Fastq/20220218_chRNAseq_NovaSeq/YLi-BF1-B06_S18_R2_001.fastq.gz
B07	NA18913	TRUE	/project2/yangili1/bjf79/SequencingData/20220218_chRNAseq_NovaSeq/YLi-BF1-B07_S19_R1_001.fastq.gz	/project2/yangili1/bjf79/SequencingData/20220218_chRNAseq_NovaSeq/YLi-BF1-B07_S19_R2_001.fastq.gz	/cds/yangili1/bjf79/Fastq/20220218_chRNAseq_NovaSeq/YLi-BF1-B07_S19_R1_001.fastq.gz	/cds/yangili1/bjf79/Fastq/20220218_chRNAseq_NovaSeq/YLi-BF1-B07_S19_R2_001.fastq.gz
B08	NA19101	TRUE	/project2/yangili1/bjf79/SequencingData/20220218_chRNAseq_NovaSeq/YLi-BF1-B08_S20_R1_001.fastq.gz	/project2/yangili1/bjf79/SequencingData/20220218_chRNAseq_NovaSeq/YLi-BF1-B08_S20_R2_001.fastq.gz	/cds/yangili1/bjf79/Fastq/20220218_chRNAseq_NovaSeq/YLi-BF1-B08_S20_R1_001.fastq.gz	/cds/yangili1/bjf79/Fastq/20220218_chRNAseq_NovaSeq/YLi-BF1-B08_S20_R2_001.fastq.gz
B09	NA19093	FALSE	/project2/yangili1/bjf79/SequencingData/20220218_chRNAseq_NovaSeq/YLi-BF1-B09_S21_R1_001.fastq.gz	/project2/yangili1/bjf79/SequencingData/20220218_chRNAseq_NovaSeq/YLi-BF1-B09_S21_R2_001.fastq.gz	/cds/yangili1/bjf79/Fastq/20220218_chRNAseq_NovaSeq/YLi-BF1-B09_S21_R1_001.fastq.gz	/cds/yangili1/bjf79/Fastq/20220218_chRNAseq_NovaSeq/YLi-BF1-B09_S21_R2_001.fastq.gz
B10	NA19099	FALSE	/project2/yangili1/bjf79/SequencingData/20220218_chRNAseq_NovaSeq/YLi-BF1-B10_S22_R1_001.fastq.gz	/project2/yangili1/bjf79/SequencingData/20220218_chRNAseq_NovaSeq/YLi-BF1-B10_S22_R2_001.fastq.gz	/cds/yangili1/bjf79/Fastq/20220218_chRNAseq_NovaSeq/YLi-BF1-B10_S22_R1_001.fastq.gz	/cds/yangili1/bjf79/Fastq/20220218_chRNAseq_NovaSeq/YLi-BF1-B10_S22_R2_001.fastq.gz
B11	NA19102	TRUE	/project2/yangili1/bjf79/SequencingData/20220218_chRNAseq_NovaSeq/YLi-BF1-B11_S23_R1_001.fastq.gz	/project2/yangili1/bjf79/SequencingData/20220218_chRNAseq_NovaSeq/YLi-BF1-B11_S23_R2_001.fastq.gz	/cds/yangili1/bjf79/Fastq/20220218_chRNAseq_NovaSeq/YLi-BF1-B11_S23_R1_001.fastq.gz	/cds/yangili1/bjf79/Fastq/20220218_chRNAseq_NovaSeq/YLi-BF1-B11_S23_R2_001.fastq.gz
B12	NA19114	TRUE	/project2/yangili1/bjf79/SequencingData/20220218_chRNAseq_NovaSeq/YLi-BF1-B12_S24_R1_001.fastq.gz	/project2/yangili1/bjf79/SequencingData/20220218_chRNAseq_NovaSeq/YLi-BF1-B12_S24_R2_001.fastq.gz	/cds/yangili1/bjf79/Fastq/20220218_chRNAseq_NovaSeq/YLi-BF1-B12_S24_R1_001.fastq.gz	/cds/yangili1/bjf79/Fastq/20220218_chRNAseq_NovaSeq/YLi-BF1-B12_S24_R2_001.fastq.gz
C01	NA19127	TRUE	/project2/yangili1/bjf79/SequencingData/20220218_chRNAseq_NovaSeq/YLi-BF1-C01_S25_R1_001.fastq.gz	/project2/yangili1/bjf79/SequencingData/20220218_chRNAseq_NovaSeq/YLi-BF1-C01_S25_R2_001.fastq.gz	/cds/yangili1/bjf79/Fastq/20220218_chRNAseq_NovaSeq/YLi-BF1-C01_S25_R1_001.fastq.gz	/cds/yangili1/bjf79/Fastq/20220218_chRNAseq_NovaSeq/YLi-BF1-C01_S25_R2_001.fastq.gz
C02	NA19190	TRUE	/project2/yangili1/bjf79/SequencingData/20220218_chRNAseq_NovaSeq/YLi-BF1-C02_S26_R1_001.fastq.gz	/project2/yangili1/bjf79/SequencingData/20220218_chRNAseq_NovaSeq/YLi-BF1-C02_S26_R2_001.fastq.gz	/cds/yangili1/bjf79/Fastq/20220218_chRNAseq_NovaSeq/YLi-BF1-C02_S26_R1_001.fastq.gz	/cds/yangili1/bjf79/Fastq/20220218_chRNAseq_NovaSeq/YLi-BF1-C02_S26_R2_001.fastq.gz
C03	NA18852	TRUE	/project2/yangili1/bjf79/SequencingData/20220218_chRNAseq_NovaSeq/YLi-BF1-C03_S27_R1_001.fastq.gz	/project2/yangili1/bjf79/SequencingData/20220218_chRNAseq_NovaSeq/YLi-BF1-C03_S27_R2_001.fastq.gz	/cds/yangili1/bjf79/Fastq/20220218_chRNAseq_NovaSeq/YLi-BF1-C03_S27_R1_001.fastq.gz	/cds/yangili1/bjf79/Fastq/20220218_chRNAseq_NovaSeq/YLi-BF1-C03_S27_R2_001.fastq.gz
C04	NA18486	TRUE	/project2/yangili1/bjf79/SequencingData/20220218_chRNAseq_NovaSeq/YLi-BF1-C04_S28_R1_001.fastq.gz	/project2/yangili1/bjf79/SequencingData/20220218_chRNAseq_NovaSeq/YLi-BF1-C04_S28_R2_001.fastq.gz	/cds/yangili1/bjf79/Fastq/20220218_chRNAseq_NovaSeq/YLi-BF1-C04_S28_R1_001.fastq.gz	/cds/yangili1/bjf79/Fastq/20220218_chRNAseq_NovaSeq/YLi-BF1-C04_S28_R2_001.fastq.gz
C05	NA18499	TRUE	/project2/yangili1/bjf79/SequencingData/20220218_chRNAseq_NovaSeq/YLi-BF1-C05_S29_R1_001.fastq.gz	/project2/yangili1/bjf79/SequencingData/20220218_chRNAseq_NovaSeq/YLi-BF1-C05_S29_R2_001.fastq.gz	/cds/yangili1/bjf79/Fastq/20220218_chRNAseq_NovaSeq/YLi-BF1-C05_S29_R1_001.fastq.gz	/cds/yangili1/bjf79/Fastq/20220218_chRNAseq_NovaSeq/YLi-BF1-C05_S29_R2_001.fastq.gz
C06	NA19201	TRUE	/project2/yangili1/bjf79/SequencingData/20220218_chRNAseq_NovaSeq/YLi-BF1-C06_S30_R1_001.fastq.gz	/project2/yangili1/bjf79/SequencingData/20220218_chRNAseq_NovaSeq/YLi-BF1-C06_S30_R2_001.fastq.gz	/cds/yangili1/bjf79/Fastq/20220218_chRNAseq_NovaSeq/YLi-BF1-C06_S30_R1_001.fastq.gz	/cds/yangili1/bjf79/Fastq/20220218_chRNAseq_NovaSeq/YLi-BF1-C06_S30_R2_001.fastq.gz
C07	NA19140	TRUE	/project2/yangili1/bjf79/SequencingData/20220218_chRNAseq_NovaSeq/YLi-BF1-C07_S31_R1_001.fastq.gz	/project2/yangili1/bjf79/SequencingData/20220218_chRNAseq_NovaSeq/YLi-BF1-C07_S31_R2_001.fastq.gz	/cds/yangili1/bjf79/Fastq/20220218_chRNAseq_NovaSeq/YLi-BF1-C07_S31_R1_001.fastq.gz	/cds/yangili1/bjf79/Fastq/20220218_chRNAseq_NovaSeq/YLi-BF1-C07_S31_R2_001.fastq.gz
C08	NA18855	TRUE	/project2/yangili1/bjf79/SequencingData/20220218_chRNAseq_NovaSeq/YLi-BF1-C08_S32_R1_001.fastq.gz	/project2/yangili1/bjf79/SequencingData/20220218_chRNAseq_NovaSeq/YLi-BF1-C08_S32_R2_001.fastq.gz	/cds/yangili1/bjf79/Fastq/20220218_chRNAseq_NovaSeq/YLi-BF1-C08_S32_R1_001.fastq.gz	/cds/yangili1/bjf79/Fastq/20220218_chRNAseq_NovaSeq/YLi-BF1-C08_S32_R2_001.fastq.gz
C09	NA18522	TRUE	/project2/yangili1/bjf79/SequencingData/20220218_chRNAseq_NovaSeq/YLi-BF1-C09_S33_R1_001.fastq.gz	/project2/yangili1/bjf79/SequencingData/20220218_chRNAseq_NovaSeq/YLi-BF1-C09_S33_R2_001.fastq.gz	/cds/yangili1/bjf79/Fastq/20220218_chRNAseq_NovaSeq/YLi-BF1-C09_S33_R1_001.fastq.gz	/cds/yangili1/bjf79/Fastq/20220218_chRNAseq_NovaSeq/YLi-BF1-C09_S33_R2_001.fastq.gz
C10	NA18505	TRUE	/project2/yangili1/bjf79/SequencingData/20220218_chRNAseq_NovaSeq/YLi-BF1-C10_S34_R1_001.fastq.gz	/project2/yangili1/bjf79/SequencingData/20220218_chRNAseq_NovaSeq/YLi-BF1-C10_S34_R2_001.fastq.gz	/cds/yangili1/bjf79/Fastq/20220218_chRNAseq_NovaSeq/YLi-BF1-C10_S34_R1_001.fastq.gz	/cds/yangili1/bjf79/Fastq/20220218_chRNAseq_NovaSeq/YLi-BF1-C10_S34_R2_001.fastq.gz
C11	NA18508	TRUE	/project2/yangili1/bjf79/SequencingData/20220218_chRNAseq_NovaSeq/YLi-BF1-C11_S35_R1_001.fastq.gz	/project2/yangili1/bjf79/SequencingData/20220218_chRNAseq_NovaSeq/YLi-BF1-C11_S35_R2_001.fastq.gz	/cds/yangili1/bjf79/Fastq/20220218_chRNAseq_NovaSeq/YLi-BF1-C11_S35_R1_001.fastq.gz	/cds/yangili1/bjf79/Fastq/20220218_chRNAseq_NovaSeq/YLi-BF1-C11_S35_R2_001.fastq.gz
C12	NA19128	TRUE	/project2/yangili1/bjf79/SequencingData/20220218_chRNAseq_NovaSeq/YLi-BF1-C12_S36_R1_001.fastq.gz	/project2/yangili1/bjf79/SequencingData/20220218_chRNAseq_NovaSeq/YLi-BF1-C12_S36_R2_001.fastq.gz	/cds/yangili1/bjf79/Fastq/20220218_chRNAseq_NovaSeq/YLi-BF1-C12_S36_R1_001.fastq.gz	/cds/yangili1/bjf79/Fastq/20220218_chRNAseq_NovaSeq/YLi-BF1-C12_S36_R2_001.fastq.gz
D01	NA19238	TRUE	/project2/yangili1/bjf79/SequencingData/20220218_chRNAseq_NovaSeq/YLi-BF1-D01_S37_R1_001.fastq.gz	/project2/yangili1/bjf79/SequencingData/20220218_chRNAseq_NovaSeq/YLi-BF1-D01_S37_R2_001.fastq.gz	/cds/yangili1/bjf79/Fastq/20220218_chRNAseq_NovaSeq/YLi-BF1-D01_S37_R1_001.fastq.gz	/cds/yangili1/bjf79/Fastq/20220218_chRNAseq_NovaSeq/YLi-BF1-D01_S37_R2_001.fastq.gz
D02	NA19257	TRUE	/project2/yangili1/bjf79/SequencingData/20220218_chRNAseq_NovaSeq/YLi-BF1-D02_S38_R1_001.fastq.gz	/project2/yangili1/bjf79/SequencingData/20220218_chRNAseq_NovaSeq/YLi-BF1-D02_S38_R2_001.fastq.gz	/cds/yangili1/bjf79/Fastq/20220218_chRNAseq_NovaSeq/YLi-BF1-D02_S38_R1_001.fastq.gz	/cds/yangili1/bjf79/Fastq/20220218_chRNAseq_NovaSeq/YLi-BF1-D02_S38_R2_001.fastq.gz
D03	NA18520	TRUE	/project2/yangili1/bjf79/SequencingData/20220218_chRNAseq_NovaSeq/YLi-BF1-D03_S39_R1_001.fastq.gz	/project2/yangili1/bjf79/SequencingData/20220218_chRNAseq_NovaSeq/YLi-BF1-D03_S39_R2_001.fastq.gz	/cds/yangili1/bjf79/Fastq/20220218_chRNAseq_NovaSeq/YLi-BF1-D03_S39_R1_001.fastq.gz	/cds/yangili1/bjf79/Fastq/20220218_chRNAseq_NovaSeq/YLi-BF1-D03_S39_R2_001.fastq.gz
D04	NA18497	TRUE	/project2/yangili1/bjf79/SequencingData/20220218_chRNAseq_NovaSeq/YLi-BF1-D04_S40_R1_001.fastq.gz	/project2/yangili1/bjf79/SequencingData/20220218_chRNAseq_NovaSeq/YLi-BF1-D04_S40_R2_001.fastq.gz	/cds/yangili1/bjf79/Fastq/20220218_chRNAseq_NovaSeq/YLi-BF1-D04_S40_R1_001.fastq.gz	/cds/yangili1/bjf79/Fastq/20220218_chRNAseq_NovaSeq/YLi-BF1-D04_S40_R2_001.fastq.gz
D05	NA19209	TRUE	/project2/yangili1/bjf79/SequencingData/20220218_chRNAseq_NovaSeq/YLi-BF1-D05_S41_R1_001.fastq.gz	/project2/yangili1/bjf79/SequencingData/20220218_chRNAseq_NovaSeq/YLi-BF1-D05_S41_R2_001.fastq.gz	/cds/yangili1/bjf79/Fastq/20220218_chRNAseq_NovaSeq/YLi-BF1-D05_S41_R1_001.fastq.gz	/cds/yangili1/bjf79/Fastq/20220218_chRNAseq_NovaSeq/YLi-BF1-D05_S41_R2_001.fastq.gz
D06	NA19225	TRUE	/project2/yangili1/bjf79/SequencingData/20220218_chRNAseq_NovaSeq/YLi-BF1-D06_S42_R1_001.fastq.gz	/project2/yangili1/bjf79/SequencingData/20220218_chRNAseq_NovaSeq/YLi-BF1-D06_S42_R2_001.fastq.gz	/cds/yangili1/bjf79/Fastq/20220218_chRNAseq_NovaSeq/YLi-BF1-D06_S42_R1_001.fastq.gz	/cds/yangili1/bjf79/Fastq/20220218_chRNAseq_NovaSeq/YLi-BF1-D06_S42_R2_001.fastq.gz
D07	NA19207	TRUE	/project2/yangili1/bjf79/SequencingData/20220218_chRNAseq_NovaSeq/YLi-BF1-D07_S43_R1_001.fastq.gz	/project2/yangili1/bjf79/SequencingData/20220218_chRNAseq_NovaSeq/YLi-BF1-D07_S43_R2_001.fastq.gz	/cds/yangili1/bjf79/Fastq/20220218_chRNAseq_NovaSeq/YLi-BF1-D07_S43_R1_001.fastq.gz	/cds/yangili1/bjf79/Fastq/20220218_chRNAseq_NovaSeq/YLi-BF1-D07_S43_R2_001.fastq.gz
D09	NA18862	FALSE	/project2/yangili1/bjf79/SequencingData/20220218_chRNAseq_NovaSeq/YLi-BF1-D09_S45_R1_001.fastq.gz	/project2/yangili1/bjf79/SequencingData/20220218_chRNAseq_NovaSeq/YLi-BF1-D09_S45_R2_001.fastq.gz	/cds/yangili1/bjf79/Fastq/20220218_chRNAseq_NovaSeq/YLi-BF1-D09_S45_R1_001.fastq.gz	/cds/yangili1/bjf79/Fastq/20220218_chRNAseq_NovaSeq/YLi-BF1-D09_S45_R2_001.fastq.gz
D10	NA19184	FALSE	/project2/yangili1/bjf79/SequencingData/20220218_chRNAseq_NovaSeq/YLi-BF1-D10_S46_R1_001.fastq.gz	/project2/yangili1/bjf79/SequencingData/20220218_chRNAseq_NovaSeq/YLi-BF1-D10_S46_R2_001.fastq.gz	/cds/yangili1/bjf79/Fastq/20220218_chRNAseq_NovaSeq/YLi-BF1-D10_S46_R1_001.fastq.gz	/cds/yangili1/bjf79/Fastq/20220218_chRNAseq_NovaSeq/YLi-BF1-D10_S46_R2_001.fastq.gz
D11	NA18498	TRUE	/project2/yangili1/bjf79/SequencingData/20220218_chRNAseq_NovaSeq/YLi-BF1-D11_S47_R1_001.fastq.gz	/project2/yangili1/bjf79/SequencingData/20220218_chRNAseq_NovaSeq/YLi-BF1-D11_S47_R2_001.fastq.gz	/cds/yangili1/bjf79/Fastq/20220218_chRNAseq_NovaSeq/YLi-BF1-D11_S47_R1_001.fastq.gz	/cds/yangili1/bjf79/Fastq/20220218_chRNAseq_NovaSeq/YLi-BF1-D11_S47_R2_001.fastq.gz
D12	NA18924	TRUE	/project2/yangili1/bjf79/SequencingData/20220218_chRNAseq_NovaSeq/YLi-BF1-D12_S48_R1_001.fastq.gz	/project2/yangili1/bjf79/SequencingData/20220218_chRNAseq_NovaSeq/YLi-BF1-D12_S48_R2_001.fastq.gz	/cds/yangili1/bjf79/Fastq/20220218_chRNAseq_NovaSeq/YLi-BF1-D12_S48_R1_001.fastq.gz	/cds/yangili1/bjf79/Fastq/20220218_chRNAseq_NovaSeq/YLi-BF1-D12_S48_R2_001.fastq.gz
E01	NA19146	TRUE	/project2/yangili1/bjf79/SequencingData/20220218_chRNAseq_NovaSeq/YLi-BF1-E01_S49_R1_001.fastq.gz	/project2/yangili1/bjf79/SequencingData/20220218_chRNAseq_NovaSeq/YLi-BF1-E01_S49_R2_001.fastq.gz	/cds/yangili1/bjf79/Fastq/20220218_chRNAseq_NovaSeq/YLi-BF1-E01_S49_R1_001.fastq.gz	/cds/yangili1/bjf79/Fastq/20220218_chRNAseq_NovaSeq/YLi-BF1-E01_S49_R2_001.fastq.gz
E02	NA19150	TRUE	/project2/yangili1/bjf79/SequencingData/20220218_chRNAseq_NovaSeq/YLi-BF1-E02_S50_R1_001.fastq.gz	/project2/yangili1/bjf79/SequencingData/20220218_chRNAseq_NovaSeq/YLi-BF1-E02_S50_R2_001.fastq.gz	/cds/yangili1/bjf79/Fastq/20220218_chRNAseq_NovaSeq/YLi-BF1-E02_S50_R1_001.fastq.gz	/cds/yangili1/bjf79/Fastq/20220218_chRNAseq_NovaSeq/YLi-BF1-E02_S50_R2_001.fastq.gz
E03	NA19096	TRUE	/project2/yangili1/bjf79/SequencingData/20220218_chRNAseq_NovaSeq/YLi-BF1-E03_S51_R1_001.fastq.gz	/project2/yangili1/bjf79/SequencingData/20220218_chRNAseq_NovaSeq/YLi-BF1-E03_S51_R2_001.fastq.gz	/cds/yangili1/bjf79/Fastq/20220218_chRNAseq_NovaSeq/YLi-BF1-E03_S51_R1_001.fastq.gz	/cds/yangili1/bjf79/Fastq/20220218_chRNAseq_NovaSeq/YLi-BF1-E03_S51_R2_001.fastq.gz
E04	NA19198	TRUE	/project2/yangili1/bjf79/SequencingData/20220218_chRNAseq_NovaSeq/YLi-BF1-E04_S52_R1_001.fastq.gz	/project2/yangili1/bjf79/SequencingData/20220218_chRNAseq_NovaSeq/YLi-BF1-E04_S52_R2_001.fastq.gz	/cds/yangili1/bjf79/Fastq/20220218_chRNAseq_NovaSeq/YLi-BF1-E04_S52_R1_001.fastq.gz	/cds/yangili1/bjf79/Fastq/20220218_chRNAseq_NovaSeq/YLi-BF1-E04_S52_R2_001.fastq.gz
E05	NA19108	FALSE	/project2/yangili1/bjf79/SequencingData/20220218_chRNAseq_NovaSeq/YLi-BF1-E05_S53_R1_001.fastq.gz	/project2/yangili1/bjf79/SequencingData/20220218_chRNAseq_NovaSeq/YLi-BF1-E05_S53_R2_001.fastq.gz	/cds/yangili1/bjf79/Fastq/20220218_chRNAseq_NovaSeq/YLi-BF1-E05_S53_R1_001.fastq.gz	/cds/yangili1/bjf79/Fastq/20220218_chRNAseq_NovaSeq/YLi-BF1-E05_S53_R2_001.fastq.gz
E06	NA18504	TRUE	/project2/yangili1/bjf79/SequencingData/20220218_chRNAseq_NovaSeq/YLi-BF1-E06_S54_R1_001.fastq.gz	/project2/yangili1/bjf79/SequencingData/20220218_chRNAseq_NovaSeq/YLi-BF1-E06_S54_R2_001.fastq.gz	/cds/yangili1/bjf79/Fastq/20220218_chRNAseq_NovaSeq/YLi-BF1-E06_S54_R1_001.fastq.gz	/cds/yangili1/bjf79/Fastq/20220218_chRNAseq_NovaSeq/YLi-BF1-E06_S54_R2_001.fastq.gz
E07	NA18516	TRUE	/project2/yangili1/bjf79/SequencingData/20220218_chRNAseq_NovaSeq/YLi-BF1-E07_S55_R1_001.fastq.gz	/project2/yangili1/bjf79/SequencingData/20220218_chRNAseq_NovaSeq/YLi-BF1-E07_S55_R2_001.fastq.gz	/cds/yangili1/bjf79/Fastq/20220218_chRNAseq_NovaSeq/YLi-BF1-E07_S55_R1_001.fastq.gz	/cds/yangili1/bjf79/Fastq/20220218_chRNAseq_NovaSeq/YLi-BF1-E07_S55_R2_001.fastq.gz
E08	NA18862	TRUE	/project2/yangili1/bjf79/SequencingData/20220218_chRNAseq_NovaSeq/YLi-BF1-E08_S56_R1_001.fastq.gz	/project2/yangili1/bjf79/SequencingData/20220218_chRNAseq_NovaSeq/YLi-BF1-E08_S56_R2_001.fastq.gz	/cds/yangili1/bjf79/Fastq/20220218_chRNAseq_NovaSeq/YLi-BF1-E08_S56_R1_001.fastq.gz	/cds/yangili1/bjf79/Fastq/20220218_chRNAseq_NovaSeq/YLi-BF1-E08_S56_R2_001.fastq.gz
E09	NA19203	TRUE	/project2/yangili1/bjf79/SequencingData/20220218_chRNAseq_NovaSeq/YLi-BF1-E09_S57_R1_001.fastq.gz	/project2/yangili1/bjf79/SequencingData/20220218_chRNAseq_NovaSeq/YLi-BF1-E09_S57_R2_001.fastq.gz	/cds/yangili1/bjf79/Fastq/20220218_chRNAseq_NovaSeq/YLi-BF1-E09_S57_R1_001.fastq.gz	/cds/yangili1/bjf79/Fastq/20220218_chRNAseq_NovaSeq/YLi-BF1-E09_S57_R2_001.fastq.gz
E10	NA18510	TRUE	/project2/yangili1/bjf79/SequencingData/20220218_chRNAseq_NovaSeq/YLi-BF1-E10_S58_R1_001.fastq.gz	/project2/yangili1/bjf79/SequencingData/20220218_chRNAseq_NovaSeq/YLi-BF1-E10_S58_R2_001.fastq.gz	/cds/yangili1/bjf79/Fastq/20220218_chRNAseq_NovaSeq/YLi-BF1-E10_S58_R1_001.fastq.gz	/cds/yangili1/bjf79/Fastq/20220218_chRNAseq_NovaSeq/YLi-BF1-E10_S58_R2_001.fastq.gz
E11	NA19147	TRUE	/project2/yangili1/bjf79/SequencingData/20220218_chRNAseq_NovaSeq/YLi-BF1-E11_S59_R1_001.fastq.gz	/project2/yangili1/bjf79/SequencingData/20220218_chRNAseq_NovaSeq/YLi-BF1-E11_S59_R2_001.fastq.gz	/cds/yangili1/bjf79/Fastq/20220218_chRNAseq_NovaSeq/YLi-BF1-E11_S59_R1_001.fastq.gz	/cds/yangili1/bjf79/Fastq/20220218_chRNAseq_NovaSeq/YLi-BF1-E11_S59_R2_001.fastq.gz
E12	NA18853	TRUE	/project2/yangili1/bjf79/SequencingData/20220218_chRNAseq_NovaSeq/YLi-BF1-E12_S60_R1_001.fastq.gz	/project2/yangili1/bjf79/SequencingData/20220218_chRNAseq_NovaSeq/YLi-BF1-E12_S60_R2_001.fastq.gz	/cds/yangili1/bjf79/Fastq/20220218_chRNAseq_NovaSeq/YLi-BF1-E12_S60_R1_001.fastq.gz	/cds/yangili1/bjf79/Fastq/20220218_chRNAseq_NovaSeq/YLi-BF1-E12_S60_R2_001.fastq.gz
F01	NA18502	TRUE	/project2/yangili1/bjf79/SequencingData/20220218_chRNAseq_NovaSeq/YLi-BF1-F01_S61_R1_001.fastq.gz	/project2/yangili1/bjf79/SequencingData/20220218_chRNAseq_NovaSeq/YLi-BF1-F01_S61_R2_001.fastq.gz	/cds/yangili1/bjf79/Fastq/20220218_chRNAseq_NovaSeq/YLi-BF1-F01_S61_R1_001.fastq.gz	/cds/yangili1/bjf79/Fastq/20220218_chRNAseq_NovaSeq/YLi-BF1-F01_S61_R2_001.fastq.gz
F02	NA19203	FALSE	/project2/yangili1/bjf79/SequencingData/20220218_chRNAseq_NovaSeq/YLi-BF1-F02_S62_R1_001.fastq.gz	/project2/yangili1/bjf79/SequencingData/20220218_chRNAseq_NovaSeq/YLi-BF1-F02_S62_R2_001.fastq.gz	/cds/yangili1/bjf79/Fastq/20220218_chRNAseq_NovaSeq/YLi-BF1-F02_S62_R1_001.fastq.gz	/cds/yangili1/bjf79/Fastq/20220218_chRNAseq_NovaSeq/YLi-BF1-F02_S62_R2_001.fastq.gz
F03	NA19117	TRUE	/project2/yangili1/bjf79/SequencingData/20220218_chRNAseq_NovaSeq/YLi-BF1-F03_S63_R1_001.fastq.gz	/project2/yangili1/bjf79/SequencingData/20220218_chRNAseq_NovaSeq/YLi-BF1-F03_S63_R2_001.fastq.gz	/cds/yangili1/bjf79/Fastq/20220218_chRNAseq_NovaSeq/YLi-BF1-F03_S63_R1_001.fastq.gz	/cds/yangili1/bjf79/Fastq/20220218_chRNAseq_NovaSeq/YLi-BF1-F03_S63_R2_001.fastq.gz
F04	NA19206	TRUE	/project2/yangili1/bjf79/SequencingData/20220218_chRNAseq_NovaSeq/YLi-BF1-F04_S64_R1_001.fastq.gz	/project2/yangili1/bjf79/SequencingData/20220218_chRNAseq_NovaSeq/YLi-BF1-F04_S64_R2_001.fastq.gz	/cds/yangili1/bjf79/Fastq/20220218_chRNAseq_NovaSeq/YLi-BF1-F04_S64_R1_001.fastq.gz	/cds/yangili1/bjf79/Fastq/20220218_chRNAseq_NovaSeq/YLi-BF1-F04_S64_R2_001.fastq.gz
F05	NA19214	TRUE	/project2/yangili1/bjf79/SequencingData/20220218_chRNAseq_NovaSeq/YLi-BF1-F05_S65_R1_001.fastq.gz	/project2/yangili1/bjf79/SequencingData/20220218_chRNAseq_NovaSeq/YLi-BF1-F05_S65_R2_001.fastq.gz	/cds/yangili1/bjf79/Fastq/20220218_chRNAseq_NovaSeq/YLi-BF1-F05_S65_R1_001.fastq.gz	/cds/yangili1/bjf79/Fastq/20220218_chRNAseq_NovaSeq/YLi-BF1-F05_S65_R2_001.fastq.gz
F06	NA18923	TRUE	/project2/yangili1/bjf79/SequencingData/20220218_chRNAseq_NovaSeq/YLi-BF1-F06_S66_R1_001.fastq.gz	/project2/yangili1/bjf79/SequencingData/20220218_chRNAseq_NovaSeq/YLi-BF1-F06_S66_R2_001.fastq.gz	/cds/yangili1/bjf79/Fastq/20220218_chRNAseq_NovaSeq/YLi-BF1-F06_S66_R1_001.fastq.gz	/cds/yangili1/bjf79/Fastq/20220218_chRNAseq_NovaSeq/YLi-BF1-F06_S66_R2_001.fastq.gz
F07	NA18934	TRUE	/project2/yangili1/bjf79/SequencingData/20220218_chRNAseq_NovaSeq/YLi-BF1-F07_S67_R1_001.fastq.gz	/project2/yangili1/bjf79/SequencingData/20220218_chRNAseq_NovaSeq/YLi-BF1-F07_S67_R2_001.fastq.gz	/cds/yangili1/bjf79/Fastq/20220218_chRNAseq_NovaSeq/YLi-BF1-F07_S67_R1_001.fastq.gz	/cds/yangili1/bjf79/Fastq/20220218_chRNAseq_NovaSeq/YLi-BF1-F07_S67_R2_001.fastq.gz
F08	NA18917	TRUE	/project2/yangili1/bjf79/SequencingData/20220218_chRNAseq_NovaSeq/YLi-BF1-F08_S68_R1_001.fastq.gz	/project2/yangili1/bjf79/SequencingData/20220218_chRNAseq_NovaSeq/YLi-BF1-F08_S68_R2_001.fastq.gz	/cds/yangili1/bjf79/Fastq/20220218_chRNAseq_NovaSeq/YLi-BF1-F08_S68_R1_001.fastq.gz	/cds/yangili1/bjf79/Fastq/20220218_chRNAseq_NovaSeq/YLi-BF1-F08_S68_R2_001.fastq.gz
F09	NA18507	TRUE	/project2/yangili1/bjf79/SequencingData/20220218_chRNAseq_NovaSeq/YLi-BF1-F09_S69_R1_001.fastq.gz	/project2/yangili1/bjf79/SequencingData/20220218_chRNAseq_NovaSeq/YLi-BF1-F09_S69_R2_001.fastq.gz	/cds/yangili1/bjf79/Fastq/20220218_chRNAseq_NovaSeq/YLi-BF1-F09_S69_R1_001.fastq.gz	/cds/yangili1/bjf79/Fastq/20220218_chRNAseq_NovaSeq/YLi-BF1-F09_S69_R2_001.fastq.gz
F10	NA18523	TRUE	/project2/yangili1/bjf79/SequencingData/20220218_chRNAseq_NovaSeq/YLi-BF1-F10_S70_R1_001.fastq.gz	/project2/yangili1/bjf79/SequencingData/20220218_chRNAseq_NovaSeq/YLi-BF1-F10_S70_R2_001.fastq.gz	/cds/yangili1/bjf79/Fastq/20220218_chRNAseq_NovaSeq/YLi-BF1-F10_S70_R1_001.fastq.gz	/cds/yangili1/bjf79/Fastq/20220218_chRNAseq_NovaSeq/YLi-BF1-F10_S70_R2_001.fastq.gz
F11	NA18867	TRUE	/project2/yangili1/bjf79/SequencingData/20220218_chRNAseq_NovaSeq/YLi-BF1-F11_S71_R1_001.fastq.gz	/project2/yangili1/bjf79/SequencingData/20220218_chRNAseq_NovaSeq/YLi-BF1-F11_S71_R2_001.fastq.gz	/cds/yangili1/bjf79/Fastq/20220218_chRNAseq_NovaSeq/YLi-BF1-F11_S71_R1_001.fastq.gz	/cds/yangili1/bjf79/Fastq/20220218_chRNAseq_NovaSeq/YLi-BF1-F11_S71_R2_001.fastq.gz
G01	NA19247	TRUE	/project2/yangili1/bjf79/SequencingData/20220218_chRNAseq_NovaSeq/YLi-BF1-G01_S73_R1_001.fastq.gz	/project2/yangili1/bjf79/SequencingData/20220218_chRNAseq_NovaSeq/YLi-BF1-G01_S73_R2_001.fastq.gz	/cds/yangili1/bjf79/Fastq/20220218_chRNAseq_NovaSeq/YLi-BF1-G01_S73_R1_001.fastq.gz	/cds/yangili1/bjf79/Fastq/20220218_chRNAseq_NovaSeq/YLi-BF1-G01_S73_R2_001.fastq.gz
G02	NA18915	TRUE	/project2/yangili1/bjf79/SequencingData/20220218_chRNAseq_NovaSeq/YLi-BF1-G02_S74_R1_001.fastq.gz	/project2/yangili1/bjf79/SequencingData/20220218_chRNAseq_NovaSeq/YLi-BF1-G02_S74_R2_001.fastq.gz	/cds/yangili1/bjf79/Fastq/20220218_chRNAseq_NovaSeq/YLi-BF1-G02_S74_R1_001.fastq.gz	/cds/yangili1/bjf79/Fastq/20220218_chRNAseq_NovaSeq/YLi-BF1-G02_S74_R2_001.fastq.gz
G03	NA19122	TRUE	/project2/yangili1/bjf79/SequencingData/20220218_chRNAseq_NovaSeq/YLi-BF1-G03_S75_R1_001.fastq.gz	/project2/yangili1/bjf79/SequencingData/20220218_chRNAseq_NovaSeq/YLi-BF1-G03_S75_R2_001.fastq.gz	/cds/yangili1/bjf79/Fastq/20220218_chRNAseq_NovaSeq/YLi-BF1-G03_S75_R1_001.fastq.gz	/cds/yangili1/bjf79/Fastq/20220218_chRNAseq_NovaSeq/YLi-BF1-G03_S75_R2_001.fastq.gz
G04	NA18864	TRUE	/project2/yangili1/bjf79/SequencingData/20220218_chRNAseq_NovaSeq/YLi-BF1-G04_S76_R1_001.fastq.gz	/project2/yangili1/bjf79/SequencingData/20220218_chRNAseq_NovaSeq/YLi-BF1-G04_S76_R2_001.fastq.gz	/cds/yangili1/bjf79/Fastq/20220218_chRNAseq_NovaSeq/YLi-BF1-G04_S76_R1_001.fastq.gz	/cds/yangili1/bjf79/Fastq/20220218_chRNAseq_NovaSeq/YLi-BF1-G04_S76_R2_001.fastq.gz
G05	NA18881	TRUE	/project2/yangili1/bjf79/SequencingData/20220218_chRNAseq_NovaSeq/YLi-BF1-G05_S77_R1_001.fastq.gz	/project2/yangili1/bjf79/SequencingData/20220218_chRNAseq_NovaSeq/YLi-BF1-G05_S77_R2_001.fastq.gz	/cds/yangili1/bjf79/Fastq/20220218_chRNAseq_NovaSeq/YLi-BF1-G05_S77_R1_001.fastq.gz	/cds/yangili1/bjf79/Fastq/20220218_chRNAseq_NovaSeq/YLi-BF1-G05_S77_R2_001.fastq.gz
G06	NA18877	TRUE	/project2/yangili1/bjf79/SequencingData/20220218_chRNAseq_NovaSeq/YLi-BF1-G06_S78_R1_001.fastq.gz	/project2/yangili1/bjf79/SequencingData/20220218_chRNAseq_NovaSeq/YLi-BF1-G06_S78_R2_001.fastq.gz	/cds/yangili1/bjf79/Fastq/20220218_chRNAseq_NovaSeq/YLi-BF1-G06_S78_R1_001.fastq.gz	/cds/yangili1/bjf79/Fastq/20220218_chRNAseq_NovaSeq/YLi-BF1-G06_S78_R2_001.fastq.gz
G07	NA19095	TRUE	/project2/yangili1/bjf79/SequencingData/20220218_chRNAseq_NovaSeq/YLi-BF1-G07_S79_R1_001.fastq.gz	/project2/yangili1/bjf79/SequencingData/20220218_chRNAseq_NovaSeq/YLi-BF1-G07_S79_R2_001.fastq.gz	/cds/yangili1/bjf79/Fastq/20220218_chRNAseq_NovaSeq/YLi-BF1-G07_S79_R1_001.fastq.gz	/cds/yangili1/bjf79/Fastq/20220218_chRNAseq_NovaSeq/YLi-BF1-G07_S79_R2_001.fastq.gz
G08	NA19153	FALSE	/project2/yangili1/bjf79/SequencingData/20220218_chRNAseq_NovaSeq/YLi-BF1-G08_S80_R1_001.fastq.gz	/project2/yangili1/bjf79/SequencingData/20220218_chRNAseq_NovaSeq/YLi-BF1-G08_S80_R2_001.fastq.gz	/cds/yangili1/bjf79/Fastq/20220218_chRNAseq_NovaSeq/YLi-BF1-G08_S80_R1_001.fastq.gz	/cds/yangili1/bjf79/Fastq/20220218_chRNAseq_NovaSeq/YLi-BF1-G08_S80_R2_001.fastq.gz
G09	NA18879	TRUE	/project2/yangili1/bjf79/SequencingData/20220218_chRNAseq_NovaSeq/YLi-BF1-G09_S81_R1_001.fastq.gz	/project2/yangili1/bjf79/SequencingData/20220218_chRNAseq_NovaSeq/YLi-BF1-G09_S81_R2_001.fastq.gz	/cds/yangili1/bjf79/Fastq/20220218_chRNAseq_NovaSeq/YLi-BF1-G09_S81_R1_001.fastq.gz	/cds/yangili1/bjf79/Fastq/20220218_chRNAseq_NovaSeq/YLi-BF1-G09_S81_R2_001.fastq.gz
G10	NA19236	TRUE	/project2/yangili1/bjf79/SequencingData/20220218_chRNAseq_NovaSeq/YLi-BF1-G10_S82_R1_001.fastq.gz	/project2/yangili1/bjf79/SequencingData/20220218_chRNAseq_NovaSeq/YLi-BF1-G10_S82_R2_001.fastq.gz	/cds/yangili1/bjf79/Fastq/20220218_chRNAseq_NovaSeq/YLi-BF1-G10_S82_R1_001.fastq.gz	/cds/yangili1/bjf79/Fastq/20220218_chRNAseq_NovaSeq/YLi-BF1-G10_S82_R2_001.fastq.gz
G11	NA18868	TRUE	/project2/yangili1/bjf79/SequencingData/20220218_chRNAseq_NovaSeq/YLi-BF1-G11_S83_R1_001.fastq.gz	/project2/yangili1/bjf79/SequencingData/20220218_chRNAseq_NovaSeq/YLi-BF1-G11_S83_R2_001.fastq.gz	/cds/yangili1/bjf79/Fastq/20220218_chRNAseq_NovaSeq/YLi-BF1-G11_S83_R1_001.fastq.gz	/cds/yangili1/bjf79/Fastq/20220218_chRNAseq_NovaSeq/YLi-BF1-G11_S83_R2_001.fastq.gz
H01	NA18870	TRUE	/project2/yangili1/bjf79/SequencingData/20220218_chRNAseq_NovaSeq/YLi-BF1-H01_S85_R1_001.fastq.gz	/project2/yangili1/bjf79/SequencingData/20220218_chRNAseq_NovaSeq/YLi-BF1-H01_S85_R2_001.fastq.gz	/cds/yangili1/bjf79/Fastq/20220218_chRNAseq_NovaSeq/YLi-BF1-H01_S85_R1_001.fastq.gz	/cds/yangili1/bjf79/Fastq/20220218_chRNAseq_NovaSeq/YLi-BF1-H01_S85_R2_001.fastq.gz
H02	NA19239	TRUE	/project2/yangili1/bjf79/SequencingData/20220218_chRNAseq_NovaSeq/YLi-BF1-H02_S86_R1_001.fastq.gz	/project2/yangili1/bjf79/SequencingData/20220218_chRNAseq_NovaSeq/YLi-BF1-H02_S86_R2_001.fastq.gz	/cds/yangili1/bjf79/Fastq/20220218_chRNAseq_NovaSeq/YLi-BF1-H02_S86_R1_001.fastq.gz	/cds/yangili1/bjf79/Fastq/20220218_chRNAseq_NovaSeq/YLi-BF1-H02_S86_R2_001.fastq.gz
H03	NA18910	TRUE	/project2/yangili1/bjf79/SequencingData/20220218_chRNAseq_NovaSeq/YLi-BF1-H03_S87_R1_001.fastq.gz	/project2/yangili1/bjf79/SequencingData/20220218_chRNAseq_NovaSeq/YLi-BF1-H03_S87_R2_001.fastq.gz	/cds/yangili1/bjf79/Fastq/20220218_chRNAseq_NovaSeq/YLi-BF1-H03_S87_R1_001.fastq.gz	/cds/yangili1/bjf79/Fastq/20220218_chRNAseq_NovaSeq/YLi-BF1-H03_S87_R2_001.fastq.gz
H04	NA18876	TRUE	/project2/yangili1/bjf79/SequencingData/20220218_chRNAseq_NovaSeq/YLi-BF1-H04_S88_R1_001.fastq.gz	/project2/yangili1/bjf79/SequencingData/20220218_chRNAseq_NovaSeq/YLi-BF1-H04_S88_R2_001.fastq.gz	/cds/yangili1/bjf79/Fastq/20220218_chRNAseq_NovaSeq/YLi-BF1-H04_S88_R1_001.fastq.gz	/cds/yangili1/bjf79/Fastq/20220218_chRNAseq_NovaSeq/YLi-BF1-H04_S88_R2_001.fastq.gz
H05	NA19108	TRUE	/project2/yangili1/bjf79/SequencingData/20220218_chRNAseq_NovaSeq/YLi-BF1-H05_S89_R1_001.fastq.gz	/project2/yangili1/bjf79/SequencingData/20220218_chRNAseq_NovaSeq/YLi-BF1-H05_S89_R2_001.fastq.gz	/cds/yangili1/bjf79/Fastq/20220218_chRNAseq_NovaSeq/YLi-BF1-H05_S89_R1_001.fastq.gz	/cds/yangili1/bjf79/Fastq/20220218_chRNAseq_NovaSeq/YLi-BF1-H05_S89_R2_001.fastq.gz
H06	NA19141	TRUE	/project2/yangili1/bjf79/SequencingData/20220218_chRNAseq_NovaSeq/YLi-BF1-H06_S90_R1_001.fastq.gz	/project2/yangili1/bjf79/SequencingData/20220218_chRNAseq_NovaSeq/YLi-BF1-H06_S90_R2_001.fastq.gz	/cds/yangili1/bjf79/Fastq/20220218_chRNAseq_NovaSeq/YLi-BF1-H06_S90_R1_001.fastq.gz	/cds/yangili1/bjf79/Fastq/20220218_chRNAseq_NovaSeq/YLi-BF1-H06_S90_R2_001.fastq.gz
H07	NA19098	TRUE	/project2/yangili1/bjf79/SequencingData/20220218_chRNAseq_NovaSeq/YLi-BF1-H07_S91_R1_001.fastq.gz	/project2/yangili1/bjf79/SequencingData/20220218_chRNAseq_NovaSeq/YLi-BF1-H07_S91_R2_001.fastq.gz	/cds/yangili1/bjf79/Fastq/20220218_chRNAseq_NovaSeq/YLi-BF1-H07_S91_R1_001.fastq.gz	/cds/yangili1/bjf79/Fastq/20220218_chRNAseq_NovaSeq/YLi-BF1-H07_S91_R2_001.fastq.gz
H08	NA19213	FALSE	/project2/yangili1/bjf79/SequencingData/20220218_chRNAseq_NovaSeq/YLi-BF1-H08_S92_R1_001.fastq.gz	/project2/yangili1/bjf79/SequencingData/20220218_chRNAseq_NovaSeq/YLi-BF1-H08_S92_R2_001.fastq.gz	/cds/yangili1/bjf79/Fastq/20220218_chRNAseq_NovaSeq/YLi-BF1-H08_S92_R1_001.fastq.gz	/cds/yangili1/bjf79/Fastq/20220218_chRNAseq_NovaSeq/YLi-BF1-H08_S92_R2_001.fastq.gz
H09	NA19121	TRUE	/project2/yangili1/bjf79/SequencingData/20220218_chRNAseq_NovaSeq/YLi-BF1-H09_S93_R1_001.fastq.gz	/project2/yangili1/bjf79/SequencingData/20220218_chRNAseq_NovaSeq/YLi-BF1-H09_S93_R2_001.fastq.gz	/cds/yangili1/bjf79/Fastq/20220218_chRNAseq_NovaSeq/YLi-BF1-H09_S93_R1_001.fastq.gz	/cds/yangili1/bjf79/Fastq/20220218_chRNAseq_NovaSeq/YLi-BF1-H09_S93_R2_001.fastq.gz
H10	NA19107	TRUE	/project2/yangili1/bjf79/SequencingData/20220218_chRNAseq_NovaSeq/YLi-BF1-H10_S94_R1_001.fastq.gz	/project2/yangili1/bjf79/SequencingData/20220218_chRNAseq_NovaSeq/YLi-BF1-H10_S94_R2_001.fastq.gz	/cds/yangili1/bjf79/Fastq/20220218_chRNAseq_NovaSeq/YLi-BF1-H10_S94_R1_001.fastq.gz	/cds/yangili1/bjf79/Fastq/20220218_chRNAseq_NovaSeq/YLi-BF1-H10_S94_R2_001.fastq.gz
H11	NA19118	TRUE	/project2/yangili1/bjf79/SequencingData/20220218_chRNAseq_NovaSeq/YLi-BF1-H11_S95_R1_001.fastq.gz	/project2/yangili1/bjf79/SequencingData/20220218_chRNAseq_NovaSeq/YLi-BF1-H11_S95_R2_001.fastq.gz	/cds/yangili1/bjf79/Fastq/20220218_chRNAseq_NovaSeq/YLi-BF1-H11_S95_R1_001.fastq.gz	/cds/yangili1/bjf79/Fastq/20220218_chRNAseq_NovaSeq/YLi-BF1-H11_S95_R2_001.fastq.gz
H12	NA19143	TRUE	/project2/yangili1/bjf79/SequencingData/20220218_chRNAseq_NovaSeq/YLi-BF1-H12_S96_R1_001.fastq.gz	/project2/yangili1/bjf79/SequencingData/20220218_chRNAseq_NovaSeq/YLi-BF1-H12_S96_R2_001.fastq.gz	/cds/yangili1/bjf79/Fastq/20220218_chRNAseq_NovaSeq/YLi-BF1-H12_S96_R1_001.fastq.gz	/cds/yangili1/bjf79/Fastq/20220218_chRNAseq_NovaSeq/YLi-BF1-H12_S96_R2_001.fastq.gz
