Run,Assay Type,AvgSpotLen,Bases,BioProject,BioSample,Bytes,Cell_Line,Center Name,Consent,DATASTORE filetype,DATASTORE provider,DATASTORE region,Experiment,GEO_Accession (exp),Instrument,LibraryLayout,LibrarySelection,LibrarySource,Organism,Platform,ReleaseDate,Sample Name,source_name,SRA Study,Antibody
SRR1658110,ChIP-Seq,202,5675200706,PRJNA268086,SAMN03202807,3733466202,GM19206,GEO,public,"fastq,sra","gs,ncbi,s3","gs.US,ncbi.public,s3.us-east-1",SRX764470,GSM1550791,Illumina HiSeq 2000,PAIRED,ChIP,GENOMIC,Homo sapiens,ILLUMINA,2015-08-20T00:00:00Z,GSM1550791,Lymphoblastoid Cell Line,SRP050082,H3K27AC
SRR1658111,ChIP-Seq,202,5730124910,PRJNA268086,SAMN03202722,3805761105,GM19140,GEO,public,"fastq,sra","gs,ncbi,s3","gs.US,ncbi.public,s3.us-east-1",SRX764471,GSM1550792,Illumina HiSeq 2000,PAIRED,ChIP,GENOMIC,Homo sapiens,ILLUMINA,2015-08-20T00:00:00Z,GSM1550792,Lymphoblastoid Cell Line,SRP050082,H3K27AC
SRR1658112,ChIP-Seq,202,5514705242,PRJNA268086,SAMN03202731,3711838338,GM19092,GEO,public,"fastq,sra","gs,ncbi,s3","gs.US,ncbi.public,s3.us-east-1",SRX764472,GSM1550793,Illumina HiSeq 2000,PAIRED,ChIP,GENOMIC,Homo sapiens,ILLUMINA,2015-08-20T00:00:00Z,GSM1550793,Lymphoblastoid Cell Line,SRP050082,H3K4ME3
SRR1658113,ChIP-Seq,202,6435460834,PRJNA268086,SAMN03202714,4241669971,GM19128,GEO,public,"fastq,sra","gs,ncbi,s3","gs.US,ncbi.public,s3.us-east-1",SRX764473,GSM1550794,Illumina HiSeq 2000,PAIRED,ChIP,GENOMIC,Homo sapiens,ILLUMINA,2015-08-20T00:00:00Z,GSM1550794,Lymphoblastoid Cell Line,SRP050082,H3K4ME3
SRR1658114,ChIP-Seq,202,6381950428,PRJNA268086,SAMN03202827,4322750678,GM19101,GEO,public,"fastq,sra","gs,ncbi,s3","gs.US,ncbi.public,s3.us-east-1",SRX764474,GSM1550795,Illumina HiSeq 2000,PAIRED,ChIP,GENOMIC,Homo sapiens,ILLUMINA,2015-08-20T00:00:00Z,GSM1550795,Lymphoblastoid Cell Line,SRP050082,H3K27AC
SRR1658115,ChIP-Seq,202,4494046914,PRJNA268086,SAMN03202700,2979776885,GM19140,GEO,public,"fastq,sra","gs,ncbi,s3","gs.US,ncbi.public,s3.us-east-1",SRX764475,GSM1550796,Illumina HiSeq 2000,PAIRED,ChIP,GENOMIC,Homo sapiens,ILLUMINA,2015-08-20T00:00:00Z,GSM1550796,Lymphoblastoid Cell Line,SRP050082,H3K4ME1
SRR1658116,ChIP-Seq,202,4946583272,PRJNA268086,SAMN03202738,3563724860,GM19092,GEO,public,"fastq,sra","gs,ncbi,s3","gs.US,ncbi.public,s3.us-east-1",SRX764476,GSM1550797,Illumina HiSeq 2000,PAIRED,ChIP,GENOMIC,Homo sapiens,ILLUMINA,2015-08-20T00:00:00Z,GSM1550797,Lymphoblastoid Cell Line,SRP050082,H3K4ME1
SRR1658117,ChIP-Seq,202,5356364512,PRJNA268086,SAMN03202816,3582234136,GM19140,GEO,public,"fastq,sra","gs,ncbi,s3","gs.US,ncbi.public,s3.us-east-1",SRX764477,GSM1550798,Illumina HiSeq 2000,PAIRED,ChIP,GENOMIC,Homo sapiens,ILLUMINA,2015-08-20T00:00:00Z,GSM1550798,Lymphoblastoid Cell Line,SRP050082,H3K4ME3
SRR1658118,ChIP-Seq,202,5530011186,PRJNA268086,SAMN03202765,3718612606,GM19128,GEO,public,"fastq,sra","gs,ncbi,s3","gs.US,ncbi.public,s3.us-east-1",SRX764478,GSM1550799,Illumina HiSeq 2000,PAIRED,ChIP,GENOMIC,Homo sapiens,ILLUMINA,2015-08-20T00:00:00Z,GSM1550799,Lymphoblastoid Cell Line,SRP050082,H3K4ME1
SRR1658119,ChIP-Seq,202,5584380900,PRJNA268086,SAMN03202825,3775914050,GM18913,GEO,public,"fastq,sra","gs,ncbi,s3","gs.US,ncbi.public,s3.us-east-1",SRX764479,GSM1550800,Illumina HiSeq 2000,PAIRED,ChIP,GENOMIC,Homo sapiens,ILLUMINA,2015-08-20T00:00:00Z,GSM1550800,Lymphoblastoid Cell Line,SRP050082,H3K4ME3
SRR1658120,ChIP-Seq,202,5528863826,PRJNA268086,SAMN03202725,3484446278,GM18859,GEO,public,"fastq,sra","gs,ncbi,s3","gs.US,ncbi.public,s3.us-east-1",SRX764480,GSM1550801,Illumina HiSeq 2000,PAIRED,ChIP,GENOMIC,Homo sapiens,ILLUMINA,2015-08-20T00:00:00Z,GSM1550801,Lymphoblastoid Cell Line,SRP050082,H3K4ME1
SRR1658121,ChIP-Seq,202,5750091600,PRJNA268086,SAMN03202835,3857444769,GM18859,GEO,public,"fastq,sra","gs,ncbi,s3","gs.US,ncbi.public,s3.us-east-1",SRX764481,GSM1550802,Illumina HiSeq 2000,PAIRED,ChIP,GENOMIC,Homo sapiens,ILLUMINA,2015-08-20T00:00:00Z,GSM1550802,Lymphoblastoid Cell Line,SRP050082,H3K4ME3
SRR1658122,ChIP-Seq,202,5809794518,PRJNA268086,SAMN03202836,3809525951,GM18852,GEO,public,"fastq,sra","gs,ncbi,s3","gs.US,ncbi.public,s3.us-east-1",SRX764482,GSM1550803,Illumina HiSeq 2000,PAIRED,ChIP,GENOMIC,Homo sapiens,ILLUMINA,2015-08-20T00:00:00Z,GSM1550803,Lymphoblastoid Cell Line,SRP050082,H3K27AC
SRR1658123,ChIP-Seq,202,6765597514,PRJNA268086,SAMN03202682,4604313511,GM19127,GEO,public,"fastq,sra","gs,ncbi,s3","gs.US,ncbi.public,s3.us-east-1",SRX764483,GSM1550804,Illumina HiSeq 2000,PAIRED,ChIP,GENOMIC,Homo sapiens,ILLUMINA,2015-08-20T00:00:00Z,GSM1550804,Lymphoblastoid Cell Line,SRP050082,H3K4ME3
SRR1658124,ChIP-Seq,202,6630034708,PRJNA268086,SAMN03202754,4509355447,GM19101,GEO,public,"fastq,sra","gs,ncbi,s3","gs.US,ncbi.public,s3.us-east-1",SRX764484,GSM1550805,Illumina HiSeq 2000,PAIRED,ChIP,GENOMIC,Homo sapiens,ILLUMINA,2015-08-20T00:00:00Z,GSM1550805,Lymphoblastoid Cell Line,SRP050082,H3K4ME3
SRR1658125,ChIP-Seq,202,5508387288,PRJNA268086,SAMN03202771,3668927317,GM19101,GEO,public,"fastq,sra","gs,ncbi,s3","gs.US,ncbi.public,s3.us-east-1",SRX764485,GSM1550806,Illumina HiSeq 2000,PAIRED,ChIP,GENOMIC,Homo sapiens,ILLUMINA,2015-08-20T00:00:00Z,GSM1550806,Lymphoblastoid Cell Line,SRP050082,H3K4ME1
SRR1658126,ChIP-Seq,202,5732621630,PRJNA268086,SAMN03202676,3760244059,GM18859,GEO,public,"fastq,sra","gs,ncbi,s3","gs.US,ncbi.public,s3.us-east-1",SRX764486,GSM1550807,Illumina HiSeq 2000,PAIRED,ChIP,GENOMIC,Homo sapiens,ILLUMINA,2015-08-20T00:00:00Z,GSM1550807,Lymphoblastoid Cell Line,SRP050082,H3K27AC
SRR1658127,ChIP-Seq,202,5182422312,PRJNA268086,SAMN03202799,3409130818,GM19092,GEO,public,"fastq,sra","gs,ncbi,s3","gs.US,ncbi.public,s3.us-east-1",SRX764487,GSM1550808,Illumina HiSeq 2000,PAIRED,ChIP,GENOMIC,Homo sapiens,ILLUMINA,2015-08-20T00:00:00Z,GSM1550808,Lymphoblastoid Cell Line,SRP050082,H3K27AC
SRR1658128,ChIP-Seq,202,6716018634,PRJNA268086,SAMN03202728,4413675349,GM19128,GEO,public,"fastq,sra","gs,ncbi,s3","gs.US,ncbi.public,s3.us-east-1",SRX764488,GSM1550809,Illumina HiSeq 2000,PAIRED,ChIP,GENOMIC,Homo sapiens,ILLUMINA,2015-08-20T00:00:00Z,GSM1550809,Lymphoblastoid Cell Line,SRP050082,H3K27AC
SRR1658129,ChIP-Seq,202,5615473144,PRJNA268086,SAMN03202793,3717234110,GM18913,GEO,public,"fastq,sra","gs,ncbi,s3","gs.US,ncbi.public,s3.us-east-1",SRX764489,GSM1550810,Illumina HiSeq 2000,PAIRED,ChIP,GENOMIC,Homo sapiens,ILLUMINA,2015-08-20T00:00:00Z,GSM1550810,Lymphoblastoid Cell Line,SRP050082,H3K4ME1
SRR1658130,ChIP-Seq,202,5642386816,PRJNA268086,SAMN03202772,3776398492,GM18913,GEO,public,"fastq,sra","gs,ncbi,s3","gs.US,ncbi.public,s3.us-east-1",SRX764490,GSM1550811,Illumina HiSeq 2000,PAIRED,ChIP,GENOMIC,Homo sapiens,ILLUMINA,2015-08-20T00:00:00Z,GSM1550811,Lymphoblastoid Cell Line,SRP050082,H3K27AC
SRR1658131,ChIP-Seq,202,6170605302,PRJNA268086,SAMN03202727,4094184709,GM18855,GEO,public,"fastq,sra","gs,ncbi,s3","gs.US,ncbi.public,s3.us-east-1",SRX764491,GSM1550812,Illumina HiSeq 2000,PAIRED,ChIP,GENOMIC,Homo sapiens,ILLUMINA,2015-08-20T00:00:00Z,GSM1550812,Lymphoblastoid Cell Line,SRP050082,H3K27AC
SRR1658132,ChIP-Seq,202,5927758478,PRJNA268086,SAMN03202677,3857271883,GM18855,GEO,public,"fastq,sra","gs,ncbi,s3","gs.US,ncbi.public,s3.us-east-1",SRX764492,GSM1550813,Illumina HiSeq 2000,PAIRED,ChIP,GENOMIC,Homo sapiens,ILLUMINA,2015-08-20T00:00:00Z,GSM1550813,Lymphoblastoid Cell Line,SRP050082,H3K4ME1
SRR1658133,ChIP-Seq,202,6446871612,PRJNA268086,SAMN03202706,4332503453,GM19127,GEO,public,"fastq,sra","gs,ncbi,s3","gs.US,ncbi.public,s3.us-east-1",SRX764493,GSM1550814,Illumina HiSeq 2000,PAIRED,ChIP,GENOMIC,Homo sapiens,ILLUMINA,2015-08-20T00:00:00Z,GSM1550814,Lymphoblastoid Cell Line,SRP050082,H3K27AC
SRR1658134,ChIP-Seq,202,6445017656,PRJNA268086,SAMN03202672,4129902957,GM18855,GEO,public,"fastq,sra","gs,ncbi,s3","gs.US,ncbi.public,s3.us-east-1",SRX764494,GSM1550815,Illumina HiSeq 2000,PAIRED,ChIP,GENOMIC,Homo sapiens,ILLUMINA,2015-08-20T00:00:00Z,GSM1550815,Lymphoblastoid Cell Line,SRP050082,H3K4ME3
SRR1658135,ChIP-Seq,202,4439834962,PRJNA268086,SAMN03202737,2888481812,GM19141,GEO,public,"fastq,sra","gs,ncbi,s3","gs.US,ncbi.public,s3.us-east-1",SRX764495,GSM1550816,Illumina HiSeq 2000,PAIRED,ChIP,GENOMIC,Homo sapiens,ILLUMINA,2015-08-20T00:00:00Z,GSM1550816,Lymphoblastoid Cell Line,SRP050082,H3K4ME1
SRR1658136,ChIP-Seq,202,5474064054,PRJNA268086,SAMN03202747,3747380869,GM19141,GEO,public,"fastq,sra","gs,ncbi,s3","gs.US,ncbi.public,s3.us-east-1",SRX764496,GSM1550817,Illumina HiSeq 2000,PAIRED,ChIP,GENOMIC,Homo sapiens,ILLUMINA,2015-08-20T00:00:00Z,GSM1550817,Lymphoblastoid Cell Line,SRP050082,H3K4ME3
SRR1658137,ChIP-Seq,202,6781247262,PRJNA268086,SAMN03202785,4560404028,GM18852,GEO,public,"fastq,sra","gs,ncbi,s3","gs.US,ncbi.public,s3.us-east-1",SRX764497,GSM1550818,Illumina HiSeq 2000,PAIRED,ChIP,GENOMIC,Homo sapiens,ILLUMINA,2015-08-20T00:00:00Z,GSM1550818,Lymphoblastoid Cell Line,SRP050082,H3K4ME3
SRR1658138,ChIP-Seq,202,5314778166,PRJNA268086,SAMN03202761,3487549920,GM18852,GEO,public,"fastq,sra","gs,ncbi,s3","gs.US,ncbi.public,s3.us-east-1",SRX764498,GSM1550819,Illumina HiSeq 2000,PAIRED,ChIP,GENOMIC,Homo sapiens,ILLUMINA,2015-08-20T00:00:00Z,GSM1550819,Lymphoblastoid Cell Line,SRP050082,H3K4ME1
SRR1658139,ChIP-Seq,202,5657627110,PRJNA268086,SAMN03202751,3767979380,GM19127,GEO,public,"fastq,sra","gs,ncbi,s3","gs.US,ncbi.public,s3.us-east-1",SRX764499,GSM1550820,Illumina HiSeq 2000,PAIRED,ChIP,GENOMIC,Homo sapiens,ILLUMINA,2015-08-20T00:00:00Z,GSM1550820,Lymphoblastoid Cell Line,SRP050082,H3K4ME1
SRR1658140,ChIP-Seq,202,6107265576,PRJNA268086,SAMN03202820,4032548898,GM19141,GEO,public,"fastq,sra","gs,ncbi,s3","gs.US,ncbi.public,s3.us-east-1",SRX764500,GSM1550821,Illumina HiSeq 2000,PAIRED,ChIP,GENOMIC,Homo sapiens,ILLUMINA,2015-08-20T00:00:00Z,GSM1550821,Lymphoblastoid Cell Line,SRP050082,H3K27AC
SRR1658141,ChIP-Seq,202,6922222254,PRJNA268086,SAMN03202760,4682202660,GM19203,GEO,public,"fastq,sra","gs,ncbi,s3","gs.US,ncbi.public,s3.us-east-1",SRX764501,GSM1550822,Illumina HiSeq 2000,PAIRED,ChIP,GENOMIC,Homo sapiens,ILLUMINA,2015-08-20T00:00:00Z,GSM1550822,Lymphoblastoid Cell Line,SRP050082,H3K27AC
SRR1658142,ChIP-Seq,202,5651623266,PRJNA268086,SAMN03202774,3793783577,GM18862,GEO,public,"fastq,sra","gs,ncbi,s3","gs.US,ncbi.public,s3.us-east-1",SRX764502,GSM1550823,Illumina HiSeq 2000,PAIRED,ChIP,GENOMIC,Homo sapiens,ILLUMINA,2015-08-20T00:00:00Z,GSM1550823,Lymphoblastoid Cell Line,SRP050082,H3K27AC
SRR1658143,ChIP-Seq,202,5760952130,PRJNA268086,SAMN03202705,3890641988,GM19206,GEO,public,"fastq,sra","gs,ncbi,s3","gs.US,ncbi.public,s3.us-east-1",SRX764503,GSM1550824,Illumina HiSeq 2000,PAIRED,ChIP,GENOMIC,Homo sapiens,ILLUMINA,2015-08-20T00:00:00Z,GSM1550824,Lymphoblastoid Cell Line,SRP050082,H3K4ME1
SRR1658144,ChIP-Seq,202,6148556396,PRJNA268086,SAMN03202750,4305787815,GM19206,GEO,public,"fastq,sra","gs,ncbi,s3","gs.US,ncbi.public,s3.us-east-1",SRX764504,GSM1550825,Illumina HiSeq 2000,PAIRED,ChIP,GENOMIC,Homo sapiens,ILLUMINA,2015-08-20T00:00:00Z,GSM1550825,Lymphoblastoid Cell Line,SRP050082,H3K4ME3
SRR1658145,ChIP-Seq,202,6622038740,PRJNA268086,SAMN03202818,4503759911,GM18862,GEO,public,"fastq,sra","gs,ncbi,s3","gs.US,ncbi.public,s3.us-east-1",SRX764505,GSM1550826,Illumina HiSeq 2000,PAIRED,ChIP,GENOMIC,Homo sapiens,ILLUMINA,2015-08-20T00:00:00Z,GSM1550826,Lymphoblastoid Cell Line,SRP050082,H3K4ME3
SRR1658146,ChIP-Seq,202,5719757462,PRJNA268086,SAMN03202733,3800969719,GM18862,GEO,public,"fastq,sra","gs,ncbi,s3","gs.US,ncbi.public,s3.us-east-1",SRX764506,GSM1550827,Illumina HiSeq 2000,PAIRED,ChIP,GENOMIC,Homo sapiens,ILLUMINA,2015-08-20T00:00:00Z,GSM1550827,Lymphoblastoid Cell Line,SRP050082,H3K4ME1
SRR1658147,ChIP-Seq,202,3549400176,PRJNA268086,SAMN03202803,2375406560,GM19203,GEO,public,"fastq,sra","gs,ncbi,s3","gs.US,ncbi.public,s3.us-east-1",SRX764507,GSM1550828,Illumina HiSeq 2000,PAIRED,ChIP,GENOMIC,Homo sapiens,ILLUMINA,2015-08-20T00:00:00Z,GSM1550828,Lymphoblastoid Cell Line,SRP050082,H3K4ME1
SRR1658148,ChIP-Seq,202,6118469506,PRJNA268086,SAMN03202815,4183106244,GM19203,GEO,public,"fastq,sra","gs,ncbi,s3","gs.US,ncbi.public,s3.us-east-1",SRX764508,GSM1550829,Illumina HiSeq 2000,PAIRED,ChIP,GENOMIC,Homo sapiens,ILLUMINA,2015-08-20T00:00:00Z,GSM1550829,Lymphoblastoid Cell Line,SRP050082,H3K4ME3
SRR1658149,ChIP-Seq,202,6208459698,PRJNA268086,SAMN03202762,4108547202,GM18505,GEO,public,"fastq,sra","gs,ncbi,s3","gs.US,ncbi.public,s3.us-east-1",SRX764509,GSM1550830,Illumina HiSeq 2000,PAIRED,ChIP,GENOMIC,Homo sapiens,ILLUMINA,2015-08-20T00:00:00Z,GSM1550830,Lymphoblastoid Cell Line,SRP050082,H3K27AC
SRR1658150,ChIP-Seq,202,6140425694,PRJNA268086,SAMN03202782,4022153750,GM18870,GEO,public,"fastq,sra","gs,ncbi,s3","gs.US,ncbi.public,s3.us-east-1",SRX764510,GSM1550831,Illumina HiSeq 2000,PAIRED,ChIP,GENOMIC,Homo sapiens,ILLUMINA,2015-08-20T00:00:00Z,GSM1550831,Lymphoblastoid Cell Line,SRP050082,H3K4ME3
SRR1658151,ChIP-Seq,202,5372639046,PRJNA268086,SAMN03202784,3607596409,GM18870,GEO,public,"fastq,sra","gs,ncbi,s3","gs.US,ncbi.public,s3.us-east-1",SRX764511,GSM1550832,Illumina HiSeq 2000,PAIRED,ChIP,GENOMIC,Homo sapiens,ILLUMINA,2015-08-20T00:00:00Z,GSM1550832,Lymphoblastoid Cell Line,SRP050082,H3K4ME1
SRR1658152,ChIP-Seq,202,3779416364,PRJNA268086,SAMN03202710,2519118175,GM18519,GEO,public,"fastq,sra","gs,ncbi,s3","gs.US,ncbi.public,s3.us-east-1",SRX764512,GSM1550833,Illumina HiSeq 2000,PAIRED,ChIP,GENOMIC,Homo sapiens,ILLUMINA,2015-08-20T00:00:00Z,GSM1550833,Lymphoblastoid Cell Line,SRP050082,H3K27AC
SRR1658153,ChIP-Seq,202,5940506900,PRJNA268086,SAMN03202813,3720845199,GM18501,GEO,public,"fastq,sra","gs,ncbi,s3","gs.US,ncbi.public,s3.us-east-1",SRX764513,GSM1550834,Illumina HiSeq 2000,PAIRED,ChIP,GENOMIC,Homo sapiens,ILLUMINA,2015-08-20T00:00:00Z,GSM1550834,Lymphoblastoid Cell Line,SRP050082,H3K4ME1
SRR1658154,ChIP-Seq,202,6027942802,PRJNA268086,SAMN03202778,4039773464,GM18501,GEO,public,"fastq,sra","gs,ncbi,s3","gs.US,ncbi.public,s3.us-east-1",SRX764514,GSM1550835,Illumina HiSeq 2000,PAIRED,ChIP,GENOMIC,Homo sapiens,ILLUMINA,2015-08-20T00:00:00Z,GSM1550835,Lymphoblastoid Cell Line,SRP050082,H3K4ME3
SRR1658155,ChIP-Seq,202,5802912580,PRJNA268086,SAMN03202849,3885438667,GM19225,GEO,public,"fastq,sra","gs,ncbi,s3","gs.US,ncbi.public,s3.us-east-1",SRX764515,GSM1550836,Illumina HiSeq 2000,PAIRED,ChIP,GENOMIC,Homo sapiens,ILLUMINA,2015-08-20T00:00:00Z,GSM1550836,Lymphoblastoid Cell Line,SRP050082,H3K27AC
SRR1658156,ChIP-Seq,202,6164274824,PRJNA268086,SAMN03202898,4053147284,GM18516,GEO,public,"fastq,sra","gs,ncbi,s3","gs.US,ncbi.public,s3.us-east-1",SRX764516,GSM1550837,Illumina HiSeq 2000,PAIRED,ChIP,GENOMIC,Homo sapiens,ILLUMINA,2015-08-20T00:00:00Z,GSM1550837,Lymphoblastoid Cell Line,SRP050082,H3K4ME3
SRR1658157,ChIP-Seq,202,5880348472,PRJNA268086,SAMN03202896,3944109245,GM18516,GEO,public,"fastq,sra","gs,ncbi,s3","gs.US,ncbi.public,s3.us-east-1",SRX764517,GSM1550838,Illumina HiSeq 2000,PAIRED,ChIP,GENOMIC,Homo sapiens,ILLUMINA,2015-08-20T00:00:00Z,GSM1550838,Lymphoblastoid Cell Line,SRP050082,H3K4ME1
SRR1658158,ChIP-Seq,202,5396070440,PRJNA268086,SAMN03202862,3384879654,GM18511,GEO,public,"fastq,sra","gs,ncbi,s3","gs.US,ncbi.public,s3.us-east-1",SRX764518,GSM1550839,Illumina HiSeq 2000,PAIRED,ChIP,GENOMIC,Homo sapiens,ILLUMINA,2015-08-20T00:00:00Z,GSM1550839,Lymphoblastoid Cell Line,SRP050082,H3K4ME1
SRR1658159,ChIP-Seq,202,5414396890,PRJNA268086,SAMN03202841,3621787542,GM18511,GEO,public,"fastq,sra","gs,ncbi,s3","gs.US,ncbi.public,s3.us-east-1",SRX764519,GSM1550840,Illumina HiSeq 2000,PAIRED,ChIP,GENOMIC,Homo sapiens,ILLUMINA,2015-08-20T00:00:00Z,GSM1550840,Lymphoblastoid Cell Line,SRP050082,H3K4ME3
SRR1658160,ChIP-Seq,202,6663184726,PRJNA268086,SAMN03202857,4422975499,GM18504,GEO,public,"fastq,sra","gs,ncbi,s3","gs.US,ncbi.public,s3.us-east-1",SRX764520,GSM1550841,Illumina HiSeq 2000,PAIRED,ChIP,GENOMIC,Homo sapiens,ILLUMINA,2015-08-20T00:00:00Z,GSM1550841,Lymphoblastoid Cell Line,SRP050082,H3K4ME3
SRR1658161,ChIP-Seq,202,6177244234,PRJNA268086,SAMN03202854,4046904152,GM18516,GEO,public,"fastq,sra","gs,ncbi,s3","gs.US,ncbi.public,s3.us-east-1",SRX764521,GSM1550842,Illumina HiSeq 2000,PAIRED,ChIP,GENOMIC,Homo sapiens,ILLUMINA,2015-08-20T00:00:00Z,GSM1550842,Lymphoblastoid Cell Line,SRP050082,H3K27AC
SRR1658162,ChIP-Seq,202,5288471504,PRJNA268086,SAMN03202884,3361386341,GM18504,GEO,public,"fastq,sra","gs,ncbi,s3","gs.US,ncbi.public,s3.us-east-1",SRX764522,GSM1550843,Illumina HiSeq 2000,PAIRED,ChIP,GENOMIC,Homo sapiens,ILLUMINA,2015-08-20T00:00:00Z,GSM1550843,Lymphoblastoid Cell Line,SRP050082,H3K4ME1
SRR1658163,ChIP-Seq,202,5523124804,PRJNA268086,SAMN03202858,3749125079,GM19102,GEO,public,"fastq,sra","gs,ncbi,s3","gs.US,ncbi.public,s3.us-east-1",SRX764523,GSM1550844,Illumina HiSeq 2000,PAIRED,ChIP,GENOMIC,Homo sapiens,ILLUMINA,2015-08-20T00:00:00Z,GSM1550844,Lymphoblastoid Cell Line,SRP050082,H3K4ME3
SRR1658164,ChIP-Seq,202,6219840984,PRJNA268086,SAMN03202880,4058008056,GM19102,GEO,public,"fastq,sra","gs,ncbi,s3","gs.US,ncbi.public,s3.us-east-1",SRX764524,GSM1550845,Illumina HiSeq 2000,PAIRED,ChIP,GENOMIC,Homo sapiens,ILLUMINA,2015-08-20T00:00:00Z,GSM1550845,Lymphoblastoid Cell Line,SRP050082,H3K4ME1
SRR1658165,ChIP-Seq,202,5721652020,PRJNA268086,SAMN03202839,3980683393,GM18856,GEO,public,"fastq,sra","gs,ncbi,s3","gs.US,ncbi.public,s3.us-east-1",SRX764525,GSM1550846,Illumina HiSeq 2000,PAIRED,ChIP,GENOMIC,Homo sapiens,ILLUMINA,2015-08-20T00:00:00Z,GSM1550846,Lymphoblastoid Cell Line,SRP050082,H3K4ME3
SRR1658166,ChIP-Seq,202,5726175204,PRJNA268086,SAMN03202887,3697972564,GM18856,GEO,public,"fastq,sra","gs,ncbi,s3","gs.US,ncbi.public,s3.us-east-1",SRX764526,GSM1550847,Illumina HiSeq 2000,PAIRED,ChIP,GENOMIC,Homo sapiens,ILLUMINA,2015-08-20T00:00:00Z,GSM1550847,Lymphoblastoid Cell Line,SRP050082,H3K4ME1
SRR1658167,ChIP-Seq,202,5280983566,PRJNA268086,SAMN03202852,3388892186,GM18517,GEO,public,"fastq,sra","gs,ncbi,s3","gs.US,ncbi.public,s3.us-east-1",SRX764527,GSM1550848,Illumina HiSeq 2000,PAIRED,ChIP,GENOMIC,Homo sapiens,ILLUMINA,2015-08-20T00:00:00Z,GSM1550848,Lymphoblastoid Cell Line,SRP050082,H3K4ME3
SRR1658168,ChIP-Seq,202,6000835008,PRJNA268086,SAMN03202899,3962955457,GM19102,GEO,public,"fastq,sra","gs,ncbi,s3","gs.US,ncbi.public,s3.us-east-1",SRX764528,GSM1550849,Illumina HiSeq 2000,PAIRED,ChIP,GENOMIC,Homo sapiens,ILLUMINA,2015-08-20T00:00:00Z,GSM1550849,Lymphoblastoid Cell Line,SRP050082,H3K27AC
SRR1658169,ChIP-Seq,202,5137708602,PRJNA268086,SAMN03202874,3360454698,GM18517,GEO,public,"fastq,sra","gs,ncbi,s3","gs.US,ncbi.public,s3.us-east-1",SRX764529,GSM1550850,Illumina HiSeq 2000,PAIRED,ChIP,GENOMIC,Homo sapiens,ILLUMINA,2015-08-20T00:00:00Z,GSM1550850,Lymphoblastoid Cell Line,SRP050082,H3K4ME1
SRR1658170,ChIP-Seq,202,5076859132,PRJNA268086,SAMN03202844,3350461275,GM19207,GEO,public,"fastq,sra","gs,ncbi,s3","gs.US,ncbi.public,s3.us-east-1",SRX764530,GSM1550851,Illumina HiSeq 2000,PAIRED,ChIP,GENOMIC,Homo sapiens,ILLUMINA,2015-08-20T00:00:00Z,GSM1550851,Lymphoblastoid Cell Line,SRP050082,H3K27AC
SRR1658171,ChIP-Seq,202,5820099952,PRJNA268086,SAMN03202890,3775853007,GM18498,GEO,public,"fastq,sra","gs,ncbi,s3","gs.US,ncbi.public,s3.us-east-1",SRX764531,GSM1550852,Illumina HiSeq 2000,PAIRED,ChIP,GENOMIC,Homo sapiens,ILLUMINA,2015-08-20T00:00:00Z,GSM1550852,Lymphoblastoid Cell Line,SRP050082,H3K4ME1
SRR1658172,ChIP-Seq,202,5067754184,PRJNA268086,SAMN03202885,3527114544,GM18498,GEO,public,"fastq,sra","gs,ncbi,s3","gs.US,ncbi.public,s3.us-east-1",SRX764532,GSM1550853,Illumina HiSeq 2000,PAIRED,ChIP,GENOMIC,Homo sapiens,ILLUMINA,2015-08-20T00:00:00Z,GSM1550853,Lymphoblastoid Cell Line,SRP050082,H3K4ME3
SRR1658173,ChIP-Seq,202,6198793796,PRJNA268086,SAMN03202881,4196984708,GM18853,GEO,public,"fastq,sra","gs,ncbi,s3","gs.US,ncbi.public,s3.us-east-1",SRX764533,GSM1550854,Illumina HiSeq 2000,PAIRED,ChIP,GENOMIC,Homo sapiens,ILLUMINA,2015-08-20T00:00:00Z,GSM1550854,Lymphoblastoid Cell Line,SRP050082,H3K27AC
SRR1658174,ChIP-Seq,202,5862699530,PRJNA268086,SAMN03202897,3984305450,GM19190,GEO,public,"fastq,sra","gs,ncbi,s3","gs.US,ncbi.public,s3.us-east-1",SRX764534,GSM1550855,Illumina HiSeq 2000,PAIRED,ChIP,GENOMIC,Homo sapiens,ILLUMINA,2015-08-20T00:00:00Z,GSM1550855,Lymphoblastoid Cell Line,SRP050082,H3K4ME3
SRR1658175,ChIP-Seq,202,5752326124,PRJNA268086,SAMN03202871,3746398380,GM19190,GEO,public,"fastq,sra","gs,ncbi,s3","gs.US,ncbi.public,s3.us-east-1",SRX764535,GSM1550856,Illumina HiSeq 2000,PAIRED,ChIP,GENOMIC,Homo sapiens,ILLUMINA,2015-08-20T00:00:00Z,GSM1550856,Lymphoblastoid Cell Line,SRP050082,H3K4ME1
SRR1658176,ChIP-Seq,202,6464712858,PRJNA268086,SAMN03202845,4236509478,GM18507,GEO,public,"fastq,sra","gs,ncbi,s3","gs.US,ncbi.public,s3.us-east-1",SRX764536,GSM1550857,Illumina HiSeq 2000,PAIRED,ChIP,GENOMIC,Homo sapiens,ILLUMINA,2015-08-20T00:00:00Z,GSM1550857,Lymphoblastoid Cell Line,SRP050082,H3K27AC
SRR1658177,ChIP-Seq,202,5760354008,PRJNA268086,SAMN03202866,3781905292,GM19137,GEO,public,"fastq,sra","gs,ncbi,s3","gs.US,ncbi.public,s3.us-east-1",SRX764537,GSM1550858,Illumina HiSeq 2000,PAIRED,ChIP,GENOMIC,Homo sapiens,ILLUMINA,2015-08-20T00:00:00Z,GSM1550858,Lymphoblastoid Cell Line,SRP050082,H3K27AC
SRR1658178,ChIP-Seq,202,6929172266,PRJNA268086,SAMN03202872,4719740918,GM19147,GEO,public,"fastq,sra","gs,ncbi,s3","gs.US,ncbi.public,s3.us-east-1",SRX764538,GSM1550859,Illumina HiSeq 2000,PAIRED,ChIP,GENOMIC,Homo sapiens,ILLUMINA,2015-08-20T00:00:00Z,GSM1550859,Lymphoblastoid Cell Line,SRP050082,H3K4ME3
SRR1658179,ChIP-Seq,202,5971127070,PRJNA268086,SAMN03202895,3935536640,GM18520,GEO,public,"fastq,sra","gs,ncbi,s3","gs.US,ncbi.public,s3.us-east-1",SRX764539,GSM1550860,Illumina HiSeq 2000,PAIRED,ChIP,GENOMIC,Homo sapiens,ILLUMINA,2015-08-20T00:00:00Z,GSM1550860,Lymphoblastoid Cell Line,SRP050082,H3K4ME1
SRR1658180,ChIP-Seq,202,6141888376,PRJNA268086,SAMN03202859,4150272638,GM18520,GEO,public,"fastq,sra","gs,ncbi,s3","gs.US,ncbi.public,s3.us-east-1",SRX764540,GSM1550861,Illumina HiSeq 2000,PAIRED,ChIP,GENOMIC,Homo sapiens,ILLUMINA,2015-08-20T00:00:00Z,GSM1550861,Lymphoblastoid Cell Line,SRP050082,H3K4ME3
SRR1658181,ChIP-Seq,202,6177850638,PRJNA268086,SAMN03202850,4082122912,GM19190,GEO,public,"fastq,sra","gs,ncbi,s3","gs.US,ncbi.public,s3.us-east-1",SRX764541,GSM1550862,Illumina HiSeq 2000,PAIRED,ChIP,GENOMIC,Homo sapiens,ILLUMINA,2015-08-20T00:00:00Z,GSM1550862,Lymphoblastoid Cell Line,SRP050082,H3K27AC
SRR1658182,ChIP-Seq,202,6998825300,PRJNA268086,SAMN03202882,4587120604,GM18501,GEO,public,"fastq,sra","gs,ncbi,s3","gs.US,ncbi.public,s3.us-east-1",SRX764542,GSM1550863,Illumina HiSeq 2000,PAIRED,ChIP,GENOMIC,Homo sapiens,ILLUMINA,2015-08-20T00:00:00Z,GSM1550863,Lymphoblastoid Cell Line,SRP050082,H3K27AC
SRR1658183,ChIP-Seq,202,6058413492,PRJNA268086,SAMN03202842,4021607469,GM18520,GEO,public,"fastq,sra","gs,ncbi,s3","gs.US,ncbi.public,s3.us-east-1",SRX764543,GSM1550864,Illumina HiSeq 2000,PAIRED,ChIP,GENOMIC,Homo sapiens,ILLUMINA,2015-08-20T00:00:00Z,GSM1550864,Lymphoblastoid Cell Line,SRP050082,H3K27AC
SRR1658184,ChIP-Seq,202,5718131160,PRJNA268086,SAMN03202860,3627027561,GM18499,GEO,public,"fastq,sra","gs,ncbi,s3","gs.US,ncbi.public,s3.us-east-1",SRX764544,GSM1550865,Illumina HiSeq 2000,PAIRED,ChIP,GENOMIC,Homo sapiens,ILLUMINA,2015-08-20T00:00:00Z,GSM1550865,Lymphoblastoid Cell Line,SRP050082,H3K27AC
SRR1658185,ChIP-Seq,202,5593973678,PRJNA268086,SAMN03202870,3740815998,GM19171,GEO,public,"fastq,sra","gs,ncbi,s3","gs.US,ncbi.public,s3.us-east-1",SRX764545,GSM1550866,Illumina HiSeq 2000,PAIRED,ChIP,GENOMIC,Homo sapiens,ILLUMINA,2015-08-20T00:00:00Z,GSM1550866,Lymphoblastoid Cell Line,SRP050082,H3K4ME1
SRR1658186,ChIP-Seq,202,6382251206,PRJNA268086,SAMN03202851,4348067810,GM19171,GEO,public,"fastq,sra","gs,ncbi,s3","gs.US,ncbi.public,s3.us-east-1",SRX764546,GSM1550867,Illumina HiSeq 2000,PAIRED,ChIP,GENOMIC,Homo sapiens,ILLUMINA,2015-08-20T00:00:00Z,GSM1550867,Lymphoblastoid Cell Line,SRP050082,H3K4ME3
SRR1658187,ChIP-Seq,202,5597489286,PRJNA268086,SAMN03202855,3599970513,GM19131,GEO,public,"fastq,sra","gs,ncbi,s3","gs.US,ncbi.public,s3.us-east-1",SRX764547,GSM1550868,Illumina HiSeq 2000,PAIRED,ChIP,GENOMIC,Homo sapiens,ILLUMINA,2015-08-20T00:00:00Z,GSM1550868,Lymphoblastoid Cell Line,SRP050082,H3K4ME1
SRR1658188,ChIP-Seq,202,6438299136,PRJNA268086,SAMN03202886,4482891817,GM19131,GEO,public,"fastq,sra","gs,ncbi,s3","gs.US,ncbi.public,s3.us-east-1",SRX764548,GSM1550869,Illumina HiSeq 2000,PAIRED,ChIP,GENOMIC,Homo sapiens,ILLUMINA,2015-08-20T00:00:00Z,GSM1550869,Lymphoblastoid Cell Line,SRP050082,H3K4ME3
SRR1658189,ChIP-Seq,202,5388566948,PRJNA268086,SAMN03202861,3876521088,GM18907,GEO,public,"fastq,sra","gs,ncbi,s3","gs.US,ncbi.public,s3.us-east-1",SRX764549,GSM1550870,Illumina HiSeq 2000,PAIRED,ChIP,GENOMIC,Homo sapiens,ILLUMINA,2015-08-20T00:00:00Z,GSM1550870,Lymphoblastoid Cell Line,SRP050082,H3K4ME1
SRR1658190,ChIP-Seq,202,5612537478,PRJNA268086,SAMN03202876,3770206897,GM18907,GEO,public,"fastq,sra","gs,ncbi,s3","gs.US,ncbi.public,s3.us-east-1",SRX764550,GSM1550871,Illumina HiSeq 2000,PAIRED,ChIP,GENOMIC,Homo sapiens,ILLUMINA,2015-08-20T00:00:00Z,GSM1550871,Lymphoblastoid Cell Line,SRP050082,H3K4ME3
SRR1658191,ChIP-Seq,202,5461822450,PRJNA268086,SAMN03202863,3694106835,GM18523,GEO,public,"fastq,sra","gs,ncbi,s3","gs.US,ncbi.public,s3.us-east-1",SRX764551,GSM1550872,Illumina HiSeq 2000,PAIRED,ChIP,GENOMIC,Homo sapiens,ILLUMINA,2015-08-20T00:00:00Z,GSM1550872,Lymphoblastoid Cell Line,SRP050082,H3K27AC
SRR1658192,ChIP-Seq,202,6460944750,PRJNA268086,SAMN03202883,4329407265,GM19160,GEO,public,"fastq,sra","gs,ncbi,s3","gs.US,ncbi.public,s3.us-east-1",SRX764552,GSM1550873,Illumina HiSeq 2000,PAIRED,ChIP,GENOMIC,Homo sapiens,ILLUMINA,2015-08-20T00:00:00Z,GSM1550873,Lymphoblastoid Cell Line,SRP050082,H3K27AC
SRR1658193,ChIP-Seq,202,6043216628,PRJNA268086,SAMN03202864,4225024610,GM18523,GEO,public,"fastq,sra","gs,ncbi,s3","gs.US,ncbi.public,s3.us-east-1",SRX764553,GSM1550874,Illumina HiSeq 2000,PAIRED,ChIP,GENOMIC,Homo sapiens,ILLUMINA,2015-08-20T00:00:00Z,GSM1550874,Lymphoblastoid Cell Line,SRP050082,H3K4ME3
SRR1658194,ChIP-Seq,202,4351361790,PRJNA268086,SAMN03202873,2914659692,GM18523,GEO,public,"fastq,sra","gs,ncbi,s3","gs.US,ncbi.public,s3.us-east-1",SRX764554,GSM1550875,Illumina HiSeq 2000,PAIRED,ChIP,GENOMIC,Homo sapiens,ILLUMINA,2015-08-20T00:00:00Z,GSM1550875,Lymphoblastoid Cell Line,SRP050082,H3K4ME1
SRR1658195,ChIP-Seq,202,6849677186,PRJNA268086,SAMN03202869,4814905579,GM19222,GEO,public,"fastq,sra","gs,ncbi,s3","gs.US,ncbi.public,s3.us-east-1",SRX764555,GSM1550876,Illumina HiSeq 2000,PAIRED,ChIP,GENOMIC,Homo sapiens,ILLUMINA,2015-08-20T00:00:00Z,GSM1550876,Lymphoblastoid Cell Line,SRP050082,H3K4ME3
SRR1658196,ChIP-Seq,202,6019209534,PRJNA268086,SAMN03202867,4089227936,GM18912,GEO,public,"fastq,sra","gs,ncbi,s3","gs.US,ncbi.public,s3.us-east-1",SRX764556,GSM1550877,Illumina HiSeq 2000,PAIRED,ChIP,GENOMIC,Homo sapiens,ILLUMINA,2015-08-20T00:00:00Z,GSM1550877,Lymphoblastoid Cell Line,SRP050082,H3K4ME3
SRR1658197,ChIP-Seq,202,5768205344,PRJNA268086,SAMN03202764,3812402434,GM19152,GEO,public,"fastq,sra","gs,ncbi,s3","gs.US,ncbi.public,s3.us-east-1",SRX764557,GSM1550878,Illumina HiSeq 2000,PAIRED,ChIP,GENOMIC,Homo sapiens,ILLUMINA,2015-08-20T00:00:00Z,GSM1550878,Lymphoblastoid Cell Line,SRP050082,H3K27AC
SRR1658198,ChIP-Seq,202,5899233250,PRJNA268086,SAMN03202770,3835168894,GM18912,GEO,public,"fastq,sra","gs,ncbi,s3","gs.US,ncbi.public,s3.us-east-1",SRX764558,GSM1550879,Illumina HiSeq 2000,PAIRED,ChIP,GENOMIC,Homo sapiens,ILLUMINA,2015-08-20T00:00:00Z,GSM1550879,Lymphoblastoid Cell Line,SRP050082,H3K4ME1
SRR1658199,ChIP-Seq,202,5734758386,PRJNA268086,SAMN03202759,3885947068,GM19098,GEO,public,"fastq,sra","gs,ncbi,s3","gs.US,ncbi.public,s3.us-east-1",SRX764559,GSM1550880,Illumina HiSeq 2000,PAIRED,ChIP,GENOMIC,Homo sapiens,ILLUMINA,2015-08-20T00:00:00Z,GSM1550880,Lymphoblastoid Cell Line,SRP050082,H3K4ME3
SRR1658200,ChIP-Seq,202,6081422504,PRJNA268086,SAMN03202846,3948883392,GM19098,GEO,public,"fastq,sra","gs,ncbi,s3","gs.US,ncbi.public,s3.us-east-1",SRX764560,GSM1550881,Illumina HiSeq 2000,PAIRED,ChIP,GENOMIC,Homo sapiens,ILLUMINA,2015-08-20T00:00:00Z,GSM1550881,Lymphoblastoid Cell Line,SRP050082,H3K4ME1
SRR1658201,ChIP-Seq,202,4851568532,PRJNA268086,SAMN03202889,3200615767,GM18912,GEO,public,"fastq,sra","gs,ncbi,s3","gs.US,ncbi.public,s3.us-east-1",SRX764561,GSM1550882,Illumina HiSeq 2000,PAIRED,ChIP,GENOMIC,Homo sapiens,ILLUMINA,2015-08-20T00:00:00Z,GSM1550882,Lymphoblastoid Cell Line,SRP050082,H3K27AC
SRR1658202,ChIP-Seq,202,5938873932,PRJNA268086,SAMN03202894,4003662835,GM19116,GEO,public,"fastq,sra","gs,ncbi,s3","gs.US,ncbi.public,s3.us-east-1",SRX764562,GSM1550883,Illumina HiSeq 2000,PAIRED,ChIP,GENOMIC,Homo sapiens,ILLUMINA,2015-08-20T00:00:00Z,GSM1550883,Lymphoblastoid Cell Line,SRP050082,H3K27AC
SRR1658203,ChIP-Seq,202,6538784844,PRJNA268086,SAMN03202810,4565902689,GM19119,GEO,public,"fastq,sra","gs,ncbi,s3","gs.US,ncbi.public,s3.us-east-1",SRX764563,GSM1550884,Illumina HiSeq 2000,PAIRED,ChIP,GENOMIC,Homo sapiens,ILLUMINA,2015-08-20T00:00:00Z,GSM1550884,Lymphoblastoid Cell Line,SRP050082,H3K4ME3
SRR1658204,ChIP-Seq,202,5739710820,PRJNA268086,SAMN03202742,3827043411,GM19119,GEO,public,"fastq,sra","gs,ncbi,s3","gs.US,ncbi.public,s3.us-east-1",SRX764564,GSM1550885,Illumina HiSeq 2000,PAIRED,ChIP,GENOMIC,Homo sapiens,ILLUMINA,2015-08-20T00:00:00Z,GSM1550885,Lymphoblastoid Cell Line,SRP050082,H3K4ME1
SRR1658205,ChIP-Seq,202,5543163608,PRJNA268086,SAMN03202692,3660403377,GM18517,GEO,public,"fastq,sra","gs,ncbi,s3","gs.US,ncbi.public,s3.us-east-1",SRX764565,GSM1550886,Illumina HiSeq 2000,PAIRED,ChIP,GENOMIC,Homo sapiens,ILLUMINA,2015-08-20T00:00:00Z,GSM1550886,Lymphoblastoid Cell Line,SRP050082,H3K27AC
SRR1658206,ChIP-Seq,202,6514806838,PRJNA268086,SAMN03202780,4279562697,GM18502,GEO,public,"fastq,sra","gs,ncbi,s3","gs.US,ncbi.public,s3.us-east-1",SRX764566,GSM1550887,Illumina HiSeq 2000,PAIRED,ChIP,GENOMIC,Homo sapiens,ILLUMINA,2015-08-20T00:00:00Z,GSM1550887,Lymphoblastoid Cell Line,SRP050082,H3K4ME1
SRR1658207,ChIP-Seq,202,5954282290,PRJNA268086,SAMN03202678,3892969749,GM19200,GEO,public,"fastq,sra","gs,ncbi,s3","gs.US,ncbi.public,s3.us-east-1",SRX764567,GSM1550888,Illumina HiSeq 2000,PAIRED,ChIP,GENOMIC,Homo sapiens,ILLUMINA,2015-08-20T00:00:00Z,GSM1550888,Lymphoblastoid Cell Line,SRP050082,H3K4ME3
SRR1658208,ChIP-Seq,202,6448288642,PRJNA268086,SAMN03202809,4385328240,GM19119,GEO,public,"fastq,sra","gs,ncbi,s3","gs.US,ncbi.public,s3.us-east-1",SRX764568,GSM1550889,Illumina HiSeq 2000,PAIRED,ChIP,GENOMIC,Homo sapiens,ILLUMINA,2015-08-20T00:00:00Z,GSM1550889,Lymphoblastoid Cell Line,SRP050082,H3K27AC
SRR1658209,ChIP-Seq,202,5615787658,PRJNA268086,SAMN03202833,3739076876,GM19200,GEO,public,"fastq,sra","gs,ncbi,s3","gs.US,ncbi.public,s3.us-east-1",SRX764569,GSM1550890,Illumina HiSeq 2000,PAIRED,ChIP,GENOMIC,Homo sapiens,ILLUMINA,2015-08-20T00:00:00Z,GSM1550890,Lymphoblastoid Cell Line,SRP050082,H3K4ME1
SRR1658210,ChIP-Seq,202,6811705832,PRJNA268086,SAMN03202698,4501113561,GM19114,GEO,public,"fastq,sra","gs,ncbi,s3","gs.US,ncbi.public,s3.us-east-1",SRX764570,GSM1550891,Illumina HiSeq 2000,PAIRED,ChIP,GENOMIC,Homo sapiens,ILLUMINA,2015-08-20T00:00:00Z,GSM1550891,Lymphoblastoid Cell Line,SRP050082,H3K27AC
SRR1658211,ChIP-Seq,202,5468569654,PRJNA268086,SAMN03202775,3599486490,GM19209,GEO,public,"fastq,sra","gs,ncbi,s3","gs.US,ncbi.public,s3.us-east-1",SRX764571,GSM1550892,Illumina HiSeq 2000,PAIRED,ChIP,GENOMIC,Homo sapiens,ILLUMINA,2015-08-20T00:00:00Z,GSM1550892,Lymphoblastoid Cell Line,SRP050082,H3K4ME3
SRR1658212,ChIP-Seq,202,5206193874,PRJNA268086,SAMN03202685,3509567266,GM19209,GEO,public,"fastq,sra","gs,ncbi,s3","gs.US,ncbi.public,s3.us-east-1",SRX764572,GSM1550893,Illumina HiSeq 2000,PAIRED,ChIP,GENOMIC,Homo sapiens,ILLUMINA,2015-08-20T00:00:00Z,GSM1550893,Lymphoblastoid Cell Line,SRP050082,H3K4ME1
SRR1658213,ChIP-Seq,202,6697865096,PRJNA268086,SAMN03202786,4665428369,GM19160,GEO,public,"fastq,sra","gs,ncbi,s3","gs.US,ncbi.public,s3.us-east-1",SRX764573,GSM1550894,Illumina HiSeq 2000,PAIRED,ChIP,GENOMIC,Homo sapiens,ILLUMINA,2015-08-20T00:00:00Z,GSM1550894,Lymphoblastoid Cell Line,SRP050082,H3K4ME3
SRR1658214,ChIP-Seq,202,5726446288,PRJNA268086,SAMN03202755,3772272028,GM19209,GEO,public,"fastq,sra","gs,ncbi,s3","gs.US,ncbi.public,s3.us-east-1",SRX764574,GSM1550895,Illumina HiSeq 2000,PAIRED,ChIP,GENOMIC,Homo sapiens,ILLUMINA,2015-08-20T00:00:00Z,GSM1550895,Lymphoblastoid Cell Line,SRP050082,H3K27AC
SRR1658215,ChIP-Seq,202,5908683416,PRJNA268086,SAMN03202769,3981031780,GM19171,GEO,public,"fastq,sra","gs,ncbi,s3","gs.US,ncbi.public,s3.us-east-1",SRX764575,GSM1550896,Illumina HiSeq 2000,PAIRED,ChIP,GENOMIC,Homo sapiens,ILLUMINA,2015-08-20T00:00:00Z,GSM1550896,Lymphoblastoid Cell Line,SRP050082,H3K27AC
SRR1658216,ChIP-Seq,202,5051318656,PRJNA268086,SAMN03202829,3273298924,GM18861,GEO,public,"fastq,sra","gs,ncbi,s3","gs.US,ncbi.public,s3.us-east-1",SRX764576,GSM1550897,Illumina HiSeq 2000,PAIRED,ChIP,GENOMIC,Homo sapiens,ILLUMINA,2015-08-20T00:00:00Z,GSM1550897,Lymphoblastoid Cell Line,SRP050082,H3K4ME1
SRR1658217,ChIP-Seq,202,6792978816,PRJNA268086,SAMN03202830,4612871133,GM18916,GEO,public,"fastq,sra","gs,ncbi,s3","gs.US,ncbi.public,s3.us-east-1",SRX764577,GSM1550898,Illumina HiSeq 2000,PAIRED,ChIP,GENOMIC,Homo sapiens,ILLUMINA,2015-08-20T00:00:00Z,GSM1550898,Lymphoblastoid Cell Line,SRP050082,H3K4ME3
SRR1658218,ChIP-Seq,202,5744297836,PRJNA268086,SAMN03202817,3920381642,GM18861,GEO,public,"fastq,sra","gs,ncbi,s3","gs.US,ncbi.public,s3.us-east-1",SRX764578,GSM1550899,Illumina HiSeq 2000,PAIRED,ChIP,GENOMIC,Homo sapiens,ILLUMINA,2015-08-20T00:00:00Z,GSM1550899,Lymphoblastoid Cell Line,SRP050082,H3K4ME3
SRR1658219,ChIP-Seq,202,5919078336,PRJNA268086,SAMN03202776,3961158068,GM18916,GEO,public,"fastq,sra","gs,ncbi,s3","gs.US,ncbi.public,s3.us-east-1",SRX764579,GSM1550900,Illumina HiSeq 2000,PAIRED,ChIP,GENOMIC,Homo sapiens,ILLUMINA,2015-08-20T00:00:00Z,GSM1550900,Lymphoblastoid Cell Line,SRP050082,H3K4ME1
SRR1658220,ChIP-Seq,202,5633767880,PRJNA268086,SAMN03202819,3761320359,GM18510,GEO,public,"fastq,sra","gs,ncbi,s3","gs.US,ncbi.public,s3.us-east-1",SRX764580,GSM1550901,Illumina HiSeq 2000,PAIRED,ChIP,GENOMIC,Homo sapiens,ILLUMINA,2015-08-20T00:00:00Z,GSM1550901,Lymphoblastoid Cell Line,SRP050082,H3K4ME1
SRR1658221,ChIP-Seq,202,6639030980,PRJNA268086,SAMN03202745,4352029631,GM18510,GEO,public,"fastq,sra","gs,ncbi,s3","gs.US,ncbi.public,s3.us-east-1",SRX764581,GSM1550902,Illumina HiSeq 2000,PAIRED,ChIP,GENOMIC,Homo sapiens,ILLUMINA,2015-08-20T00:00:00Z,GSM1550902,Lymphoblastoid Cell Line,SRP050082,H3K4ME3
SRR1658222,ChIP-Seq,202,5650619730,PRJNA268086,SAMN03202800,3856398205,GM19137,GEO,public,"fastq,sra","gs,ncbi,s3","gs.US,ncbi.public,s3.us-east-1",SRX764582,GSM1550903,Illumina HiSeq 2000,PAIRED,ChIP,GENOMIC,Homo sapiens,ILLUMINA,2015-08-20T00:00:00Z,GSM1550903,Lymphoblastoid Cell Line,SRP050082,H3K4ME3
SRR1658223,ChIP-Seq,202,4329724358,PRJNA268086,SAMN03202758,2816400698,GM19137,GEO,public,"fastq,sra","gs,ncbi,s3","gs.US,ncbi.public,s3.us-east-1",SRX764583,GSM1550904,Illumina HiSeq 2000,PAIRED,ChIP,GENOMIC,Homo sapiens,ILLUMINA,2015-08-20T00:00:00Z,GSM1550904,Lymphoblastoid Cell Line,SRP050082,H3K4ME1
SRR1658224,ChIP-Seq,202,7403418574,PRJNA268086,SAMN03202773,4898709984,GM18499,GEO,public,"fastq,sra","gs,ncbi,s3","gs.US,ncbi.public,s3.us-east-1",SRX764584,GSM1550905,Illumina HiSeq 2000,PAIRED,ChIP,GENOMIC,Homo sapiens,ILLUMINA,2015-08-20T00:00:00Z,GSM1550905,Lymphoblastoid Cell Line,SRP050082,H3K27AC
SRR1658225,ChIP-Seq,202,6730741202,PRJNA268086,SAMN03202712,4525629846,GM18489,GEO,public,"fastq,sra","gs,ncbi,s3","gs.US,ncbi.public,s3.us-east-1",SRX764585,GSM1550906,Illumina HiSeq 2000,PAIRED,ChIP,GENOMIC,Homo sapiens,ILLUMINA,2015-08-20T00:00:00Z,GSM1550906,Lymphoblastoid Cell Line,SRP050082,H3K4ME3
SRR1658226,ChIP-Seq,202,6385883570,PRJNA268086,SAMN03202736,4209811380,GM18489,GEO,public,"fastq,sra","gs,ncbi,s3","gs.US,ncbi.public,s3.us-east-1",SRX764586,GSM1550907,Illumina HiSeq 2000,PAIRED,ChIP,GENOMIC,Homo sapiens,ILLUMINA,2015-08-20T00:00:00Z,GSM1550907,Lymphoblastoid Cell Line,SRP050082,H3K4ME1
SRR1658227,ChIP-Seq,202,6089495232,PRJNA268086,SAMN03202826,3855971583,GM18504,GEO,public,"fastq,sra","gs,ncbi,s3","gs.US,ncbi.public,s3.us-east-1",SRX764587,GSM1550908,Illumina HiSeq 2000,PAIRED,ChIP,GENOMIC,Homo sapiens,ILLUMINA,2015-08-20T00:00:00Z,GSM1550908,Lymphoblastoid Cell Line,SRP050082,H3K27AC
SRR1658228,ChIP-Seq,202,6090030532,PRJNA268086,SAMN03202688,3869849035,GM18870,GEO,public,"fastq,sra","gs,ncbi,s3","gs.US,ncbi.public,s3.us-east-1",SRX764588,GSM1550909,Illumina HiSeq 2000,PAIRED,ChIP,GENOMIC,Homo sapiens,ILLUMINA,2015-08-20T00:00:00Z,GSM1550909,Lymphoblastoid Cell Line,SRP050082,H3K27AC
SRR1658229,ChIP-Seq,202,6287556636,PRJNA268086,SAMN03202697,4192840238,GM18501,GEO,public,"fastq,sra","gs,ncbi,s3","gs.US,ncbi.public,s3.us-east-1",SRX764589,GSM1550910,Illumina HiSeq 2000,PAIRED,ChIP,GENOMIC,Homo sapiens,ILLUMINA,2015-08-20T00:00:00Z,GSM1550910,Lymphoblastoid Cell Line,SRP050082,H3K27AC
SRR1658230,ChIP-Seq,202,5682941548,PRJNA268086,SAMN03202723,3763720957,GM19093,GEO,public,"fastq,sra","gs,ncbi,s3","gs.US,ncbi.public,s3.us-east-1",SRX764590,GSM1550911,Illumina HiSeq 2000,PAIRED,ChIP,GENOMIC,Homo sapiens,ILLUMINA,2015-08-20T00:00:00Z,GSM1550911,Lymphoblastoid Cell Line,SRP050082,H3K4ME1
SRR1658231,ChIP-Seq,202,5062007486,PRJNA268086,SAMN03202823,3235882062,GM18502,GEO,public,"fastq,sra","gs,ncbi,s3","gs.US,ncbi.public,s3.us-east-1",SRX764591,GSM1550912,Illumina HiSeq 2000,PAIRED,ChIP,GENOMIC,Homo sapiens,ILLUMINA,2015-08-20T00:00:00Z,GSM1550912,Lymphoblastoid Cell Line,SRP050082,H3K4ME1
SRR1658232,ChIP-Seq,202,6237545678,PRJNA268086,SAMN03202730,4093785439,GM18861,GEO,public,"fastq,sra","gs,ncbi,s3","gs.US,ncbi.public,s3.us-east-1",SRX764592,GSM1550913,Illumina HiSeq 2000,PAIRED,ChIP,GENOMIC,Homo sapiens,ILLUMINA,2015-08-20T00:00:00Z,GSM1550913,Lymphoblastoid Cell Line,SRP050082,H3K27AC
SRR1658233,ChIP-Seq,202,6231228734,PRJNA268086,SAMN03202739,4155060815,GM18502,GEO,public,"fastq,sra","gs,ncbi,s3","gs.US,ncbi.public,s3.us-east-1",SRX764593,GSM1550914,Illumina HiSeq 2000,PAIRED,ChIP,GENOMIC,Homo sapiens,ILLUMINA,2015-08-20T00:00:00Z,GSM1550914,Lymphoblastoid Cell Line,SRP050082,H3K4ME3
SRR1658234,ChIP-Seq,202,5997979334,PRJNA268086,SAMN03202766,4057529250,GM19093,GEO,public,"fastq,sra","gs,ncbi,s3","gs.US,ncbi.public,s3.us-east-1",SRX764594,GSM1550915,Illumina HiSeq 2000,PAIRED,ChIP,GENOMIC,Homo sapiens,ILLUMINA,2015-08-20T00:00:00Z,GSM1550915,Lymphoblastoid Cell Line,SRP050082,H3K4ME3
SRR1658235,ChIP-Seq,202,5423309332,PRJNA268086,SAMN03202691,3408823241,GM18507,GEO,public,"fastq,sra","gs,ncbi,s3","gs.US,ncbi.public,s3.us-east-1",SRX764595,GSM1550916,Illumina HiSeq 2000,PAIRED,ChIP,GENOMIC,Homo sapiens,ILLUMINA,2015-08-20T00:00:00Z,GSM1550916,Lymphoblastoid Cell Line,SRP050082,H3K4ME1
SRR1658236,ChIP-Seq,202,5076491088,PRJNA268086,SAMN03202789,3231633604,GM18499,GEO,public,"fastq,sra","gs,ncbi,s3","gs.US,ncbi.public,s3.us-east-1",SRX764596,GSM1550917,Illumina HiSeq 2000,PAIRED,ChIP,GENOMIC,Homo sapiens,ILLUMINA,2015-08-20T00:00:00Z,GSM1550917,Lymphoblastoid Cell Line,SRP050082,H3K4ME1
SRR1658237,ChIP-Seq,202,6004232244,PRJNA268086,SAMN03202675,3999427130,GM18499,GEO,public,"fastq,sra","gs,ncbi,s3","gs.US,ncbi.public,s3.us-east-1",SRX764597,GSM1550918,Illumina HiSeq 2000,PAIRED,ChIP,GENOMIC,Homo sapiens,ILLUMINA,2015-08-20T00:00:00Z,GSM1550918,Lymphoblastoid Cell Line,SRP050082,H3K4ME3
SRR1658238,ChIP-Seq,202,5332389536,PRJNA268086,SAMN03202763,3419469785,GM19114,GEO,public,"fastq,sra","gs,ncbi,s3","gs.US,ncbi.public,s3.us-east-1",SRX764598,GSM1550919,Illumina HiSeq 2000,PAIRED,ChIP,GENOMIC,Homo sapiens,ILLUMINA,2015-08-20T00:00:00Z,GSM1550919,Lymphoblastoid Cell Line,SRP050082,H3K4ME3
SRR1658239,ChIP-Seq,202,5894017004,PRJNA268086,SAMN03202709,3848851338,GM19114,GEO,public,"fastq,sra","gs,ncbi,s3","gs.US,ncbi.public,s3.us-east-1",SRX764599,GSM1550920,Illumina HiSeq 2000,PAIRED,ChIP,GENOMIC,Homo sapiens,ILLUMINA,2015-08-20T00:00:00Z,GSM1550920,Lymphoblastoid Cell Line,SRP050082,H3K4ME1
SRR1658240,ChIP-Seq,202,6807837330,PRJNA268086,SAMN03202729,4637431368,GM19147,GEO,public,"fastq,sra","gs,ncbi,s3","gs.US,ncbi.public,s3.us-east-1",SRX764600,GSM1550921,Illumina HiSeq 2000,PAIRED,ChIP,GENOMIC,Homo sapiens,ILLUMINA,2015-08-20T00:00:00Z,GSM1550921,Lymphoblastoid Cell Line,SRP050082,H3K27AC
SRR1658241,ChIP-Seq,202,6117049042,PRJNA268086,SAMN03202687,4096819374,GM18507,GEO,public,"fastq,sra","gs,ncbi,s3","gs.US,ncbi.public,s3.us-east-1",SRX764601,GSM1550922,Illumina HiSeq 2000,PAIRED,ChIP,GENOMIC,Homo sapiens,ILLUMINA,2015-08-20T00:00:00Z,GSM1550922,Lymphoblastoid Cell Line,SRP050082,H3K4ME3
SRR1658242,ChIP-Seq,202,6630383966,PRJNA268086,SAMN03202756,4459033865,GM18522,GEO,public,"fastq,sra","gs,ncbi,s3","gs.US,ncbi.public,s3.us-east-1",SRX764602,GSM1550923,Illumina HiSeq 2000,PAIRED,ChIP,GENOMIC,Homo sapiens,ILLUMINA,2015-08-20T00:00:00Z,GSM1550923,Lymphoblastoid Cell Line,SRP050082,H3K27AC
SRR1658243,ChIP-Seq,202,6086359990,PRJNA268086,SAMN03202748,4022544954,GM19098,GEO,public,"fastq,sra","gs,ncbi,s3","gs.US,ncbi.public,s3.us-east-1",SRX764603,GSM1550924,Illumina HiSeq 2000,PAIRED,ChIP,GENOMIC,Homo sapiens,ILLUMINA,2015-08-20T00:00:00Z,GSM1550924,Lymphoblastoid Cell Line,SRP050082,H3K27AC
SRR1658244,ChIP-Seq,202,6051727292,PRJNA268086,SAMN03202699,3853003675,GM18502,GEO,public,"fastq,sra","gs,ncbi,s3","gs.US,ncbi.public,s3.us-east-1",SRX764604,GSM1550925,Illumina HiSeq 2000,PAIRED,ChIP,GENOMIC,Homo sapiens,ILLUMINA,2015-08-20T00:00:00Z,GSM1550925,Lymphoblastoid Cell Line,SRP050082,H3K27AC
SRR1658245,ChIP-Seq,202,5286949434,PRJNA268086,SAMN03202794,3459250147,GM18489,GEO,public,"fastq,sra","gs,ncbi,s3","gs.US,ncbi.public,s3.us-east-1",SRX764605,GSM1550926,Illumina HiSeq 2000,PAIRED,ChIP,GENOMIC,Homo sapiens,ILLUMINA,2015-08-20T00:00:00Z,GSM1550926,Lymphoblastoid Cell Line,SRP050082,H3K27AC
SRR1658246,ChIP-Seq,202,5539557100,PRJNA268086,SAMN03202741,3631288805,GM19204,GEO,public,"fastq,sra","gs,ncbi,s3","gs.US,ncbi.public,s3.us-east-1",SRX764606,GSM1550927,Illumina HiSeq 2000,PAIRED,ChIP,GENOMIC,Homo sapiens,ILLUMINA,2015-08-20T00:00:00Z,GSM1550927,Lymphoblastoid Cell Line,SRP050082,H3K27AC
SRR1658247,ChIP-Seq,202,5372924068,PRJNA268086,SAMN03202822,3532673942,GM18511,GEO,public,"fastq,sra","gs,ncbi,s3","gs.US,ncbi.public,s3.us-east-1",SRX764607,GSM1550928,Illumina HiSeq 2000,PAIRED,ChIP,GENOMIC,Homo sapiens,ILLUMINA,2015-08-20T00:00:00Z,GSM1550928,Lymphoblastoid Cell Line,SRP050082,H3K27AC
SRR1658248,ChIP-Seq,202,6812777442,PRJNA268086,SAMN03202693,4372175722,GM18519,GEO,public,"fastq,sra","gs,ncbi,s3","gs.US,ncbi.public,s3.us-east-1",SRX764608,GSM1550929,Illumina HiSeq 2000,PAIRED,ChIP,GENOMIC,Homo sapiens,ILLUMINA,2015-08-20T00:00:00Z,GSM1550929,Lymphoblastoid Cell Line,SRP050082,H3K4ME1
SRR1658249,ChIP-Seq,202,6229420834,PRJNA268086,SAMN03202720,4000587342,GM19225,GEO,public,"fastq,sra","gs,ncbi,s3","gs.US,ncbi.public,s3.us-east-1",SRX764609,GSM1550930,Illumina HiSeq 2000,PAIRED,ChIP,GENOMIC,Homo sapiens,ILLUMINA,2015-08-20T00:00:00Z,GSM1550930,Lymphoblastoid Cell Line,SRP050082,H3K4ME1
SRR1658250,ChIP-Seq,202,6580889926,PRJNA268086,SAMN03202680,4450564593,GM18519,GEO,public,"fastq,sra","gs,ncbi,s3","gs.US,ncbi.public,s3.us-east-1",SRX764610,GSM1550931,Illumina HiSeq 2000,PAIRED,ChIP,GENOMIC,Homo sapiens,ILLUMINA,2015-08-20T00:00:00Z,GSM1550931,Lymphoblastoid Cell Line,SRP050082,H3K4ME3
SRR1658251,ChIP-Seq,202,5903507166,PRJNA268086,SAMN03202695,3993616694,GM19225,GEO,public,"fastq,sra","gs,ncbi,s3","gs.US,ncbi.public,s3.us-east-1",SRX764611,GSM1550932,Illumina HiSeq 2000,PAIRED,ChIP,GENOMIC,Homo sapiens,ILLUMINA,2015-08-20T00:00:00Z,GSM1550932,Lymphoblastoid Cell Line,SRP050082,H3K4ME3
SRR1658252,ChIP-Seq,202,6470326640,PRJNA268086,SAMN03202814,4392426028,GM19099,GEO,public,"fastq,sra","gs,ncbi,s3","gs.US,ncbi.public,s3.us-east-1",SRX764612,GSM1550933,Illumina HiSeq 2000,PAIRED,ChIP,GENOMIC,Homo sapiens,ILLUMINA,2015-08-20T00:00:00Z,GSM1550933,Lymphoblastoid Cell Line,SRP050082,H3K4ME3
SRR1658253,ChIP-Seq,202,6242140168,PRJNA268086,SAMN03202808,4355629301,GM18853,GEO,public,"fastq,sra","gs,ncbi,s3","gs.US,ncbi.public,s3.us-east-1",SRX764613,GSM1550934,Illumina HiSeq 2000,PAIRED,ChIP,GENOMIC,Homo sapiens,ILLUMINA,2015-08-20T00:00:00Z,GSM1550934,Lymphoblastoid Cell Line,SRP050082,H3K4ME3
SRR1658254,ChIP-Seq,202,6072686408,PRJNA268086,SAMN03202671,3932278440,GM19099,GEO,public,"fastq,sra","gs,ncbi,s3","gs.US,ncbi.public,s3.us-east-1",SRX764614,GSM1550935,Illumina HiSeq 2000,PAIRED,ChIP,GENOMIC,Homo sapiens,ILLUMINA,2015-08-20T00:00:00Z,GSM1550935,Lymphoblastoid Cell Line,SRP050082,H3K4ME1
SRR1658255,ChIP-Seq,202,5252122614,PRJNA268086,SAMN03202673,3502520118,GM18853,GEO,public,"fastq,sra","gs,ncbi,s3","gs.US,ncbi.public,s3.us-east-1",SRX764615,GSM1550936,Illumina HiSeq 2000,PAIRED,ChIP,GENOMIC,Homo sapiens,ILLUMINA,2015-08-20T00:00:00Z,GSM1550936,Lymphoblastoid Cell Line,SRP050082,H3K4ME1
SRR1658256,ChIP-Seq,202,5203467278,PRJNA268086,SAMN03202812,3415463539,GM18489,GEO,public,"fastq,sra","gs,ncbi,s3","gs.US,ncbi.public,s3.us-east-1",SRX764616,GSM1550937,Illumina HiSeq 2000,PAIRED,ChIP,GENOMIC,Homo sapiens,ILLUMINA,2015-08-20T00:00:00Z,GSM1550937,Lymphoblastoid Cell Line,SRP050082,H3K4ME1
SRR1658257,ChIP-Seq,202,6375492084,PRJNA268086,SAMN03202838,4253220878,GM18489,GEO,public,"fastq,sra","gs,ncbi,s3","gs.US,ncbi.public,s3.us-east-1",SRX764617,GSM1550938,Illumina HiSeq 2000,PAIRED,ChIP,GENOMIC,Homo sapiens,ILLUMINA,2015-08-20T00:00:00Z,GSM1550938,Lymphoblastoid Cell Line,SRP050082,H3K4ME3
SRR1658258,ChIP-Seq,202,5518417598,PRJNA268086,SAMN03202686,3480633261,GM19130,GEO,public,"fastq,sra","gs,ncbi,s3","gs.US,ncbi.public,s3.us-east-1",SRX764618,GSM1550939,Illumina HiSeq 2000,PAIRED,ChIP,GENOMIC,Homo sapiens,ILLUMINA,2015-08-20T00:00:00Z,GSM1550939,Lymphoblastoid Cell Line,SRP050082,H3K4ME1
SRR1658259,ChIP-Seq,202,5473211816,PRJNA268086,SAMN03202831,3547468821,GM19222,GEO,public,"fastq,sra","gs,ncbi,s3","gs.US,ncbi.public,s3.us-east-1",SRX764619,GSM1550940,Illumina HiSeq 2000,PAIRED,ChIP,GENOMIC,Homo sapiens,ILLUMINA,2015-08-20T00:00:00Z,GSM1550940,Lymphoblastoid Cell Line,SRP050082,H3K4ME1
SRR1658260,ChIP-Seq,202,5595237592,PRJNA268086,SAMN03202796,3771456672,GM19130,GEO,public,"fastq,sra","gs,ncbi,s3","gs.US,ncbi.public,s3.us-east-1",SRX764620,GSM1550941,Illumina HiSeq 2000,PAIRED,ChIP,GENOMIC,Homo sapiens,ILLUMINA,2015-08-20T00:00:00Z,GSM1550941,Lymphoblastoid Cell Line,SRP050082,H3K4ME3
SRR1658261,ChIP-Seq,202,8310596534,PRJNA268086,SAMN03202832,5935328940,GM18499,GEO,public,"fastq,sra","gs,ncbi,s3","gs.US,ncbi.public,s3.us-east-1",SRX764621,GSM1550942,Illumina HiSeq 2000,PAIRED,ChIP,GENOMIC,Homo sapiens,ILLUMINA,2015-08-20T00:00:00Z,GSM1550942,Lymphoblastoid Cell Line,SRP050082,H3K4ME3
SRR1658262,ChIP-Seq,202,7375638928,PRJNA268086,SAMN03202757,4802790314,GM18499,GEO,public,"fastq,sra","gs,ncbi,s3","gs.US,ncbi.public,s3.us-east-1",SRX764622,GSM1550943,Illumina HiSeq 2000,PAIRED,ChIP,GENOMIC,Homo sapiens,ILLUMINA,2015-08-20T00:00:00Z,GSM1550943,Lymphoblastoid Cell Line,SRP050082,H3K4ME1
SRR1658263,ChIP-Seq,202,5978157882,PRJNA268086,SAMN03202724,3799248625,GM19257,GEO,public,"fastq,sra","gs,ncbi,s3","gs.US,ncbi.public,s3.us-east-1",SRX764623,GSM1550944,Illumina HiSeq 2000,PAIRED,ChIP,GENOMIC,Homo sapiens,ILLUMINA,2015-08-20T00:00:00Z,GSM1550944,Lymphoblastoid Cell Line,SRP050082,H3K27AC
SRR1658264,ChIP-Seq,202,7020052672,PRJNA268086,SAMN03202684,4603525955,GM19222,GEO,public,"fastq,sra","gs,ncbi,s3","gs.US,ncbi.public,s3.us-east-1",SRX764624,GSM1550945,Illumina HiSeq 2000,PAIRED,ChIP,GENOMIC,Homo sapiens,ILLUMINA,2015-08-20T00:00:00Z,GSM1550945,Lymphoblastoid Cell Line,SRP050082,H3K27AC
SRR1658265,ChIP-Seq,202,5974079300,PRJNA268086,SAMN03202791,4078198738,GM19147,GEO,public,"fastq,sra","gs,ncbi,s3","gs.US,ncbi.public,s3.us-east-1",SRX764625,GSM1550946,Illumina HiSeq 2000,PAIRED,ChIP,GENOMIC,Homo sapiens,ILLUMINA,2015-08-20T00:00:00Z,GSM1550946,Lymphoblastoid Cell Line,SRP050082,H3K27AC
SRR1658266,ChIP-Seq,202,5798588164,PRJNA268086,SAMN03202744,3867993615,GM18498,GEO,public,"fastq,sra","gs,ncbi,s3","gs.US,ncbi.public,s3.us-east-1",SRX764626,GSM1550947,Illumina HiSeq 2000,PAIRED,ChIP,GENOMIC,Homo sapiens,ILLUMINA,2015-08-20T00:00:00Z,GSM1550947,Lymphoblastoid Cell Line,SRP050082,H3K4ME3
SRR1658267,ChIP-Seq,202,5922962594,PRJNA268086,SAMN03202811,3897694498,GM19130,GEO,public,"fastq,sra","gs,ncbi,s3","gs.US,ncbi.public,s3.us-east-1",SRX764627,GSM1550948,Illumina HiSeq 2000,PAIRED,ChIP,GENOMIC,Homo sapiens,ILLUMINA,2015-08-20T00:00:00Z,GSM1550948,Lymphoblastoid Cell Line,SRP050082,H3K27AC
SRR1658268,ChIP-Seq,202,4967191312,PRJNA268086,SAMN03202801,3269643687,GM18498,GEO,public,"fastq,sra","gs,ncbi,s3","gs.US,ncbi.public,s3.us-east-1",SRX764628,GSM1550949,Illumina HiSeq 2000,PAIRED,ChIP,GENOMIC,Homo sapiens,ILLUMINA,2015-08-20T00:00:00Z,GSM1550949,Lymphoblastoid Cell Line,SRP050082,H3K4ME1
SRR1658269,ChIP-Seq,202,5882687228,PRJNA268086,SAMN03202790,3722060165,GM19200,GEO,public,"fastq,sra","gs,ncbi,s3","gs.US,ncbi.public,s3.us-east-1",SRX764629,GSM1550950,Illumina HiSeq 2000,PAIRED,ChIP,GENOMIC,Homo sapiens,ILLUMINA,2015-08-20T00:00:00Z,GSM1550950,Lymphoblastoid Cell Line,SRP050082,H3K27AC
SRR1658270,ChIP-Seq,202,6572440872,PRJNA268086,SAMN03202674,4346065697,GM19108,GEO,public,"fastq,sra","gs,ncbi,s3","gs.US,ncbi.public,s3.us-east-1",SRX764630,GSM1550951,Illumina HiSeq 2000,PAIRED,ChIP,GENOMIC,Homo sapiens,ILLUMINA,2015-08-20T00:00:00Z,GSM1550951,Lymphoblastoid Cell Line,SRP050082,H3K27AC
SRR1658271,ChIP-Seq,202,5570075664,PRJNA268086,SAMN03202732,3663049614,GM19257,GEO,public,"fastq,sra","gs,ncbi,s3","gs.US,ncbi.public,s3.us-east-1",SRX764631,GSM1550952,Illumina HiSeq 2000,PAIRED,ChIP,GENOMIC,Homo sapiens,ILLUMINA,2015-08-20T00:00:00Z,GSM1550952,Lymphoblastoid Cell Line,SRP050082,H3K4ME3
SRR1658272,ChIP-Seq,202,4959222816,PRJNA268086,SAMN03202828,3325616522,GM19257,GEO,public,"fastq,sra","gs,ncbi,s3","gs.US,ncbi.public,s3.us-east-1",SRX764632,GSM1550953,Illumina HiSeq 2000,PAIRED,ChIP,GENOMIC,Homo sapiens,ILLUMINA,2015-08-20T00:00:00Z,GSM1550953,Lymphoblastoid Cell Line,SRP050082,H3K4ME1
SRR1658273,ChIP-Seq,202,6304593316,PRJNA268086,SAMN03202711,4310768979,GM19147,GEO,public,"fastq,sra","gs,ncbi,s3","gs.US,ncbi.public,s3.us-east-1",SRX764633,GSM1550954,Illumina HiSeq 2000,PAIRED,ChIP,GENOMIC,Homo sapiens,ILLUMINA,2015-08-20T00:00:00Z,GSM1550954,Lymphoblastoid Cell Line,SRP050082,H3K4ME3
SRR1658274,ChIP-Seq,202,5791860958,PRJNA268086,SAMN03202713,3889735978,GM19204,GEO,public,"fastq,sra","gs,ncbi,s3","gs.US,ncbi.public,s3.us-east-1",SRX764634,GSM1550955,Illumina HiSeq 2000,PAIRED,ChIP,GENOMIC,Homo sapiens,ILLUMINA,2015-08-20T00:00:00Z,GSM1550955,Lymphoblastoid Cell Line,SRP050082,H3K4ME3
SRR1658275,ChIP-Seq,202,3451157476,PRJNA268086,SAMN03202717,2264046897,GM19204,GEO,public,"fastq,sra","gs,ncbi,s3","gs.US,ncbi.public,s3.us-east-1",SRX764635,GSM1550956,Illumina HiSeq 2000,PAIRED,ChIP,GENOMIC,Homo sapiens,ILLUMINA,2015-08-20T00:00:00Z,GSM1550956,Lymphoblastoid Cell Line,SRP050082,H3K4ME1
SRR1658276,ChIP-Seq,202,5171976690,PRJNA268086,SAMN03202834,3490535454,GM18508,GEO,public,"fastq,sra","gs,ncbi,s3","gs.US,ncbi.public,s3.us-east-1",SRX764636,GSM1550957,Illumina HiSeq 2000,PAIRED,ChIP,GENOMIC,Homo sapiens,ILLUMINA,2015-08-20T00:00:00Z,GSM1550957,Lymphoblastoid Cell Line,SRP050082,H3K27AC
SRR1658277,ChIP-Seq,202,5716741804,PRJNA268086,SAMN03202767,3749180661,GM19172,GEO,public,"fastq,sra","gs,ncbi,s3","gs.US,ncbi.public,s3.us-east-1",SRX764637,GSM1550958,Illumina HiSeq 2000,PAIRED,ChIP,GENOMIC,Homo sapiens,ILLUMINA,2015-08-20T00:00:00Z,GSM1550958,Lymphoblastoid Cell Line,SRP050082,H3K27AC
SRR1658278,ChIP-Seq,202,6209985404,PRJNA268086,SAMN03202708,4115602235,GM18909,GEO,public,"fastq,sra","gs,ncbi,s3","gs.US,ncbi.public,s3.us-east-1",SRX764638,GSM1550959,Illumina HiSeq 2000,PAIRED,ChIP,GENOMIC,Homo sapiens,ILLUMINA,2015-08-20T00:00:00Z,GSM1550959,Lymphoblastoid Cell Line,SRP050082,H3K27AC
SRR1658279,ChIP-Seq,202,4918852510,PRJNA268086,SAMN03202681,3267131281,GM19160,GEO,public,"fastq,sra","gs,ncbi,s3","gs.US,ncbi.public,s3.us-east-1",SRX764639,GSM1550960,Illumina HiSeq 2000,PAIRED,ChIP,GENOMIC,Homo sapiens,ILLUMINA,2015-08-20T00:00:00Z,GSM1550960,Lymphoblastoid Cell Line,SRP050082,H3K4ME1
SRR1658280,ChIP-Seq,202,5738398224,PRJNA268086,SAMN03202696,3666692045,GM18909,GEO,public,"fastq,sra","gs,ncbi,s3","gs.US,ncbi.public,s3.us-east-1",SRX764640,GSM1550961,Illumina HiSeq 2000,PAIRED,ChIP,GENOMIC,Homo sapiens,ILLUMINA,2015-08-20T00:00:00Z,GSM1550961,Lymphoblastoid Cell Line,SRP050082,H3K4ME3
SRR1658281,ChIP-Seq,202,5986351810,PRJNA268086,SAMN03202670,3889403630,GM18909,GEO,public,"fastq,sra","gs,ncbi,s3","gs.US,ncbi.public,s3.us-east-1",SRX764641,GSM1550962,Illumina HiSeq 2000,PAIRED,ChIP,GENOMIC,Homo sapiens,ILLUMINA,2015-08-20T00:00:00Z,GSM1550962,Lymphoblastoid Cell Line,SRP050082,H3K4ME1
SRR1658282,ChIP-Seq,202,5449440254,PRJNA268086,SAMN03202689,3569939490,GM19138,GEO,public,"fastq,sra","gs,ncbi,s3","gs.US,ncbi.public,s3.us-east-1",SRX764642,GSM1550963,Illumina HiSeq 2000,PAIRED,ChIP,GENOMIC,Homo sapiens,ILLUMINA,2015-08-20T00:00:00Z,GSM1550963,Lymphoblastoid Cell Line,SRP050082,H3K4ME1
SRR1658283,ChIP-Seq,202,4348050202,PRJNA268086,SAMN03202734,2869933366,GM19108,GEO,public,"fastq,sra","gs,ncbi,s3","gs.US,ncbi.public,s3.us-east-1",SRX764643,GSM1550964,Illumina HiSeq 2000,PAIRED,ChIP,GENOMIC,Homo sapiens,ILLUMINA,2015-08-20T00:00:00Z,GSM1550964,Lymphoblastoid Cell Line,SRP050082,H3K4ME1
SRR1658284,ChIP-Seq,202,5851491964,PRJNA268086,SAMN03202694,3999445964,GM19138,GEO,public,"fastq,sra","gs,ncbi,s3","gs.US,ncbi.public,s3.us-east-1",SRX764644,GSM1550965,Illumina HiSeq 2000,PAIRED,ChIP,GENOMIC,Homo sapiens,ILLUMINA,2015-08-20T00:00:00Z,GSM1550965,Lymphoblastoid Cell Line,SRP050082,H3K4ME3
SRR1658285,ChIP-Seq,202,5314441634,PRJNA268086,SAMN03202787,3557774965,GM19108,GEO,public,"fastq,sra","gs,ncbi,s3","gs.US,ncbi.public,s3.us-east-1",SRX764645,GSM1550966,Illumina HiSeq 2000,PAIRED,ChIP,GENOMIC,Homo sapiens,ILLUMINA,2015-08-20T00:00:00Z,GSM1550966,Lymphoblastoid Cell Line,SRP050082,H3K4ME3
SRR1658286,ChIP-Seq,202,6154720022,PRJNA268086,SAMN03202690,4096029161,GM19147,GEO,public,"fastq,sra","gs,ncbi,s3","gs.US,ncbi.public,s3.us-east-1",SRX764646,GSM1550967,Illumina HiSeq 2000,PAIRED,ChIP,GENOMIC,Homo sapiens,ILLUMINA,2015-08-20T00:00:00Z,GSM1550967,Lymphoblastoid Cell Line,SRP050082,H3K4ME1
SRR1658287,ChIP-Seq,202,6466354512,PRJNA268086,SAMN03202726,4299704835,GM18505,GEO,public,"fastq,sra","gs,ncbi,s3","gs.US,ncbi.public,s3.us-east-1",SRX764647,GSM1550968,Illumina HiSeq 2000,PAIRED,ChIP,GENOMIC,Homo sapiens,ILLUMINA,2015-08-20T00:00:00Z,GSM1550968,Lymphoblastoid Cell Line,SRP050082,H3K4ME3
SRR1658288,ChIP-Seq,202,5469485118,PRJNA268086,SAMN03202797,3615046945,GM19138,GEO,public,"fastq,sra","gs,ncbi,s3","gs.US,ncbi.public,s3.us-east-1",SRX764648,GSM1550969,Illumina HiSeq 2000,PAIRED,ChIP,GENOMIC,Homo sapiens,ILLUMINA,2015-08-20T00:00:00Z,GSM1550969,Lymphoblastoid Cell Line,SRP050082,H3K27AC
SRR1658289,ChIP-Seq,202,5672918308,PRJNA268086,SAMN03202702,3491704786,GM18505,GEO,public,"fastq,sra","gs,ncbi,s3","gs.US,ncbi.public,s3.us-east-1",SRX764649,GSM1550970,Illumina HiSeq 2000,PAIRED,ChIP,GENOMIC,Homo sapiens,ILLUMINA,2015-08-20T00:00:00Z,GSM1550970,Lymphoblastoid Cell Line,SRP050082,H3K4ME1
SRR1658290,ChIP-Seq,202,5222454874,PRJNA268086,SAMN03202824,3494623687,GM19116,GEO,public,"fastq,sra","gs,ncbi,s3","gs.US,ncbi.public,s3.us-east-1",SRX764650,GSM1550971,Illumina HiSeq 2000,PAIRED,ChIP,GENOMIC,Homo sapiens,ILLUMINA,2015-08-20T00:00:00Z,GSM1550971,Lymphoblastoid Cell Line,SRP050082,H3K4ME1
SRR1658291,ChIP-Seq,202,5627999972,PRJNA268086,SAMN03202795,3835302322,GM19116,GEO,public,"fastq,sra","gs,ncbi,s3","gs.US,ncbi.public,s3.us-east-1",SRX764651,GSM1550972,Illumina HiSeq 2000,PAIRED,ChIP,GENOMIC,Homo sapiens,ILLUMINA,2015-08-20T00:00:00Z,GSM1550972,Lymphoblastoid Cell Line,SRP050082,H3K4ME3
SRR1658292,ChIP-Seq,202,7581836286,PRJNA268086,SAMN03202821,5425505233,GM18502,GEO,public,"fastq,sra","gs,ncbi,s3","gs.US,ncbi.public,s3.us-east-1",SRX764652,GSM1550973,Illumina HiSeq 2000,PAIRED,ChIP,GENOMIC,Homo sapiens,ILLUMINA,2015-08-20T00:00:00Z,GSM1550973,Lymphoblastoid Cell Line,SRP050082,H3K4ME3
SRR1658293,ChIP-Seq,202,5973009306,PRJNA268086,SAMN03202743,3844713212,GM19152,GEO,public,"fastq,sra","gs,ncbi,s3","gs.US,ncbi.public,s3.us-east-1",SRX764653,GSM1550974,Illumina HiSeq 2000,PAIRED,ChIP,GENOMIC,Homo sapiens,ILLUMINA,2015-08-20T00:00:00Z,GSM1550974,Lymphoblastoid Cell Line,SRP050082,H3K4ME1
SRR1658294,ChIP-Seq,202,7133131464,PRJNA268086,SAMN03202746,4973169236,GM19152,GEO,public,"fastq,sra","gs,ncbi,s3","gs.US,ncbi.public,s3.us-east-1",SRX764654,GSM1550975,Illumina HiSeq 2000,PAIRED,ChIP,GENOMIC,Homo sapiens,ILLUMINA,2015-08-20T00:00:00Z,GSM1550975,Lymphoblastoid Cell Line,SRP050082,H3K4ME3
SRR1658295,ChIP-Seq,202,5023896954,PRJNA268086,SAMN03202768,3400149788,GM18489,GEO,public,"fastq,sra","gs,ncbi,s3","gs.US,ncbi.public,s3.us-east-1",SRX764655,GSM1550976,Illumina HiSeq 2000,PAIRED,ChIP,GENOMIC,Homo sapiens,ILLUMINA,2015-08-20T00:00:00Z,GSM1550976,Lymphoblastoid Cell Line,SRP050082,H3K27AC
SRR1658296,ChIP-Seq,202,6839707880,PRJNA268086,SAMN03202715,4344049003,GM18510,GEO,public,"fastq,sra","gs,ncbi,s3","gs.US,ncbi.public,s3.us-east-1",SRX764656,GSM1550977,Illumina HiSeq 2000,PAIRED,ChIP,GENOMIC,Homo sapiens,ILLUMINA,2015-08-20T00:00:00Z,GSM1550977,Lymphoblastoid Cell Line,SRP050082,H3K27AC
SRR1658297,ChIP-Seq,202,6384673994,PRJNA268086,SAMN03202804,4351807632,GM18508,GEO,public,"fastq,sra","gs,ncbi,s3","gs.US,ncbi.public,s3.us-east-1",SRX764657,GSM1550978,Illumina HiSeq 2000,PAIRED,ChIP,GENOMIC,Homo sapiens,ILLUMINA,2015-08-20T00:00:00Z,GSM1550978,Lymphoblastoid Cell Line,SRP050082,H3K4ME3
SRR1658298,ChIP-Seq,202,5441201886,PRJNA268086,SAMN03202798,3639450597,GM18508,GEO,public,"fastq,sra","gs,ncbi,s3","gs.US,ncbi.public,s3.us-east-1",SRX764658,GSM1550979,Illumina HiSeq 2000,PAIRED,ChIP,GENOMIC,Homo sapiens,ILLUMINA,2015-08-20T00:00:00Z,GSM1550979,Lymphoblastoid Cell Line,SRP050082,H3K4ME1
SRR1658299,ChIP-Seq,202,5894604420,PRJNA268086,SAMN03202777,4015003579,GM19223,GEO,public,"fastq,sra","gs,ncbi,s3","gs.US,ncbi.public,s3.us-east-1",SRX764659,GSM1550980,Illumina HiSeq 2000,PAIRED,ChIP,GENOMIC,Homo sapiens,ILLUMINA,2015-08-20T00:00:00Z,GSM1550980,Lymphoblastoid Cell Line,SRP050082,H3K4ME3
SRR1658300,ChIP-Seq,202,4774609158,PRJNA268086,SAMN03202788,3436069395,GM19207,GEO,public,"fastq,sra","gs,ncbi,s3","gs.US,ncbi.public,s3.us-east-1",SRX764660,GSM1550981,Illumina HiSeq 2000,PAIRED,ChIP,GENOMIC,Homo sapiens,ILLUMINA,2015-08-20T00:00:00Z,GSM1550981,Lymphoblastoid Cell Line,SRP050082,H3K4ME1
SRR1658301,ChIP-Seq,202,5183073964,PRJNA268086,SAMN03202703,3495436686,GM19207,GEO,public,"fastq,sra","gs,ncbi,s3","gs.US,ncbi.public,s3.us-east-1",SRX764661,GSM1550982,Illumina HiSeq 2000,PAIRED,ChIP,GENOMIC,Homo sapiens,ILLUMINA,2015-08-20T00:00:00Z,GSM1550982,Lymphoblastoid Cell Line,SRP050082,H3K4ME3
SRR1658302,ChIP-Seq,202,5988992354,PRJNA268086,SAMN03202753,4051014694,GM18522,GEO,public,"fastq,sra","gs,ncbi,s3","gs.US,ncbi.public,s3.us-east-1",SRX764662,GSM1550983,Illumina HiSeq 2000,PAIRED,ChIP,GENOMIC,Homo sapiens,ILLUMINA,2015-08-20T00:00:00Z,GSM1550983,Lymphoblastoid Cell Line,SRP050082,H3K4ME3
SRR1658303,ChIP-Seq,202,4164738434,PRJNA268086,SAMN03202679,2798392513,GM18916,GEO,public,"fastq,sra","gs,ncbi,s3","gs.US,ncbi.public,s3.us-east-1",SRX764663,GSM1550984,Illumina HiSeq 2000,PAIRED,ChIP,GENOMIC,Homo sapiens,ILLUMINA,2015-08-20T00:00:00Z,GSM1550984,Lymphoblastoid Cell Line,SRP050082,H3K27AC
SRR1658304,ChIP-Seq,202,6158465910,PRJNA268086,SAMN03202719,4044641067,GM18522,GEO,public,"fastq,sra","gs,ncbi,s3","gs.US,ncbi.public,s3.us-east-1",SRX764664,GSM1550985,Illumina HiSeq 2000,PAIRED,ChIP,GENOMIC,Homo sapiens,ILLUMINA,2015-08-20T00:00:00Z,GSM1550985,Lymphoblastoid Cell Line,SRP050082,H3K4ME1
SRR1658305,ChIP-Seq,202,5643821622,PRJNA268086,SAMN03202781,3674940946,GM19223,GEO,public,"fastq,sra","gs,ncbi,s3","gs.US,ncbi.public,s3.us-east-1",SRX764665,GSM1550986,Illumina HiSeq 2000,PAIRED,ChIP,GENOMIC,Homo sapiens,ILLUMINA,2015-08-20T00:00:00Z,GSM1550986,Lymphoblastoid Cell Line,SRP050082,H3K4ME1
SRR1658306,ChIP-Seq,202,6496155774,PRJNA268086,SAMN03202707,4342168335,GM18498,GEO,public,"fastq,sra","gs,ncbi,s3","gs.US,ncbi.public,s3.us-east-1",SRX764666,GSM1550987,Illumina HiSeq 2000,PAIRED,ChIP,GENOMIC,Homo sapiens,ILLUMINA,2015-08-20T00:00:00Z,GSM1550987,Lymphoblastoid Cell Line,SRP050082,H3K27AC
SRR1658307,ChIP-Seq,202,7000212232,PRJNA268086,SAMN03202802,4874266345,GM19172,GEO,public,"fastq,sra","gs,ncbi,s3","gs.US,ncbi.public,s3.us-east-1",SRX764667,GSM1550988,Illumina HiSeq 2000,PAIRED,ChIP,GENOMIC,Homo sapiens,ILLUMINA,2015-08-20T00:00:00Z,GSM1550988,Lymphoblastoid Cell Line,SRP050082,H3K4ME3
SRR1658308,ChIP-Seq,202,5828569408,PRJNA268086,SAMN03202752,3738096832,GM19172,GEO,public,"fastq,sra","gs,ncbi,s3","gs.US,ncbi.public,s3.us-east-1",SRX764668,GSM1550989,Illumina HiSeq 2000,PAIRED,ChIP,GENOMIC,Homo sapiens,ILLUMINA,2015-08-20T00:00:00Z,GSM1550989,Lymphoblastoid Cell Line,SRP050082,H3K4ME1
SRR1658309,ChIP-Seq,202,6187961950,PRJNA268086,SAMN03202792,4045780226,GM18498,GEO,public,"fastq,sra","gs,ncbi,s3","gs.US,ncbi.public,s3.us-east-1",SRX764669,GSM1550990,Illumina HiSeq 2000,PAIRED,ChIP,GENOMIC,Homo sapiens,ILLUMINA,2015-08-20T00:00:00Z,GSM1550990,Lymphoblastoid Cell Line,SRP050082,H3K27AC
SRR1658310,ChIP-Seq,202,5811134788,PRJNA268086,SAMN03202779,3815821623,GM18502,GEO,public,"fastq,sra","gs,ncbi,s3","gs.US,ncbi.public,s3.us-east-1",SRX764670,GSM1550991,Illumina HiSeq 2000,PAIRED,ChIP,GENOMIC,Homo sapiens,ILLUMINA,2015-08-20T00:00:00Z,GSM1550991,Lymphoblastoid Cell Line,SRP050082,H3K27AC
SRR1658311,ChIP-Seq,202,6328193986,PRJNA268086,SAMN03202721,4240183824,GM19093,GEO,public,"fastq,sra","gs,ncbi,s3","gs.US,ncbi.public,s3.us-east-1",SRX764671,GSM1550992,Illumina HiSeq 2000,PAIRED,ChIP,GENOMIC,Homo sapiens,ILLUMINA,2015-08-20T00:00:00Z,GSM1550992,Lymphoblastoid Cell Line,SRP050082,H3K27AC
SRR1658312,ChIP-Seq,202,6457938182,PRJNA268086,SAMN03202718,4311303916,GM18856,GEO,public,"fastq,sra","gs,ncbi,s3","gs.US,ncbi.public,s3.us-east-1",SRX764672,GSM1550993,Illumina HiSeq 2000,PAIRED,ChIP,GENOMIC,Homo sapiens,ILLUMINA,2015-08-20T00:00:00Z,GSM1550993,Lymphoblastoid Cell Line,SRP050082,H3K27AC
SRR1658313,ChIP-Seq,202,5110471730,PRJNA268086,SAMN03202806,3333158270,GM18858,GEO,public,"fastq,sra","gs,ncbi,s3","gs.US,ncbi.public,s3.us-east-1",SRX764673,GSM1550994,Illumina HiSeq 2000,PAIRED,ChIP,GENOMIC,Homo sapiens,ILLUMINA,2015-08-20T00:00:00Z,GSM1550994,Lymphoblastoid Cell Line,SRP050082,H3K4ME1
SRR1658314,ChIP-Seq,202,5292394344,PRJNA268086,SAMN03202701,3612890806,GM18501,GEO,public,"fastq,sra","gs,ncbi,s3","gs.US,ncbi.public,s3.us-east-1",SRX764674,GSM1550995,Illumina HiSeq 2000,PAIRED,ChIP,GENOMIC,Homo sapiens,ILLUMINA,2015-08-20T00:00:00Z,GSM1550995,Lymphoblastoid Cell Line,SRP050082,H3K4ME3
SRR1658315,ChIP-Seq,202,5735229046,PRJNA268086,SAMN03202735,3678621564,GM18858,GEO,public,"fastq,sra","gs,ncbi,s3","gs.US,ncbi.public,s3.us-east-1",SRX764675,GSM1550996,Illumina HiSeq 2000,PAIRED,ChIP,GENOMIC,Homo sapiens,ILLUMINA,2015-08-20T00:00:00Z,GSM1550996,Lymphoblastoid Cell Line,SRP050082,H3K4ME3
SRR1658316,ChIP-Seq,202,5815889666,PRJNA268086,SAMN03202683,3805234727,GM18501,GEO,public,"fastq,sra","gs,ncbi,s3","gs.US,ncbi.public,s3.us-east-1",SRX764676,GSM1550997,Illumina HiSeq 2000,PAIRED,ChIP,GENOMIC,Homo sapiens,ILLUMINA,2015-08-20T00:00:00Z,GSM1550997,Lymphoblastoid Cell Line,SRP050082,H3K4ME1
SRR1658317,ChIP-Seq,202,5671870130,PRJNA268086,SAMN03202837,3727811318,GM19099,GEO,public,"fastq,sra","gs,ncbi,s3","gs.US,ncbi.public,s3.us-east-1",SRX764677,GSM1550998,Illumina HiSeq 2000,PAIRED,ChIP,GENOMIC,Homo sapiens,ILLUMINA,2015-08-20T00:00:00Z,GSM1550998,Lymphoblastoid Cell Line,SRP050082,H3K27AC
SRR1658318,ChIP-Seq,202,6153495498,PRJNA268086,SAMN03202716,4038530322,GM18907,GEO,public,"fastq,sra","gs,ncbi,s3","gs.US,ncbi.public,s3.us-east-1",SRX764678,GSM1550999,Illumina HiSeq 2000,PAIRED,ChIP,GENOMIC,Homo sapiens,ILLUMINA,2015-08-20T00:00:00Z,GSM1550999,Lymphoblastoid Cell Line,SRP050082,H3K27AC
SRR1658319,ChIP-Seq,202,6432118340,PRJNA268086,SAMN03202669,4206045000,GM19131,GEO,public,"fastq,sra","gs,ncbi,s3","gs.US,ncbi.public,s3.us-east-1",SRX764679,GSM1551000,Illumina HiSeq 2000,PAIRED,ChIP,GENOMIC,Homo sapiens,ILLUMINA,2015-08-20T00:00:00Z,GSM1551000,Lymphoblastoid Cell Line,SRP050082,H3K27AC
SRR1658320,ChIP-Seq,202,5912929052,PRJNA268086,SAMN03202783,3932437574,GM18858,GEO,public,"fastq,sra","gs,ncbi,s3","gs.US,ncbi.public,s3.us-east-1",SRX764680,GSM1551001,Illumina HiSeq 2000,PAIRED,ChIP,GENOMIC,Homo sapiens,ILLUMINA,2015-08-20T00:00:00Z,GSM1551001,Lymphoblastoid Cell Line,SRP050082,H3K27AC
SRR1658321,ChIP-Seq,202,5687352016,PRJNA268086,SAMN03202667,3790180207,GM18871,GEO,public,"fastq,sra","gs,ncbi,s3","gs.US,ncbi.public,s3.us-east-1",SRX764681,GSM1551002,Illumina HiSeq 2000,PAIRED,ChIP,GENOMIC,Homo sapiens,ILLUMINA,2015-08-20T00:00:00Z,GSM1551002,Lymphoblastoid Cell Line,SRP050082,H3K4ME3
SRR1658322,ChIP-Seq,202,4862887400,PRJNA268086,SAMN03202668,3208485809,GM18871,GEO,public,"fastq,sra","gs,ncbi,s3","gs.US,ncbi.public,s3.us-east-1",SRX764682,GSM1551003,Illumina HiSeq 2000,PAIRED,ChIP,GENOMIC,Homo sapiens,ILLUMINA,2015-08-20T00:00:00Z,GSM1551003,Lymphoblastoid Cell Line,SRP050082,H3K4ME1
SRR1658323,ChIP-Seq,202,4964278674,PRJNA268086,SAMN03202805,3275967688,GM19223,GEO,public,"fastq,sra","gs,ncbi,s3","gs.US,ncbi.public,s3.us-east-1",SRX764683,GSM1551004,Illumina HiSeq 2000,PAIRED,ChIP,GENOMIC,Homo sapiens,ILLUMINA,2015-08-20T00:00:00Z,GSM1551004,Lymphoblastoid Cell Line,SRP050082,H3K27AC
SRR1658324,ChIP-Seq,202,5620688582,PRJNA268086,SAMN03202704,3674860407,GM18871,GEO,public,"fastq,sra","gs,ncbi,s3","gs.US,ncbi.public,s3.us-east-1",SRX764684,GSM1551005,Illumina HiSeq 2000,PAIRED,ChIP,GENOMIC,Homo sapiens,ILLUMINA,2015-08-20T00:00:00Z,GSM1551005,Lymphoblastoid Cell Line,SRP050082,H3K27AC
SRR1658325,ChIP-Seq,202,5985827418,PRJNA268086,SAMN03202740,3932186417,GM19201,GEO,public,"fastq,sra","gs,ncbi,s3","gs.US,ncbi.public,s3.us-east-1",SRX764685,GSM1551006,Illumina HiSeq 2000,PAIRED,ChIP,GENOMIC,Homo sapiens,ILLUMINA,2015-08-20T00:00:00Z,GSM1551006,Lymphoblastoid Cell Line,SRP050082,H3K27AC
SRR1658326,ChIP-Seq,202,5505536462,PRJNA268086,SAMN03202749,3694221736,GM19201,GEO,public,"fastq,sra","gs,ncbi,s3","gs.US,ncbi.public,s3.us-east-1",SRX764686,GSM1551007,Illumina HiSeq 2000,PAIRED,ChIP,GENOMIC,Homo sapiens,ILLUMINA,2015-08-20T00:00:00Z,GSM1551007,Lymphoblastoid Cell Line,SRP050082,H3K4ME3
SRR1658327,ChIP-Seq,202,5146310570,PRJNA268086,SAMN03202893,3709535610,GM19201,GEO,public,"fastq,sra","gs,ncbi,s3","gs.US,ncbi.public,s3.us-east-1",SRX764687,GSM1551008,Illumina HiSeq 2000,PAIRED,ChIP,GENOMIC,Homo sapiens,ILLUMINA,2015-08-20T00:00:00Z,GSM1551008,Lymphoblastoid Cell Line,SRP050082,H3K4ME1
SRR1658328,ChIP-Seq,202,5631615772,PRJNA268086,SAMN03202843,3746491109,GM19153,GEO,public,"fastq,sra","gs,ncbi,s3","gs.US,ncbi.public,s3.us-east-1",SRX764688,GSM1551009,Illumina HiSeq 2000,PAIRED,ChIP,GENOMIC,Homo sapiens,ILLUMINA,2015-08-20T00:00:00Z,GSM1551009,Lymphoblastoid Cell Line,SRP050082,H3K27AC
SRR1658329,ChIP-Seq,202,6767668216,PRJNA268086,SAMN03202888,4500619276,GM19144,GEO,public,"fastq,sra","gs,ncbi,s3","gs.US,ncbi.public,s3.us-east-1",SRX764689,GSM1551010,Illumina HiSeq 2000,PAIRED,ChIP,GENOMIC,Homo sapiens,ILLUMINA,2015-08-20T00:00:00Z,GSM1551010,Lymphoblastoid Cell Line,SRP050082,H3K4ME3
SRR1658330,ChIP-Seq,202,6494415948,PRJNA268086,SAMN03202848,4389999282,GM19143,GEO,public,"fastq,sra","gs,ncbi,s3","gs.US,ncbi.public,s3.us-east-1",SRX764690,GSM1551011,Illumina HiSeq 2000,PAIRED,ChIP,GENOMIC,Homo sapiens,ILLUMINA,2015-08-20T00:00:00Z,GSM1551011,Lymphoblastoid Cell Line,SRP050082,H3K4ME3
SRR1658331,ChIP-Seq,202,5968697414,PRJNA268086,SAMN03202891,3961631837,GM19143,GEO,public,"fastq,sra","gs,ncbi,s3","gs.US,ncbi.public,s3.us-east-1",SRX764691,GSM1551012,Illumina HiSeq 2000,PAIRED,ChIP,GENOMIC,Homo sapiens,ILLUMINA,2015-08-20T00:00:00Z,GSM1551012,Lymphoblastoid Cell Line,SRP050082,H3K4ME1
SRR1658332,ChIP-Seq,202,5117689998,PRJNA268086,SAMN03202847,3163275161,GM19153,GEO,public,"fastq,sra","gs,ncbi,s3","gs.US,ncbi.public,s3.us-east-1",SRX764692,GSM1551013,Illumina HiSeq 2000,PAIRED,ChIP,GENOMIC,Homo sapiens,ILLUMINA,2015-08-20T00:00:00Z,GSM1551013,Lymphoblastoid Cell Line,SRP050082,H3K4ME1
SRR1658333,ChIP-Seq,202,5927336096,PRJNA268086,SAMN03202853,3953709942,GM19153,GEO,public,"fastq,sra","gs,ncbi,s3","gs.US,ncbi.public,s3.us-east-1",SRX764693,GSM1551014,Illumina HiSeq 2000,PAIRED,ChIP,GENOMIC,Homo sapiens,ILLUMINA,2015-08-20T00:00:00Z,GSM1551014,Lymphoblastoid Cell Line,SRP050082,H3K4ME3
SRR1658334,ChIP-Seq,202,5929151066,PRJNA268086,SAMN03202879,3845817190,GM19210,GEO,public,"fastq,sra","gs,ncbi,s3","gs.US,ncbi.public,s3.us-east-1",SRX764694,GSM1551015,Illumina HiSeq 2000,PAIRED,ChIP,GENOMIC,Homo sapiens,ILLUMINA,2015-08-20T00:00:00Z,GSM1551015,Lymphoblastoid Cell Line,SRP050082,H3K4ME1
SRR1658335,ChIP-Seq,202,5755692858,PRJNA268086,SAMN03202878,3995397552,GM19210,GEO,public,"fastq,sra","gs,ncbi,s3","gs.US,ncbi.public,s3.us-east-1",SRX764695,GSM1551016,Illumina HiSeq 2000,PAIRED,ChIP,GENOMIC,Homo sapiens,ILLUMINA,2015-08-20T00:00:00Z,GSM1551016,Lymphoblastoid Cell Line,SRP050082,H3K4ME3
SRR1658336,ChIP-Seq,202,5446365814,PRJNA268086,SAMN03202875,3445587289,GM19144,GEO,public,"fastq,sra","gs,ncbi,s3","gs.US,ncbi.public,s3.us-east-1",SRX764696,GSM1551017,Illumina HiSeq 2000,PAIRED,ChIP,GENOMIC,Homo sapiens,ILLUMINA,2015-08-20T00:00:00Z,GSM1551017,Lymphoblastoid Cell Line,SRP050082,H3K4ME1
SRR1658337,ChIP-Seq,202,5484967812,PRJNA268086,SAMN03202865,3728635598,GM19159,GEO,public,"fastq,sra","gs,ncbi,s3","gs.US,ncbi.public,s3.us-east-1",SRX764697,GSM1551018,Illumina HiSeq 2000,PAIRED,ChIP,GENOMIC,Homo sapiens,ILLUMINA,2015-08-20T00:00:00Z,GSM1551018,Lymphoblastoid Cell Line,SRP050082,H3K4ME3
SRR1658338,ChIP-Seq,202,5710006114,PRJNA268086,SAMN03202840,3719524120,GM19159,GEO,public,"fastq,sra","gs,ncbi,s3","gs.US,ncbi.public,s3.us-east-1",SRX764698,GSM1551019,Illumina HiSeq 2000,PAIRED,ChIP,GENOMIC,Homo sapiens,ILLUMINA,2015-08-20T00:00:00Z,GSM1551019,Lymphoblastoid Cell Line,SRP050082,H3K4ME1
SRR1658339,ChIP-Seq,202,5979416544,PRJNA268086,SAMN03202856,3923411099,GM19159,GEO,public,"fastq,sra","gs,ncbi,s3","gs.US,ncbi.public,s3.us-east-1",SRX764699,GSM1551020,Illumina HiSeq 2000,PAIRED,ChIP,GENOMIC,Homo sapiens,ILLUMINA,2015-08-20T00:00:00Z,GSM1551020,Lymphoblastoid Cell Line,SRP050082,H3K27AC
SRR1658340,ChIP-Seq,202,6554890708,PRJNA268086,SAMN03202868,4140035605,GM19144,GEO,public,"fastq,sra","gs,ncbi,s3","gs.US,ncbi.public,s3.us-east-1",SRX764700,GSM1551021,Illumina HiSeq 2000,PAIRED,ChIP,GENOMIC,Homo sapiens,ILLUMINA,2015-08-20T00:00:00Z,GSM1551021,Lymphoblastoid Cell Line,SRP050082,H3K27AC
SRR1658341,ChIP-Seq,202,5743407218,PRJNA268086,SAMN03202892,3891716697,GM19143,GEO,public,"fastq,sra","gs,ncbi,s3","gs.US,ncbi.public,s3.us-east-1",SRX764701,GSM1551022,Illumina HiSeq 2000,PAIRED,ChIP,GENOMIC,Homo sapiens,ILLUMINA,2015-08-20T00:00:00Z,GSM1551022,Lymphoblastoid Cell Line,SRP050082,H3K27AC
SRR1658342,ChIP-Seq,202,5034520740,PRJNA268086,SAMN03202877,3370115326,GM19210,GEO,public,"fastq,sra","gs,ncbi,s3","gs.US,ncbi.public,s3.us-east-1",SRX764702,GSM1551023,Illumina HiSeq 2000,PAIRED,ChIP,GENOMIC,Homo sapiens,ILLUMINA,2015-08-20T00:00:00Z,GSM1551023,Lymphoblastoid Cell Line,SRP050082,H3K27AC
SRR1802420,OTHER,202,37361017666,PRJNA268086,SAMN03342393,24194628569,GM12878,GEO,public,"fastq,sra","gs,ncbi,s3","gs.US,ncbi.public,s3.us-east-1",SRX876306,GSM1608505,Illumina HiSeq 2000,PAIRED,other,GENOMIC,Homo sapiens,ILLUMINA,2015-08-20T00:00:00Z,GSM1608505,Lymphoblastoid Cell Line,SRP050082,
SRR1802421,OTHER,202,36705996104,PRJNA268086,SAMN03342394,23691777841,GM12878,GEO,public,"fastq,sra","gs,ncbi,s3","gs.US,ncbi.public,s3.us-east-1",SRX876307,GSM1608506,Illumina HiSeq 2000,PAIRED,other,GENOMIC,Homo sapiens,ILLUMINA,2015-08-20T00:00:00Z,GSM1608506,Lymphoblastoid Cell Line,SRP050082,
SRR1802422,OTHER,202,37089823172,PRJNA268086,SAMN03342391,23950526025,GM12878,GEO,public,"fastq,sra","gs,ncbi,s3","gs.US,ncbi.public,s3.us-east-1",SRX876308,GSM1608507,Illumina HiSeq 2000,PAIRED,other,GENOMIC,Homo sapiens,ILLUMINA,2015-08-20T00:00:00Z,GSM1608507,Lymphoblastoid Cell Line,SRP050082,
SRR1802423,OTHER,202,38046633340,PRJNA268086,SAMN03342392,24576106319,GM12878,GEO,public,"fastq,sra","gs,ncbi,s3","gs.US,ncbi.public,s3.us-east-1",SRX876309,GSM1608508,Illumina HiSeq 2000,PAIRED,other,GENOMIC,Homo sapiens,ILLUMINA,2015-08-20T00:00:00Z,GSM1608508,Lymphoblastoid Cell Line,SRP050082,
SRR1802424,OTHER,202,27936486678,PRJNA268086,SAMN03342390,17834360449,GM12878,GEO,public,"fastq,sra","gs,ncbi,s3","gs.US,ncbi.public,s3.us-east-1",SRX876310,GSM1608509,Illumina HiSeq 2000,PAIRED,other,GENOMIC,Homo sapiens,ILLUMINA,2015-08-20T00:00:00Z,GSM1608509,Lymphoblastoid Cell Line,SRP050082,
SRR1802425,OTHER,202,28353105012,PRJNA268086,SAMN03342402,18106330298,GM12878,GEO,public,"fastq,sra","gs,ncbi,s3","gs.US,ncbi.public,s3.us-east-1",SRX876311,GSM1608510,Illumina HiSeq 2000,PAIRED,other,GENOMIC,Homo sapiens,ILLUMINA,2015-08-20T00:00:00Z,GSM1608510,Lymphoblastoid Cell Line,SRP050082,
SRR1802426,OTHER,202,22694819382,PRJNA268086,SAMN03342398,13117946522,GM12878,GEO,public,"fastq,sra","gs,ncbi,s3","gs.US,ncbi.public,s3.us-east-1",SRX876312,GSM1608511,Illumina HiSeq 2000,PAIRED,other,GENOMIC,Homo sapiens,ILLUMINA,2015-08-20T00:00:00Z,GSM1608511,Lymphoblastoid Cell Line,SRP050082,
SRR1802427,ChIA-PET,202,7789566218,PRJNA268086,SAMN03342401,5063332983,GM12878,GEO,public,"fastq,sra","gs,ncbi,s3","gs.US,ncbi.public,s3.us-east-1",SRX876313,GSM1608512,Illumina HiSeq 2000,PAIRED,ChIP,GENOMIC,Homo sapiens,ILLUMINA,2015-08-20T00:00:00Z,GSM1608512,Lymphoblastoid Cell Line,SRP050082,Rad21
SRR1802428,ChIA-PET,202,24640541154,PRJNA268086,SAMN03342400,17329084220,GM12878,GEO,public,"fastq,sra","gs,ncbi,s3","gs.US,ncbi.public,s3.us-east-1",SRX876314,GSM1608513,Illumina HiSeq 2000,PAIRED,ChIP,GENOMIC,Homo sapiens,ILLUMINA,2015-08-20T00:00:00Z,GSM1608513,Lymphoblastoid Cell Line,SRP050082,Rad21
SRR1802429,ChIA-PET,202,30202126152,PRJNA268086,SAMN03342395,18649466467,GM12878,GEO,public,"fastq,sra","gs,ncbi,s3","gs.US,ncbi.public,s3.us-east-1",SRX876315,GSM1608514,Illumina HiSeq 2000,PAIRED,ChIP,GENOMIC,Homo sapiens,ILLUMINA,2015-08-20T00:00:00Z,GSM1608514,Lymphoblastoid Cell Line,SRP050082,Rad21
SRR1802430,ChIA-PET,202,34722587394,PRJNA268086,SAMN03342405,20983824227,GM12878,GEO,public,"fastq,sra","gs,ncbi,s3","gs.US,ncbi.public,s3.us-east-1",SRX876316,GSM1608515,Illumina HiSeq 2000,PAIRED,ChIP,GENOMIC,Homo sapiens,ILLUMINA,2015-08-20T00:00:00Z,GSM1608515,Lymphoblastoid Cell Line,SRP050082,Rad21
SRR1802431,ChIA-PET,200,3068112600,PRJNA268086,SAMN03342404,1488129852,GM12878,GEO,public,"fastq,sra","gs,ncbi,s3","gs.US,ncbi.public,s3.us-east-1",SRX876317,GSM1608516,Illumina MiSeq,PAIRED,ChIP,GENOMIC,Homo sapiens,ILLUMINA,2015-08-20T00:00:00Z,GSM1608516,Lymphoblastoid Cell Line,SRP050082,H3K4me3
SRR1802432,ChIA-PET,202,29468548810,PRJNA268086,SAMN03342397,17843657405,GM12878,GEO,public,"fastq,sra","gs,ncbi,s3","gs.US,ncbi.public,s3.us-east-1",SRX876318,GSM1608517,Illumina HiSeq 2000,PAIRED,ChIP,GENOMIC,Homo sapiens,ILLUMINA,2015-08-20T00:00:00Z,GSM1608517,Lymphoblastoid Cell Line,SRP050082,H3K4me3
SRR1802433,ChIA-PET,202,29335459696,PRJNA268086,SAMN03342399,20842554467,GM12878,GEO,public,"fastq,sra","gs,ncbi,s3","gs.US,ncbi.public,s3.us-east-1",SRX876319,GSM1608518,Illumina HiSeq 2000,PAIRED,ChIP,GENOMIC,Homo sapiens,ILLUMINA,2015-08-20T00:00:00Z,GSM1608518,Lymphoblastoid Cell Line,SRP050082,H3K4me3
SRR1802434,ChIA-PET,202,36582793274,PRJNA268086,SAMN03342396,22107931017,GM12878,GEO,public,"fastq,sra","gs,ncbi,s3","gs.US,ncbi.public,s3.us-east-1",SRX876320,GSM1608519,Illumina HiSeq 2000,PAIRED,ChIP,GENOMIC,Homo sapiens,ILLUMINA,2015-08-20T00:00:00Z,GSM1608519,Lymphoblastoid Cell Line,SRP050082,H3K4me3
SRR1802435,ChIA-PET,202,32464126192,PRJNA268086,SAMN03342403,20585908865,GM12878,GEO,public,"fastq,sra","gs,ncbi,s3","gs.US,ncbi.public,s3.us-east-1",SRX876321,GSM1608520,Illumina HiSeq 2000,PAIRED,ChIP,GENOMIC,Homo sapiens,ILLUMINA,2015-08-20T00:00:00Z,GSM1608520,Lymphoblastoid Cell Line,SRP050082,H3K4me3
